
> orca-web@0.1.0 test
> node --test tests/unit/*.test.js tests/integration/*.test.js

✔ HTTP all-plate statistics bind two completed native project jobs and never count a missing or deleted result (482.263583ms)
✔ HTTP all-plate endpoint rejects client-supplied cohort IDs and requires owned ready jobs (300.581708ms)
✔ native selection flows through upload, typed overrides, status, and G-code download (901.9945ms)
✔ rejects bad file types, empty files, malformed settings, invalid IDs and incompatible presets without leaving uploads (503.16925ms)
✔ preset defaults remain intact when an unrelated setting is overridden (244.42325ms)
✔ simultaneous queued requests retain distinct geometry markers and preset choices (614.425875ms)
✔ surfaces slicer errors and blocks failed-job downloads (263.625833ms)
✔ active jobs cannot be deleted; completed history and output can be deleted (586.103167ms)
✔ health reports missing executable and requests fail before entering queue (59.716333ms)
✔ missing preset resources report degraded service; unknown API routes return JSON (95.33375ms)
✔ upload limit rejects oversized data and cleans partial files (115.673333ms)
✔ embedded 3MF host scripts are rejected before creating a native job (126.376209ms)
✔ bound temperature measurement saves only its explicit native fields once with original template compatibility (415.010125ms)
✔ bound pressure-advance measurement saves only its explicit native fields once with original template compatibility (398.542041ms)
✔ bound retraction measurement saves only its explicit native fields once with original template compatibility (106.800417ms)
✔ bound max-volumetric-speed measurement saves only its explicit native fields once with original template compatibility (213.693041ms)
✔ stale measured-result sessions cannot save after preset changes or expiry (154.019375ms)
✔ prepare binds a random token to exact STL bytes, native preset snapshot and allowed parameters (238.050584ms)
✔ same IDs with changed resolved native configuration cannot reuse a calibration (143.984917ms)
✔ expired, evicted and unknown tokens require regeneration; cache is bounded (135.744708ms)
✔ prepare rejects extra user-supplied settings and unsupported modes before model work (136.5105ms)
✔ expensive native preparations are serialized by rejection and shutdown aborts active work (18.920417ms)
✔ disconnecting the prepare response aborts native work and frees the preparation slot (4022.398917ms)
✔ input shaping sessions bind model, firmware shaper, axis ranges and damping parameters (57.922416ms)
✔ cornering sessions bind native model and range without allowing a client-selected firmware parameter kind (42.555917ms)
✔ VFA sessions bind exact native geometry, preset snapshot and speed schedule (135.989541ms)
✔ max volumetric sessions bind the generated ramp and reject arbitrary nozzle and process overrides (189.031458ms)
✔ retraction sessions bind the native extrusion range and reject changed wipe metadata or settings (226.543958ms)
✔ native calibration resolution keeps scalar parsing and native sparse defaults consistent at preparation and validation (212.129041ms)
✔ calibration session binds inactive native material alternatives without using them as active values (230.289917ms)
✔ HTTP preparation reviews hidden native corrections and final save revalidates signed decisions durably (809.327083ms)
✔ HTTP custom preset CRUD/import/export is durable, typed, same-origin, and catalog-compatible (337.030709ms)
✔ Cut to parts route passes bounded frame and geometry input through shared worker queue and rejects wrong operations (148.31575ms)
✔ Cut to parts disconnect cancels active native work without waiting for a result (20.818125ms)
✔ Cut to parts reports native unavailability explicitly and never falls back to a different cutting algorithm (9.809208ms)
✔ connection API validates and redacts CRUD, preserving keys on edits and enforcing same-origin mutations (185.389458ms)
✔ Moonraker status uses reported objects, preserves URL prefixes, and distinguishes offline firmware (31.373ms)
✔ OctoPrint status handles disconnected printer 409 and exposes only available capabilities (24.41425ms)
✔ moonraker uploads only completed output without selecting/printing; starting requires explicit confirmation (97.421792ms)
✔ moonraker commands enforce confirmation, numeric validation, busy state, and map the native protocol (209.266042ms)
✔ octoprint uploads only completed output without selecting/printing; starting requires explicit confirmation (24.74125ms)
✔ octoprint commands enforce confirmation, numeric validation, busy state, and map the native protocol (249.658584ms)
✔ remote authentication errors and successful echo payloads never reveal API keys; failures release the lock (50.176083ms)
✔ in-flight commands lock same-device edit, delete, upload, and second commands; other connections remain usable (127.790875ms)
✔ HTTP adapter rejects redirects, invalid JSON, oversized bodies, and streamed timeouts without forwarding credentials (193.824ms)
✔ flow project token rejects geometry, grouping, ratio, visibility and selection changes (401.923667ms)
✔ flow result uses bound specimen formula, creates a new preset and deduplicates identical retries (83.866167ms)
✔ changed or expired source presets cannot save a measured flow result (316.237083ms)
✔ cached flow project export validates the exact token, parameters, presets and geometry before returning cached bytes (71.006625ms)
✔ expired or shutdown calibration exports require regeneration and never return cached model bytes (19.62275ms)
✔ owned hotend routes preserve system vendor identity, custom last-vendor semantics and deleted/changed preset independence (67.564542ms)
✔ explicit configured vendor assets win; stale hashes fail and missing vendor files use original native default (199.854416ms)
✔ older snapshots show visible fallback provenance and missing defaults remain unavailable (28.268292ms)
✔ hotend asset routes reject traversal, symlink escapes, corrupt geometry, oversized files and unbound reads (109.669ms)
✔ native hotend supports bounded ASCII STL without moving its coordinates (1.443667ms)
✔ native hotend selection and fallback paths match independently compiled original source (117.915083ms)
✔ catalog retains distinct index IDs and display names with defensive hotend metadata (54.4245ms)
✔ real app persists immutable printer-model bindings for multipart and embedded-project job creation (817.172625ms)
✔ running cancellation stops the native child, persists cancellation, and removes partial outputs (709.188041ms)
✔ queued cancellation returns while earlier work runs, is never started, and does not block subsequent jobs (481.619167ms)
✔ terminal cancellations are idempotent, retain ready downloads, and unknown jobs return 404 (583.3825ms)
✔ shutdown cancels both running and queued jobs with no surviving work or downloads (439.523708ms)
✔ startup cleans abandoned owned artifacts, preserves ready G-code, and leaves unrelated files untouched (347.412292ms)
✔ invalid job indexes stop startup before abandoned-file cleanup (4.493375ms)
✔ selection exposes native numeric bed geometry and placement is explicitly opt-in (640.332584ms)
✔ only complete matching owned project slices produce original native all-plate statistics (11.940917ms)
✔ unrelated geometry/config/engine versions, missing and failed plates never produce partial fabricated totals (0.751917ms)
✔ the viewed job anchors its own plate even when newer matching jobs exist (0.24875ms)
✔ job deletion, changed context, changed extruder metadata and helper replacement reject in-flight aggregation (11.382292ms)
✔ all-plate work serializes requests, honors cancellation and shutdown (1.446958ms)
✔ legacy jobs remain explicitly unavailable and unknown/nonready jobs keep ownership boundaries (0.274833ms)
✔ whole-operation timeout aborts native processing across the complete project request (17.030292ms)
✔ arrangement API prepares native geometry outside the bed without weakening export/slicing bounds (117.031459ms)
✔ arrangement rejects locked plates and invalid choices before worker admission, and returns explicit worker errors (114.841916ms)
✔ clipboard shares bounded geometry queue and shutdown rejects further requests (22.354917ms)
✔ app shutdown cancels active and waiting configuration HTTP requests and rejects future admission (240.905916ms)
✔ configuration HTTP endpoint preserves operational status instead of rewriting it to400 (91.267333ms)
✔ prepareGeometry forwards the caller signal through native preset resolution (25.799833ms)
✔ geometry route shutdown cancels configuration preparation before arrangement worker admission (16.153708ms)
✔ arrangement passes selected native temperature/nozzle vectors rather than archived alternatives (23.222584ms)
✔ Fill service ignores forged tower data, uses effective native presets, and omits redundant geometry from its reply (143.589667ms)
✔ Arrange prepares every plate for the existing tower and never accepts client-provided footprints (43.156708ms)
✔ linked Cut route passes bounded frame and geometry input through shared worker queue and rejects wrong operations (94.345291ms)
✔ linked Cut disconnect cancels active native work without waiting for a result (43.609458ms)
✔ linked Cut reports native unavailability explicitly and never falls back to one-instance Cut (57.081792ms)
✔ cross-setting preflight rejects native structural errors before queuing or retaining uploads (550.488292ms)
✔ native project preflight checks global settings, printable part overrides and native plate vase state (377.260709ms)
✔ native import stores original user diff and editor reset resolves the native parent rather than imported child (702.970333ms)
✔ root edit reloads direct native children while reopening resolves their nullable variant differences (935.833084ms)
✔ native parent cycles and helper failure do not overwrite persisted user diffs (158.179375ms)
✔ failure while reloading a root child leaves the entire save transaction and disk file unchanged (534.1375ms)
✔ native derived edits do not eagerly reload grandchildren; a restart applies their stored native diffs (872.31975ms)
✔ native-mode names follow portable reserved-name rules and root machine save retains only allowed settings (719.881709ms)
✔ same G-code with different immutable job palettes gets independent snapshot-bound results (9.855042ms)
✔ changed editor context invalidates cache even if G-code and helper identity stay identical (3.134875ms)
✔ editor snapshot mutation during native work rejects stale data and never mutates queued input (6.788334ms)
✔ old helpers and legacy jobs retain explicit standalone provenance instead of implying editor totals (7.757209ms)
✔ invalid stored snapshots are rejected before any native processing (3.889375ms)
✔ unavailable bounded job context reaches the response and participates in cache identity (5.309041ms)
✔ native preview HTTP route serves only owned ready jobs and retains native source identity (53.085458ms)
✔ cache invalidates changed G-code and worker identity and evicts by bounded entry count (22.642458ms)
✔ concurrent subscribers share native work; aborting one preserves the other and aborting all stops work (20.157959ms)
✔ job deletion during processing cannot cache or return orphaned native geometry (9.287709ms)
✔ capability endpoint reports actual identity or a missing helper without attempting job processing (11.231958ms)
✔ changing a helper during an in-flight job rejects stale identity and never caches the result (10.647833ms)
✔ ready-job snapshots reject symlinked output files and invalid cache budgets (8.197125ms)
✔ snapshot preparation is bounded before allocating input copies (4.402334ms)
✔ tower route resolves complete geometry and effective presets, ignoring browser-supplied native counts (105.651292ms)
✔ tower route rejects wrong response identity and reports unavailability without fabricated geometry (9.717667ms)
✔ tower disconnect aborts the native request and shutdown aborts remaining work (31.335958ms)
✔ contextual preset reads share app shutdown cancellation and preserve the service status (176.891291ms)
✔ native project routes import matching settings and export a project larger than the generic JSON limit (786.75475ms)
✔ native project routes reject unsafe embedded commands, wrong formats and invalid process overrides (127.888333ms)
✔ fresh native GUI archive imports and exports through strict HTTP project validation (88.53325ms)
✔ native part compensation options survive strict HTTP export without allowing host commands (45.875083ms)
✔ native process clipboard HTTP route returns typed source settings and preserves destination filament (186.991542ms)
✔ clipboard rejects mismatched scope, global-only settings, unbounded destinations and requests after shutdown (130.218291ms)
✔ process Paste accepts complete resolved catalog settings while keeping compatibility metadata out of native overrides (570.434791ms)
✔ multi-plate token validates the whole unchanged scene before selecting each trusted native archive (1732.322292ms)
✔ full native export retains all generated plates while selected export contains only its complete four layers (1745.007792ms)
✔ unknown, expired and altered-preset multi-plate requests never yield cached bytes (1273.611375ms)
✔ HTTP catalog evaluates printer/process expressions, library exclusion and native warnings (820.295416ms)
✔ HTTP configuration and slicing reject an expression selection after hardware becomes incompatible (340.620625ms)
✔ trusted catalog overlays use the same overridden compatibility in discovery and native admission (276.814167ms)
✔ native JSON dependencies preserve explicit lists, dormant expressions and unknown names across persistence/export (725.179417ms)
✔ imported native expressions control discovery and material print lists use original precedence (557.614875ms)
✔ incompatible imported presets stay editable but ordinary native resolution always enforces compatibility (1482.484417ms)
✔ native first system filament save seeds the base printer once, but process and derived custom saves retain All (1968.772875ms)
✔ native full-config condition groups remain bounded and survive project settings plus archive roundtrip (435.794541ms)
✔ native compatibility ancestry retains a derived custom parent when Save as new copies it (843.195375ms)
✔ ordinary slice snapshots resolved machine/filament properties durably with no user connection fields (688.998583ms)
✔ native editor project jobs bind embedded properties and active-plate event metadata without command bodies (366.2765ms)
✔ raw archive uploads do not falsely claim selected-preset editor provenance (254.004ms)
✔ bounded preview limitations do not reject a valid native configuration or invent summary defaults (259.694667ms)
✔ multipart slicing validates hidden native decisions and writes only the accepted source-derived value (776.800333ms)
✔ missing, stale, malformed and injected process decisions fail without jobs or abandoned uploads (463.519375ms)
✔ catalog-native projects preserve the decision after canonical preset flattening (447.077125ms)
✔ embedded native projects replay the same hidden decision before producing slicing and export bytes (391.228583ms)
✔ native project jobs select one plate, retain embedded settings, accept large projects, and clean temporary archives (988.182167ms)
✔ invalid native project settings and calibration payloads never queue native jobs (107.171959ms)
✔ direct project-import HTTP requests share the bounded native queue with raw helper callers (402.469041ms)
✔ original Preset::save emits parent differences and nullable variant nil markers, then native child loading resolves them (173.056458ms)
✔ user-diff projection matches captured independent complete native user-file loading (931.498625ms)
✔ independent user-file reference is pinned to retained inputs, generator and native worker sources (9.8305ms)
✔ native root-edit reload remains distinct from native user-file restart loading (214.833958ms)
✔ private server boundary retains original native diff, version, identity and full variants (130.419583ms)
✔ native sphere reaches connected back-facing surfaces while circle is view-facing and neither crosses disconnected shells (88.688042ms)
✔ circle brush uses projected radius; clipping and world overhang constraints restrict actual native subfacets (46.415834ms)
✔ subfacet bucket and triangle editing cross unequal shared edges without repainting other states (5.704625ms)
✔ gap fill uses strict local patch area and lowest adjacent state, preserving immutable snapshot decisions (0.573292ms)
✔ height paint and source native brush constraints reject invalid or excessive parameters (230.736416ms)
✔ native C++ polygon pipeline and source corner predicates: 81 outer/hole/negative/overlap/acute/tiny-edge cases (128.865875ms)
✔ default diameter uses native global first-layer width; strict right-angle boundary and duplicates preserve user ears (2.12225ms)
✔ mesh section honors grouped transforms and negatives, ignores modifiers, and rejects damaged topology (90.2455ms)
✔ disconnected ears connect through an ear chain without mutating geometry (1.388708ms)
✔ brim ear metadata rejects malformed, duplicate and unsupported native records (7.263959ms)
✔ native ears round trip by model index with plate offsets and object transforms (153.289417ms)
✔ ears follow grouped rebasing, mirror and placement while their diameter stays fixed (8.537709ms)
✔ part edits and deletion preserve object-level ears while part copies do not duplicate them (6.105583ms)
✔ finite capsule distances handle intersections, skew edges, parallel segments and degenerate projections (0.975375ms)
✔ continuous sphere and circle strokes cover the swept capsule between sparse pointer samples (282.070583ms)
✔ screen interpolation preserves facet transitions, curve bends and missed surfaces with bounded work (1.667959ms)
✔ explicit temperature measurement maps only to the source-defined filament settings (2.080125ms)
✔ explicit pressure-advance measurement maps only to the source-defined filament settings (0.406875ms)
✔ explicit retraction measurement maps only to the source-defined filament settings (0.282375ms)
✔ explicit max-volumetric-speed measurement maps only to the source-defined filament settings (0.20025ms)
✔ temperature requires a whole-degree value and no unsupported result is guessed (0.414ms)
✔ temperature plan uses native labelled block coordinates, nozzle scale and native preset scope (91.712334ms)
✔ calibration rejects unsupported modes, arbitrary keys, invalid ranges, oversized towers and multiple extruders (0.973875ms)
✔ PA plan derives bounded wall speed from the native flow area and 1 mm height schedule (0.321708ms)
✔ PA commands follow the selected native firmware flavor (5.889125ms)
✔ temperature interpolation follows the native first-two-layer and final-layer behavior (0.193458ms)
✔ postprocessor inserts actual calibration commands after native layer macros and preserves motion (1.166583ms)
✔ postprocessor refuses incompatible versions, missing anchors and inconsistent layer metadata (0.301291ms)
✔ clipped geometry is capped with consistent winding and preserves true volume (35.491417ms)
✔ clipping retains enclosed holes instead of filling the calibration cut solid (4.892583ms)
✔ calibration placement uses the real bed and rejects unsupported bed shapes (2.548917ms)
✔ input shaping generates native models and complete spiral, acceleration and cooling settings (0.723333ms)
✔ input shaping validates native ranges, firmware-specific types and request fields (0.792167ms)
✔ input shaping follows native frequency first-layer and second-layer firmware sequences (0.284042ms)
✔ damping preserves native zero no-op, initialization and float32 interpolation instead of fabricating resets (0.297333ms)
✔ only a final native spiral closing layer may repeat its preceding Z marker (0.241375ms)
✔ cornering maps positive Marlin junction deviation and other presets to native defaults and units (0.304209ms)
✔ cornering commands match native firmware parameters and zero no-op behavior (0.821459ms)
✔ cornering rejects overlapping schedule commands and removes stale time/progress while retaining material (19.508708ms)
✔ Bambu native layer and Z tags preserve temperature scheduling and original reserved comments (0.427208ms)
✔ fit keeps every corner of wide, tall and asymmetric objects within portrait and landscape camera frames (4.36125ms)
✔ camera fitting is translation invariant and validates malformed geometry and viewport dimensions (1.059667ms)
✔ custom prepare/save derives hidden vase corrections, persists them outside overrides, and reopens durably (1443.3545ms)
✔ save never accepts injected hidden settings, native patches, forged decisions, or caller capability flags (38.365042ms)
✔ structural failures block persistence and material warnings require their current acknowledgment signature (67.226917ms)
✔ source changes invalidate reviewed hidden corrections and sequential event decisions replay without repeated dialogs (51.588ms)
✔ a standalone imported printer can be renamed even when no bundled process is compatible (273.947875ms)
✔ custom machine/process/filament snapshots persist and affect actual selection with strict compatibility (136.216084ms)
✔ derived machines retain native compatibility ancestry and expose custom bed geometry (104.681083ms)
✔ custom edits replace override map relative to frozen base and cannot mutate bundled files (30.931167ms)
✔ native inherited JSON imports resolve trusted names and export their native differences (383.288584ms)
✔ native imports reject missing/ambiguous parents, unknown fields, scripts, malformed dependencies, and credentials without saving partial data (8.75975ms)
✔ concurrent edits, rename collisions, delete/update races and write failures stay atomic (42.389875ms)
✔ corrupt custom store is reported instead of overwritten (11.463166ms)
✔ all native connector primitive vertices and triangles match independently compiled pinned native functions (11.726541ms)
✔ native primitive recentering produces closed outward surfaces for every connector type and shape (195.626125ms)
✔ plug clearances and cut identity match native processed-volume semantics (591.491ms)
✔ dowels produce independent upright solids and two tolerance-expanded holes with native preview offsets (47.222792ms)
✔ snap and asymmetric polygon connectors retain native geometry on oblique planes (95.427291ms)
✔ invalid placement, intersecting negative regions and malformed plans fail without changing the source (66.757167ms)
✔ repeated cuts increment source family counters and synchronize surviving peers without changing unrelated families (49.155125ms)
✔ exact one-volume geometry correspondence retains cut identity and connector flags (0.881667ms)
✔ changed topology clears all family identities and connector flags while preserving every replacement surface (0.739542ms)
✔ split or assembly membership invalidates original families instead of duplicating stale connector flags (0.580458ms)
✔ cut identities preserve unsigned 64-bit values exactly and reject unsafe numbers (1.1005ms)
✔ connector types and distances are explicit and do not infer editable source plans (0.617459ms)
✔ cut XML uses native object and volume indexes, repeated connector containers and exact identity strings (9.536291ms)
✔ malformed XML, missing identities, duplicate indexes and invalid connector references fail explicitly (1.925208ms)
✔ native project roundtrip retains grouped connector identities, roles, material slots and plate reindexing (207.039542ms)
✔ missing object or volume metadata references reject before the native executable (80.847625ms)
✔ repeated build instances retain one native cut record on every expanded group (9.29475ms)
✔ membership and role changes invalidate related cut metadata without deleting connector geometry (0.371208ms)
✔ client normalization and server preparation preserve only validated cut fields (142.527667ms)
✔ empty native mesh volumes cannot shift connector volume indexes silently (47.780958ms)
✔ near-edge cuts remove Float32-collapsed faces and split collinear boundary edges without moving the plane (14.650708ms)
✔ Cut transport uses its bounded geometry output budget and validates the native replay identity (715.533042ms)
✔ Cut transport cancellation and queue deadlines remove all isolated geometry (297.440791ms)
✔ original Cut to parts result applies atomically: ordinary STL without retained frame (80.882458ms)
✔ original Cut to parts result applies atomically: linked translated solids (77.21775ms)
✔ original Cut to parts result applies atomically: two normal volumes preserve A B interleaving (28.370666ms)
✔ original Cut to parts result applies atomically: crossed and outside helpers retained exactly once (71.63825ms)
✔ original Cut to parts result applies atomically: tilted scaled mirrored source with oblique cut (34.623125ms)
✔ original Cut to parts result applies atomically: selected mirrored tilted instance (7.307917ms)
✔ original Cut to parts result applies atomically: first instance no auto-drop (44.141083ms)
✔ Cut to parts rejects incompatible controls and invalid planes before native work (9.297041ms)
✔ native output validation rejects identity, reordering, lost modifiers and unbounded geometry (2.460042ms)
✔ native geometry keeps full source frames and strips topology-dependent painting only on the returned transaction (9.722209ms)
✔ captured Cut oracle retains pinned source, independently rebuilt generator and exact fixture inputs (44.392459ms)
✔ printer credentials persist privately; public records and reads cannot mutate the store (11.060625ms)
✔ concurrent creates and edits preserve every record and the latest credential (35.531875ms)
✔ failed atomic replacement leaves memory intact, cleans the temporary file, and allows later writes (14.447041ms)
✔ corrupt or invalid stored connections abort startup without replacing their contents (37.338916ms)
✔ malformed URLs, credentials, names, and camera URLs are rejected without persisting a connection (30.666875ms)
✔ native C++ dovetail plane math and ordered half-space paths match: basic (6.048833ms)
✔ native C++ dovetail plane math and ordered half-space paths match: repeated (1.147709ms)
✔ native C++ dovetail plane math and ordered half-space paths match: tapered (0.324417ms)
✔ native C++ dovetail plane math and ordered half-space paths match: obtuse (0.210083ms)
✔ native C++ dovetail plane math and ordered half-space paths match: zero-clearance (0.677916ms)
✔ native C++ dovetail plane math and ordered half-space paths match: negative-clearance (0.132208ms)
✔ native dovetail cuts produce closed real tongues/sockets and exact analytic clearance volume (178.201333ms)
✔ repeated tapered and oblique dovetail cuts preserve closed fragments, retained sides and bed placement (484.612458ms)
✔ dovetail family updates preserve peers, existing connector metadata and intersecting modifier volumes (42.783833ms)
✔ invalid or unsupported dovetails fail without mutating source or returning zero-volume pieces (6.803584ms)
✔ hidden normal parts remain in the cut family and native project roundtrip retains final geometry and identities (563.673333ms)
✔ split and assembly remap sparse native painting to exact source triangles (156.313ms)
✔ ordinary repair preserves painting through triangle reindexing and rejects painted deletion (40.298334ms)
✔ compatible orientation repair preserves exact painted subregions and incompatible bases fail before loss (8.320375ms)
✔ assembly rejects incompatible reflected nonuniform paint while uniform states remain preservable (43.2205ms)
✔ native nibble strings decode exact states and split-child order with lossless encoding (3.191458ms)
✔ bounded painting validation rejects malformed, truncated, excessive and incompatible native data (0.583292ms)
✔ painting records actual facets, connected fill and sphere refinement without changing source surfaces (14.298875ms)
✔ winding changes preserve exact asymmetric native painted regions via explicit vertex order (0.386375ms)
✔ filament remapping swaps native leaves simultaneously and includes base part and object fallback without changing geometry (3.8505ms)
✔ mapping identity is a no-op and invalid source, target, role and group settings fail before edits (0.716333ms)
✔ native per-plate output sequence aliases and associations survive selected/reordered exports (1.658417ms)
✔ native output metadata rejects missing plate, invalid indices and oversized arrays (4.799292ms)
✔ layer orders use native equal-width interval encoding beyond the misleading scalar max of sixteen (1.351458ms)
✔ orders reject duplicate/missing slots, malformed ranges and mismatched native record widths (0.703792ms)
✔ native project service preserves sequence metadata per plate and rejects malformed order before export (784.720083ms)
✔ adding slots preserves existing purge values and initializes the native 140+140 transition defaults (2.348333ms)
✔ removing a used slot fails; unused removal remaps parts and layer events without changing the original (0.874166ms)
✔ embedded slot duplication preserves per-material vector values and round-trips an unused slot removal (0.696ms)
✔ flow methods use native percent versus additive formulas and source-specific sample lists (15.867458ms)
✔ flow geometry preserves labels and per-object ratios with ten-layer scaling and group centering (17.443541ms)
✔ flow plan rejects unknown fields, bad ranges and unsafe substitutions for labelled native specimens (9.87925ms)
✔ flow output validation requires every prepared native specimen and preserves native moves and estimates (7.070917ms)
✔ font service serves only allowlisted native bundled files and their attribution, rejecting links and path requests (318.962458ms)
✔ normal native role colors and ordering match independently extracted pinned declarations (5.067834ms)
✔ opt-in raw source changes no parsed geometry or estimates and preserves exact line text (0.402583ms)
✔ hiding a role preserves scrubbed source position and original arc command identities (0.490791ms)
✔ source window retains non-motion commands and all semicolon text; no hidden or empty path invents an active line (0.179292ms)
✔ source and display bounds report their limits without dropping a line number or treating unparsed context as a selected move (0.829125ms)
✔ actual GUI-exported2.4.2 G-code retains102 layer/command mappings and native feature ordering without inferred timing (205.421458ms)
✔ scalar colors and legend values equal unmodified native ColorRange/Types C++ in 50 boundary and interpolation cases (2.351208ms)
✔ commanded flow matches six independent C++ float-operation cases and rejects missing or non-extrusion inputs (0.35725ms)
✔ native height/width tags persist across roles, clamp excessive width, and clear invalid metadata without geometry mutation (3.547667ms)
✔ filament config overrides header, tool commands select diameter, heater T parameters do not and M221 does not change commanded flow (0.405875ms)
✔ known tags remain inspectable while arc, volumetric E, wipe, firmware retract and conflicting relative modes leave flow unavailable (0.524041ms)
✔ missing diameter, feed or tags produce explicit nulls and source-less previews are not populated from assumptions (0.195083ms)
✔ native scalar ranges cover the whole file and only exclude hidden Custom for width/flow, preserving native singleton behavior (0.212791ms)
✔ all 6,896 tagged linear motions from the actual native GUI fixture equal the independent C++ float rows (193.306834ms)
✔ preview changes tools only for leading T commands, never heater or acceleration parameters (3.157084ms)
✔ tracks native layer/feature comments, feed rates, tools and genuine header estimates (3.713167ms)
✔ absolute/relative axes and M82/M83 extrusion modes remain explicit across G92 resets (0.451709ms)
✔ distinguishes extrusion, travel, moving retraction and stationary retraction/unretraction (0.237083ms)
✔ tessellates clockwise/counterclockwise IJ arcs, full circles and helical Z motion (0.705958ms)
✔ supports radius-defined minor/major arcs and alternate planes without flattening them (1.264334ms)
✔ invalid arcs are reported and omitted rather than converted into fabricated straight paths (0.227834ms)
✔ unknown starting coordinates and homing do not produce invented moves (0.318583ms)
✔ commentless layers use extruding Z and ignore non-extruding Z-hop heights (0.202041ms)
✔ duplicate native layer comments annotate one layer and missing native estimates remain absent (0.220792ms)
✔ caps segments, lines, characters and arc subdivision with explicit partial-preview diagnostics (0.332833ms)
✔ parses inches, modal moves, comments, compact commands, line numbers and checksum suffixes (0.448666ms)
✔ absolute arc-center mode and coordinate safety limits are respected (0.188041ms)
✔ Orca setup/purge paths do not shift one-based printed layer labels (0.169416ms)
✔ complete generated pattern import captures four-layer geometry/settings/plate binding and survives JSON scene roundtrip (74.3385ms)
✔ stale generated patterns reject transform, geometry, native settings, plate and command edits (87.0365ms)
✔ incomplete marked projects cannot establish a new binding, ordinary custom commands retain existing semantics (6.572167ms)
✔ native project preparation accepts unchanged embedded import and rejects changed geometry, presets and plates (187.43725ms)
✔ browser edit guard retains fixed paths and checks effective process settings while allowing selection and names (22.335458ms)
✔ saved version-one pattern bindings retain their original geometry/settings/active-plate fingerprint (14.745833ms)
✔ planar cut produces closed caps with conserved volume and preserves transformed placement (24.387792ms)
✔ cut caps preserve nested cavities, islands and disconnected shells (5.17325ms)
✔ cut through existing vertices/edges remains manifold and invalid surfaces fail without mutation (1.913375ms)
✔ concave cut contours cap the real outline rather than its convex hull (4.887333ms)
✔ mirroring transforms asymmetric geometry, preserves outward winding and is reversible (1.727ms)
✔ native group cut preserves part roles, assignments and shared overrides without orphaned modifiers (2.625208ms)
✔ split disconnected shells preserves transformed world surfaces and leaves source unchanged (4.422542ms)
✔ assembly metadata disassembles parts at current world positions without a Boolean union (0.81225ms)
✔ repair removes degenerate and duplicate faces, fixes isolated winding errors, and retains dimensions (0.569125ms)
✔ repair reports open boundaries and does not invent caps or flip nested cavity shells (0.642375ms)
✔ transforms rotate and scale about source center while position is world translation (8.792792ms)
✔ combined Euler rotation matches Three.js XYZ convention used by the viewport (0.423375ms)
✔ bed placement centers XY and drops transformed minimum Z while imported assemblies keep offsets (2.079167ms)
✔ scene bounds, duplicate, remove and hidden objects use independent serializable meshes (3.954292ms)
✔ arrange keeps transformed boxes inside build volume with nonoverlapping XY footprints (3.279709ms)
✔ mesh analysis identifies closed topology, open boundaries, degeneracy and duplicate faces (0.579875ms)
✔ binary STL includes only visible triangles with baked transforms and repaired mirrored winding (0.697625ms)
✔ place on face rotates an outward side normal down, retains XY center and resets transforms (0.607958ms)
✔ invalid input coordinates and zero scale are rejected before geometry export (0.299208ms)
✔ server validates and preserves shared editing frames in web metadata while native geometry stays baked (350.11225ms)
✔ source-derived positive shrinkage schedule matches every captured OrcaSlicer 2.4.2 GUI layer (116.123625ms)
✔ height ranges normalize native scalar/vector settings, expose only region controls plus mandatory layer height, and sort natively (81.3455ms)
✔ native overlaps trim later ranges rather than merge settings, including identical starts and fully covered ranges (5.617375ms)
✔ range validation rejects unsafe numbers, duplicate bounds, host scripts, global controls and missing layer heights (3.104625ms)
✔ range layer-height bounds follow native extruder fallback and zero maximum uses 75 percent nozzle (0.21525ms)
✔ XML roundtrip uses 1-based model-object indices, preserves gaps and rejects malformed or hostile metadata (2.081792ms)
✔ native range metadata attaches to whole model objects, not component resource IDs, and remaps selected plates (126.032958ms)
✔ all instances of one native model object inherit its indexed ranges (36.244834ms)
✔ regrouping adopts the target height ranges and detached copies retain independent values (1.988958ms)
✔ server sanitizes and preserves ranges, validates nozzle bounds and rejects hidden host hooks (100.377667ms)
✔ structural preflight validates effective ranged settings after ordinary part settings (3.046542ms)
✔ SVG physical units, viewBox mapping and scale leave extrusion depth in millimetres (2.603125ms)
✔ bounded ZIP reader accepts stored/deflated entries and rejects oversized or forged expansions (107.018292ms)
✔ file limits apply before reading file bytes and triangle limits before STL/OBJ expansion (14.499375ms)
✔ STEP mesh conversion preserves assembly names, rejects bad indices and enforces mesh budgets (5.133041ms)
✔ official OpenCascade WASM tessellates upstream STEP cube into actual closed surfaces (491.664708ms)
✔ native initial profile, layer schedule and complete RGBA/LOD textures match independent C++ case 0 (5.937542ms)
✔ native initial profile, layer schedule and complete RGBA/LOD textures match independent C++ case 1 (0.596625ms)
✔ native initial profile, layer schedule and complete RGBA/LOD textures match independent C++ case 2 (1.183708ms)
✔ native initial profile, layer schedule and complete RGBA/LOD textures match independent C++ case 3 (1.19175ms)
✔ native initial profile, layer schedule and complete RGBA/LOD textures match independent C++ case 4 (1.553583ms)
✔ native initial profile, layer schedule and complete RGBA/LOD textures match independent C++ case 5 (2.502875ms)
✔ native initial profile, layer schedule and complete RGBA/LOD textures match independent C++ case 6 (0.724792ms)
✔ native initial profile, layer schedule and complete RGBA/LOD textures match independent C++ case 7 (6.559125ms)
✔ editable uniform initialization inserts one collinear pair while preserving native range discontinuities (0.524667ms)
✔ default preview layers retain native range heights instead of silently becoming uniform (4.044875ms)
✔ native cursor band is yellow at half strength in the center and fades to zero outside its cosine band (0.090375ms)
✔ malformed profiles and native texture overflow are rejected before allocating unsafe buffers (12.533708ms)
✔ default C++ fused arithmetic differs only by documented one-channel rounding units (12.18075ms)
✔ legacy activation is version-gated and accepts canonical numeric/percent material values (0.919292ms)
✔ legacy mesh conversion retains absolute XY and joins OBJ submeshes into one native object while dropping Z (155.095917ms)
✔ preserved-position binary STL and grouped OBJ use the same bounded initialized native geometry (246.686417ms)
✔ automatic-placement conversion delegates packing to native export and forwards isolated settings/cancellation (139.129833ms)
✔ malformed and oversized legacy geometry fail explicitly before initialized archive creation (67.310083ms)
✔ max flow uses native width, height, maximum layer adjustment and allowance in the correct preset scopes (8.106042ms)
✔ max flow follows float32 native flow area, selected filament ratio and continuous rounded per-height speed (9.057708ms)
✔ max flow never lowers a native maximum layer height already sufficient for its nozzle (3.304833ms)
✔ max flow rejects invalid, overly short/tall and zero-native-speed ranges without inventing safe values (2.077166ms)
✔ STL loader displays actual binary vertices and import placement matches selected bed (5.3705ms)
✔ OBJ loader preserves named surface groups and their relative positions (2.869667ms)
✔ empty geometry and unsupported file formats fail instead of rendering placeholder meshes (0.741916ms)
✔ selection expands native objects, toggles whole groups, honors part scope and excludes other plates (1.644375ms)
✔ joint affine edits preserve every group, painted facet and brim position with a stable numeric transform frame (19.325333ms)
✔ duplicate and delete operate on distinct complete native groups in one result without cross-plate edits (3.359167ms)
✔ native rectangle membership retains an existing superset, replaces new hits, adds with control, and selects only modifier volumes (2.103042ms)
✔ saved multiple selection and affine frame roundtrip; stale frame clears and invalid vectors or forged state reject (20.437041ms)
✔ batch center and drop translate jointly using normal surfaces, preserve spacing and do not change another plate (12.403125ms)
✔ batch edits retain editable text source placement and native object-owned brim anchors under part scope (90.763041ms)
✔ original C++ all-plate totals: multiple-maps-and-native-assignment-filter, normal, metric (2.219ms)
✔ original C++ all-plate totals: multiple-maps-and-native-assignment-filter, normal, imperial (0.319584ms)
✔ original C++ all-plate totals: multiple-maps-and-native-assignment-filter, stealth, metric (0.201958ms)
✔ original C++ all-plate totals: multiple-maps-and-native-assignment-filter, stealth, imperial (0.959833ms)
✔ original C++ all-plate totals: zero-columns-and-disabled-stealth, normal, metric (0.125667ms)
✔ original C++ all-plate totals: zero-columns-and-disabled-stealth, normal, imperial (0.066167ms)
✔ original C++ all-plate totals: zero-columns-and-disabled-stealth, stealth, metric (0.053209ms)
✔ original C++ all-plate totals: zero-columns-and-disabled-stealth, stealth, imperial (0.044375ms)
✔ original C++ all-plate totals: native-commands, normal, metric (0.068875ms)
✔ original C++ all-plate totals: native-commands, normal, imperial (0.08925ms)
✔ original C++ all-plate totals: native-commands, stealth, metric (0.181917ms)
✔ original C++ all-plate totals: native-commands, stealth, imperial (0.180916ms)
✔ original C++ all-plate totals: native-gui, normal, metric (0.449916ms)
✔ original C++ all-plate totals: native-gui, normal, imperial (0.16325ms)
✔ original C++ all-plate totals: native-gui, stealth, metric (0.17875ms)
✔ original C++ all-plate totals: native-gui, stealth, imperial (0.138958ms)
✔ original native time labels retain float division, minute rounding and subsecond sprintf behavior (0.23875ms)
✔ all-plate totals require every completed native editor result and consistent palettes/properties (0.713542ms)
✔ arrangement transport validates identity/results and always removes isolated request files (450.952208ms)
✔ arrangement input/output/console bounds and whole-operation deadlines reject stalled helpers (527.550167ms)
✔ active/queued cancellation, overflow and shutdown do not retain geometry or processes (224.503541ms)
✔ request preserves assemblies/part roles and transforms; selected-only keeps other objects fixed (3.696958ms)
✔ rigid native delta rotates whole assembly while preserving geometry, painting, settings and other objects (7.655042ms)
✔ spill placements create independent plates, preserve their native settings and clear moved selection (2.562333ms)
✔ invalid options, locked/empty selections and malformed native results never mutate project (7.914917ms)
✔ legacy single selection survives arrangement when selectedIds is empty (0.765584ms)
✔ real GUI plate images retain exact bytes through bounded JSON and generate correct native references (37.147667ms)
✔ appearance edits invalidate only the affected plate while selection, name and process changes retain render assets (18.573792ms)
✔ selected and reordered plate exports renumber image paths without retaining another plate image (8.655667ms)
✔ missing references produce actionable warnings and unsafe image references reject without filesystem access (3.75425ms)
✔ malformed base64, unknown image kinds, invalid chunks and image resource bounds fail closed (2.5245ms)
✔ actual native archive and strict service exports retain image bytes and omit stale or instance-ID picking references (446.74525ms)
✔ native attachments, cover relationships and attribution survive JSON and native export with exact opaque bytes (255.212458ms)
✔ native folders accept supported uploads atomically and preserve byte count and Unicode names (5.522709ms)
✔ rename and deletion keep covers coherent, clear generated cover files and leave original history unchanged (34.579125ms)
✔ missing designer covers and referenced cover resources are diagnosed without external reads (5.567583ms)
✔ unsafe paths, portability collisions, malformed payloads and reference forgery reject before output (0.516917ms)
✔ unknown auxiliary categories and root-level opaque files survive while metadata rejects invalid keys and values (0.501959ms)
✔ picture previews accept bounded static raster data and never interpret renamed active or oversized content (1.89725ms)
✔ Copy is detached; paste preserves names, painting and settings with fresh IDs (43.8565ms)
✔ All model objects participate, including invisible and other-plate objects (23.031458ms)
✔ Invalid worker transforms, identity changes, clone bounds and calibration reject atomically (2.618542ms)
✔ Clones retain processed connector geometry but detach copied cut identity (6.706334ms)
✔ Part paste applies returned raw mesh transform and adopts destination object settings (4.337834ms)
✔ Ordinary imported mesh retains native instance frame through Copy and JSON; stale topology rejects (147.43675ms)
✔ Modes require native whole-object/part destination selection and unchanged active plate (0.344541ms)
✔ Part Clone validates each copy/index pair and applies one atomic result (0.557875ms)
✔ compatibility metadata retains explicit lists and conditions while only the explicit leaf alias is sent to native naming (1.563084ms)
✔ listing selects active process for filament evaluation and carries native library exclusions (2.353292ms)
✔ listing does not fall back on helper failure, mismatched result IDs, or cancellation (2.132375ms)
✔ an incompatible selected process is explicit and native parser warnings retain original acceptance (1.212917ms)
✔ all catalog batches share one deadline rather than resetting the timeout per helper (50.392958ms)
✔ configuration cache identifies the current binary before reuse and rejects a removed helper (57.524375ms)
✔ binary replacement during a request never publishes or caches the stale output (10.65375ms)
✔ configuration failures preserve native error identity, diagnostic properties and cancellation reason (5.553166ms)
✔ one application lifetime aborts active and queued calls, waits for cleanup and leaves other lifetimes usable (18.39775ms)
✔ native config queue bounds processes, aborts queued work, and shares one deadline (58.19175ms)
✔ native config request/output bounds and source version are enforced before use (21.370417ms)
✔ cached configurations are defensive and keyed by request and helper path (78.686208ms)
✔ native defaults and ordinary resolved numeric values satisfy structural checks (2.529458ms)
✔ native minimum diameter, layer, clearance and flow checks retain exact boundaries (0.491375ms)
✔ CLI vase restrictions include hidden support layers while GUI validation permits its correction flow (1.963542ms)
✔ line widths resolve percentages against largest nozzle and bridge widths are bounded by smallest nozzle (0.888083ms)
✔ firmware retraction rejects wipe even at 100 percent and invalid enums and nonfinite values are reported (0.91775ms)
✔ native cover applies all three relationships and designer metadata atomically without changing opaque attachments or source state (260.893834ms)
✔ incomplete, foreign, stale and wrongly sized native cover results fail without a partial project edit (836.655959ms)
✔ text attachment preserves one imported native object identity through edit and native export (126.259208ms)
✔ text attachment preserves multiple linked native object identity through edit and native export (20.974541ms)
✔ svg attachment preserves one imported native object identity through edit and native export (105.690042ms)
✔ svg attachment preserves multiple linked native object identity through edit and native export (48.10575ms)
✔ legacy attachment preserves one imported native object identity through edit and native export (89.396833ms)
✔ legacy attachment preserves multiple linked native object identity through edit and native export (94.288417ms)
✔ standalone native creations stay independent of the selected native family (4.812208ms)
✔ Cut captures the detached model snapshot and erases only its selected groups without changing source state (12.813042ms)
✔ Cut parts retain the remaining normal volume; removing the last normal part rejects atomically (2.615334ms)
✔ Clipboard survives independently restored project history and subsequent paste uses fresh identities (6.104416ms)
✔ Cut rejects locked/generated projects and explicitly invalidates surviving processed cut correspondence (1.247334ms)
✔ native part invalidation is its own geometry-preserving operation and family equality includes checksum/count (12.610584ms)
✔ delete-all-connectors removes matching family connectors and empty connector objects while retaining cut identities (1.184334ms)
✔ removing a helper promotes the final volume overrides into native object settings (0.601042ms)
✔ original Units formatting: zero (1.67075ms)
✔ original Units formatting: small (0.276875ms)
✔ original Units formatting: fraction (1.01075ms)
✔ original Units formatting: native-ounces (0.244208ms)
✔ original Units formatting: minute-rounding (0.192417ms)
✔ original Units formatting: large (0.111ms)
✔ original Units formatting: percent-boundary (0.08625ms)
✔ original Units formatting: percent-below (0.075708ms)
✔ native role imperial conversion quirk remains isolated from once-converted Summary weight (0.1505ms)
✔ Units preference defaults to native metric, persists exact native string values, and rejects malformed storage (0.493583ms)
✔ storage failure is surfaced on save without changing native default read behavior (0.2655ms)
✔ source platform Preferences shortcut respects text input/modal and composition guards (0.253417ms)
✔ original formatting reference retains pinned commit and source hash (6.348209ms)
✔ native fixed decimals match printf for exact and false half ties, signed zero, subnormals and large values (0.147208ms)
✔ regenerated glyph bounding box preserves its exact prior world frame and native JSON/3MF metadata (157.467ms)
✔ native surface request includes only same-group normal parts and preserves reflected source transforms (146.2885ms)
✔ native regeneration requires painting-loss consent and leaves source input untouched (89.094667ms)
✔ native per-glyph metadata requests the real layout with its source geometry (61.668333ms)
✔ native request validates typed font settings, matrices, geometry totals and explicit unsupported features (3.962917ms)
✔ native response requires pinned engine identity and bounded valid indices (0.494625ms)
✔ wrapper uses only opaque font ID with trusted resolver and returns parsed mesh (94.112208ms)
✔ worker errors and malformed output cannot become successful geometry (118.527375ms)
✔ active cancellation kills uncooperative child, clears queue slot and subsequent job runs (368.855541ms)
✔ queued cancellation never resolves a font or spawns a child, and queue bounds reject overload (2.68975ms)
✔ wall deadline includes pending font resolution and queued wait, without late spawn (76.985ms)
✔ stdout and stderr overflow stop child and preserve bounded diagnostics (159.680666ms)
✔ closing cancels active and queued work and rejects future requests (5.168ms)
✔ fresh native GUI planar fixture retains text/shape attributes, exact overlap and independent regeneration plane (338.005625ms)
✔ fresh native GUI surface fixture retains text/shape attributes, exact overlap and independent regeneration plane (67.962708ms)
✔ native metadata roundtrip retains all source font attributes and explicit alignments (119.316625ms)
✔ baked native groups, reflected painting frames, brim centering and multiple plates preserve regeneration placement (47.251875ms)
✔ single-part face placement, group rebasing, multiple-selection baking and duplicate preserve native frame (301.289583ms)
✔ topology rewrites remove stale native regeneration data and expose an explicit loss message (30.853625ms)
✔ self-contained native SVG shape archive survives without filesystem access (165.8255ms)
✔ malformed text, nonaffine/singular frames and active SVG metadata are rejected before export (122.946125ms)
✔ deleting a neighboring part preserves a transformed native text frame without rebaking it (326.076166ms)
✔ native XML legacy inline shapes and numeric alignment values follow the pinned loader (0.308875ms)
✔ retained native source stays bounded and rejects stale geometry, hidden vertices and invalid indices (155.50275ms)
✔ face placement of a retained plain parent mesh keeps its precision source bound (73.995625ms)
✔ native Filament and Summary colors match original C++ for palette wrapping, travels, wipes and pause/custom layers (1.883666ms)
✔ native filament category presence, float row totals, double column totals and imported cost match original GUI source (1.113125ms)
✔ compact native weight formatting matches original g/kg/t and imperial boundaries (0.320125ms)
✔ old metadata and invalid material properties remain unavailable; empty maps do not invent categories or tool identities (0.36775ms)
✔ additive native material schema bounds maps, identities, counts and provenance while accepting old helpers (5.277625ms)
✔ native compact counts truncate suffix tenths and two-line usage retains native unit formatting (0.25325ms)
✔ Fill applies original and added instance frames atomically, retains selection, geometry and painting (29.688833ms)
✔ Repeated Fill reconstructs genuine shared instances; native and JSON roundtrips retain that identity (51.302042ms)
✔ Native Clone creates an independent model object instead of extending the Fill instance family (4.370708ms)
✔ A diverged instance is explicit and cannot silently replace peer settings or surfaces (1.053875ms)
✔ All scene instances participate including hidden/off-plate members; selected instance determines native plate (0.238291ms)
✔ Fill without additions is a strict no-op and malformed output cannot enter history (0.353291ms)
✔ Selection, vendor, locked plate and generated calibration failures are actionable (0.152541ms)
✔ Shared-instance export preserves brim ears in each instance frame (13.144792ms)
✔ Imported native text regeneration metadata remains equivalent across linked instance frames (225.441375ms)
✔ Fill HTTP validates whole project and effective native settings before dispatch, then rejects invalid output (42.5895ms)
✔ Fill derives its tower from the selected plate and complete project without mutating either input (3.711208ms)
✔ disabled Fill towers need no redundant geometry; enabled towers reject missing native palette (0.53625ms)
✔ Fill shares bounded native queue, validates outputs, cancels active/queued work and cleans request files (489.027709ms)
✔ native font catalog retains bundled IDs, includes trusted TTCs and excludes escaped links (19.421667ms)
✔ worker validates native identity and output while every successful/failed request cleans its files (588.991666ms)
✖ worker bounds input/result/console and times out stalled native code (197.712208ms)
✔ worker cancels active and queued requests, enforces queue capacity and drains on shutdown (176.943125ms)
✔ operation deadlines include queue wait rather than granting every queued job another full execution window (376.108125ms)
✔ native hotend client uses only the owned job route and verifies the returned asset hash (25.302417ms)
✔ old endpoint fallback is explicit and server/missing/changed assets do not silently substitute a model (5.212792ms)
✔ native image HTTP capability and errors are bounded explicit responses with a clean shutdown (77.195916ms)
✔ native image capabilities require the complete pinned identity and explain a missing helper (324.899792ms)
✔ cover input rejects invalid bytes, paths and extreme native intermediate surfaces before spawning (1.067875ms)
✔ active and queued image work obey cancellation, capacity and cleanup without spawning an extra child (316.344875ms)
✔ native image deadlines and excessive child logs terminate work and remove private files (1578.827125ms)
✔ worker errors and malformed result descriptions cannot publish an incomplete cover set (691.504959ms)
✔ relative configured helper paths still resolve after entering a private work directory (330.870667ms)
✔ linked Cut replaces every shared instance with two new ModelObject families, one immutable transaction (101.036125ms)
✔ analytic horizontal frame geometry grounds upper and lower independently and keeps peer XY/Z rotation (8.490667ms)
✔ cut native archive retains shared object identity, source frames, processed connector metadata and independent families (870.500625ms)
✔ two-plate Cut sends global native offsets and returns plate-local geometry without moving peers to the selected plate (50.809125ms)
✔ no-auto-drop flags preserve original height while native first-instance grounding shifts eligible peers equally (23.008291ms)
✔ dowels discard the old preview grounding before native per-instance placement, including disabled auto-drop (376.639708ms)
✔ only explicit instance families share a Cut; unrelated cut-family peers are preserved and painting changes require the existing consent flow (5.20425ms)
✔ strict response validation rejects altered identity, XY, scale, auto-drop and stale topology before applying (35.835209ms)
✔ oversized native load scaling dialog is explicit instead of silently inventing a scaling decision (2.285917ms)
✔ browser min/max bed contract retains exact two-plate native frames and local results (3.014375ms)
✔ browser bed dimensions enforce native oversized dialog boundary and reject invalid dimensions (34.885875ms)
✔ shared object/part settings propagate with one immutable transaction, preserving exact raw mesh and frame (65.597375ms)
✔ part translation uses one shared component frame even with rotated and mirrored peer instances (23.777917ms)
✔ paint, filament, volume role, name and height metadata are shared but visibility and printable flags are instance-local (2.461667ms)
✔ world-Z rotation and XY translation remain local; tilt/scale synchronize peers without copying XY or Z rotation (122.7305ms)
✔ deleting a part removes that volume from all peers; deleting a whole instance leaves its peers (18.348958ms)
✔ adding a part to a linked group creates one corresponding part in every instance (11.753292ms)
✔ incompatible concurrent part edits reject atomically; stale geometry carriers are never silently accepted (5.432959ms)
✔ topology replacement without a stale carrier propagates actual geometry, keeps peer placement and export identity (10.228375ms)
✔ native no-auto-drop peer synchronizes Z; ordinary selected instance auto-drop leaves peer Z unchanged (0.10175ms)
✔ unrelated project edits and untouched instance metadata remain strict no-ops (5.124709ms)
✔ native auto_drop survives both archive and JSON roundtrips and rejects forged nonboolean values (56.413666ms)
✔ brim ears and imported text regeneration frames follow shared edits in model coordinates (518.858458ms)
✔ native matrix rules match independent unchanged C++ Selection method in all six cases and both auto-drop states (9.452667ms)
✔ nonconflicting edits to different shared volumes merge instead of overwriting one another (7.408875ms)
✔ native parts normalization does not create false peer conflicts from absent empty override arrays (4.823333ms)
✔ mirroring synchronizes linked instance handedness without detaching shared paint or indexed geometry (21.146625ms)
✔ all 19 original native geometry captures preserve travel/wipe solids, corner angles, endpoint positions and bias through the adapter and GPU buffers (18.340917ms)
✔ native Travel takes its actual tool color in Tool mode; Wipe retains native yellow (0.645542ms)
✔ source fallback does not acquire native travel tubes and its three-component extrusion HWA receives zero bias (0.923209ms)
✔ source object and region memberships reject global options and decode native percent/vector values (15.475ms)
✔ object edits propagate within one native group and part edits remain independent (0.563ms)
✔ joining a group adopts its settings; changing role requires a visible normal part (0.384917ms)
✔ one native object owns shared volumes, sorted Layers then Instances, painted/height flags and assigned plate root (17.401291ms)
✔ a missing native extruder key omits the range row while retaining Layers and untouched metadata (4.596959ms)
✔ cut connector predicate hides processed connectors and exposes dedicated selection even when volumes collapse (1.458084ms)
✔ native source categories exclude restricted roles, parent-equal layer height and unsupported scope keys (0.1385ms)
✔ object selects current-plate instances; instance chooses one group; part row follows selected instance (0.574292ms)
✔ cross-plate instance selection switches plate explicitly; object selection stays on that plate (0.429334ms)
✔ printability is per instance or all shared instances and survives strict native 3MF roundtrip (123.731958ms)
✔ native action reset preserves extruder and object-only part compensation, applies linked parts atomically (0.568416ms)
✔ layer reset retains extruder and restores parent layer_height without modifying other ranges; stale rows reject (26.765959ms)
✔ unchanged pinned C++ predicate and SetIdx reference match exhaustive connector/type combinations and renumber labels (32.828334ms)
✔ role icons, inherited filament values and reset action availability follow native volume roles (1.416959ms)
✔ Hide/Show preserves native printability and other instances, and does not mutate the source (6.256292ms)
✔ native 3MF preserves all four painted channels and exact mirrored two-edge subfacets (312.575417ms)
✔ raw 3MF safety gate rejects dangerous malformed native facet trees before the CLI sees them (120.349709ms)
✔ mirrored subfacet regions coexist with centered native brim frames and project persistence (32.060042ms)
✔ geometry edits preserve valid facet correspondence or clear painting when topology changes (7.85325ms)
✔ project service rejects missing painted filament slots and helper-volume paint (166.506084ms)
✔ original native all-plate extruder collection: default-one (8.027292ms)
✔ original native all-plate extruder collection: volume-role-and-paint (0.6415ms)
✔ original native all-plate extruder collection: nested-painted-subdivision (0.097375ms)
✔ original native all-plate extruder collection: global-support-and-raft (0.061625ms)
✔ original native all-plate extruder collection: object-raft-zero-stops-inherited-support (0.081917ms)
✔ original native all-plate extruder collection: object-support-overrides (0.052167ms)
✔ original native all-plate extruder collection: wall-surface-fallbacks (0.048166ms)
✔ original native all-plate extruder collection: object-wall-surface-fallbacks (0.055958ms)
✔ original native all-plate extruder collection: height-ranges-and-tool-events (0.200375ms)
✔ original native all-plate extruder collection: only-instance-zero-is-contained (0.257667ms)
✔ original native all-plate extruder collection: tool-event-outside-instance-zero-still-counts (0.131833ms)
✔ original native all-plate extruder collection: empty-model-does-not-count-events (0.081708ms)
✔ project adapter matches native exported part roles, object-level ranges and explicit filament slots (0.827875ms)
✔ shared families retain original first-instance containment across active-plate requests (2.621458ms)
✔ unresolved or malformed global settings cannot silently produce guessed collection (0.55525ms)
✔ editor context copies and normalizes only bounded native palette/property/event data (0.76025ms)
✔ editor context rejects invalid or mismatched native properties and event assignments (21.909791ms)
✔ job snapshot retains resolved defaults and strips event commands without guessing missing values (0.959834ms)
✔ native smart default changes only between single and multi extruder categories (48.96675ms)
✔ native viewer preferences retain visibility and copy mutable arrays across reloads (0.367333ms)
✔ unsupported remembered native capability falls back to feature without fabricating data (0.219625ms)
✔ optional editor statistics and custom overview validate capabilities, bounds and provenance (1.982208ms)
✔ bounded preview snapshot failure remains explicit without blocking the slicing pipeline (0.245666ms)
✔ native schema rejects non-finite geometry, invalid adjacency, names, colors and unbounded output collections (2.52625ms)
✔ native render IDs, raw commands and per-endpoint geometry remain distinct from old parsed indices (3.0585ms)
✔ native adapter refuses missing, incomplete or out-of-range command mapping and unavailable modes (1.00675ms)
✔ native fetch requires matching full source bytes and provides explicit fallback on unavailable/error/mismatched output (73.093292ms)
✔ all-plate association ignores only selection state and binds every nonempty plate (31.034625ms)
✔ geometry, project settings, native preset edits and default tower positions invalidate old cohorts (1.551917ms)
✔ embedded selected tower vectors share a cohort only when the complete source project matches (0.614667ms)
✔ association normalizer rejects forged/malformed descriptors and returns defensive copies (0.325875ms)
✔ ordinary multi-plate projects use the complete native project request instead of losing other plates in STL upload (9.758666ms)
✔ native range, retained hidden ticks and enabled geometry match 94 compiled original cases (6.945458ms)
✔ stationary events keep their original vertex and source line without inventing a segment (2.5475ms)
✔ top-only playback keeps lower geometry gray until the full native endpoint is reached (0.258666ms)
✔ native ID selection is independent of spatial indices and control input is bounded (0.480375ms)
✔ native shortcut composition counts hidden event ticks and crosses layer ranges with original vertex identities (0.577ms)
✔ scalar reference retains original source provenance and four distinct visibility combinations (4.8005ms)
✔ all seven scalar colors match original C++ for every native motion/event and Travel/Wipe combination (5.162833ms)
✔ scalar ranges honor Travel/Wipe controls but retain normal-role and Custom native range semantics (0.994541ms)
✔ PA before its first command is gray and absent from the native range; native raw cursor values remain exact (2.997208ms)
✔ additive capability preserves old helper compatibility and rejects malformed scalar collections (2.622333ms)
✔ tower worker validates result and bounds output (481.15625ms)
✔ tower worker cancellation, queue limits and deadlines clean temporary geometry (336.127125ms)
✔ tower request preserves geometry, invisible objects and per-plate native placement without mutation (4.267125ms)
✔ linked instance zero order is preserved even when objects are interleaved across plates (2.115834ms)
✔ native assignments include height ranges, support and valid nested paint, never topology-unsafe facet strings (0.932167ms)
✔ malformed plate geometry, missing extruder heights and wrong printer technology fail explicitly (0.641417ms)
✔ all source reference requests stay reproducible and response identities/counts are checked (2.411583ms)
✔ renderer matches all original native cube bands exactly, including float division and vertex order (2.299625ms)
✔ variant scopes are distinguished from ordinary profile vectors and native differences exclude metadata and hidden settings (1.379958ms)
✔ malformed editor context is rejected before catalog or native process access (1.141959ms)
✔ embedded native settings drive bed dimensions and process values independently of catalog matches (3.547ms)
✔ embedded slicing merges current process edits into a snapshot without mixing catalog overrides (1.605625ms)
✔ catalog native export carries ordered filament slots and validated process edits (0.341792ms)
✔ native request preserves source snapshots and forwards process decisions without accepting arbitrary hidden edits (2.236416ms)
✔ reads actual OrcaSlicer 2.4.2 project settings, production components, names and exact surfaces (23.109041ms)
✔ native archive roundtrip preserves plate-local geometry, part roles, per-object overrides and filament slots (105.089833ms)
✔ native plate grid and filament merging preserve independent arrays and reject ambiguous profile vectors (1.497875ms)
✔ native parser rejects unsafe XML, component cycles, missing meshes, duplicate IDs and excessive instancing (76.860291ms)
✔ nonprinting build instances remain visible project geometry with their native printable flag (8.25325ms)
✔ connection credentials are omitted and invalid assignments fail before export (8.035292ms)
✔ native layer events preserve pauses, color/tool changes and multiline custom text per plate (151.639ms)
✔ server archive safety rejects embedded post-process commands in every native settings carrier (111.202625ms)
✔ native service matches installed preset names without silently substituting missing names (122.036542ms)
✔ native service validates embedded settings and catalog overrides as separate explicit modes (257.58125ms)
✔ single-plate preparation preserves local placement, slot order and plate-specific events/tower values (198.695416ms)
✔ object/part setting membership follows native static config classes and rejects global-only controls (17.535916ms)
✔ native service rejects host hooks, unknown settings, mismatched slots, invalid events and build-volume errors (50.876542ms)
✔ native filament colors are complete when imported metadata omits them, and unsafe nozzle mappings are rejected (61.556417ms)
✔ fresh GUI project color metadata survives strict preparation while invalid vectors are rejected (114.268375ms)
✔ one active Prusa import and at most four pending are shared fairly (4.556167ms)
✔ queued cancellation removes its entry immediately without starting its task (0.55975ms)
✔ queue time consumes the same deadline; expired entries never execute (65.600625ms)
✔ actual import helper shares the global queue across callers and reduces child timeout after waiting (94.78475ms)
✔ Prusa inspector identifies exact importer route and reports only native-whitelisted model metadata (90.464375ms)
✔ Prusa inspector rejects malformed facets, XML entities, unsupported provenance paths and host scripts before executing native code (19.845209ms)
✔ Prusa bridge requires pinned executable identity and cleans its private directory on failure (23.56675ms)
✔ Prusa bridge shares one deadline and abort signal, and rejects oversized or malformed output (132.493458ms)
✔ strict project preparation and native serialization retain physical-nozzle tables, multipliers and assignments (214.372667ms)
✔ strict project preparation rejects a single table for multiple physical nozzles instead of discarding a table (67.9285ms)
✔ embedded and catalog slot resize preserve two nozzle tables and enforce native minimum physical-nozzle slots (7.056292ms)
✔ C++ literals preserve units, escaped text, adjacent strings, constants, and unknown expressions without execution (1.139375ms)
✔ extracts only authoritative membership, native enum aliases, page groups, and dependency references (4.446958ms)
✔ fails on missing member definitions and reports unresolved metadata instead of guessing (1.134083ms)
✔ known hidden process changes are accepted only through an applicable source-derived correction (17.872958ms)
✔ declining a native group applies only the native alternative and retains existing hidden values (2.207917ms)
✔ arbitrary values, duplicate decisions, unknown scope, and cross-scope proposals are rejected atomically (5.096542ms)
✔ stale current values and forged proposal signatures cannot change hidden settings (4.624583ms)
✔ automatic proposals apply only when requested and preserve native scalar/array shapes (3.917042ms)
✔ plans are defensive and exact current native values normalize equivalent display shapes (3.069291ms)
✔ native tower disable follows smooth warning then clumping warning only when keeping the disabled tower (30.429083ms)
✔ precise Z, wrapping and geometry edit dialogs preserve no-op acceptance and revert choices (20.995792ms)
✔ only native i3 by-object and Simple support-type edit conditions produce their dialogs (5.409875ms)
✔ infill rotation warning requires the first nonempty edit and an unsafe native pattern (8.045625ms)
✔ layer edit uses all printer limits and permits the native ignore choice before passive correction checks (6.825791ms)
✔ long-retraction native warning is an acknowledgment-only event and does not alter configuration (2.347083ms)
✔ process Copy captures object then part overrides without global defaults or later source mutation (17.946708ms)
✔ process clipboard scopes and single-source bounds match context-menu availability (0.538125ms)
✔ native process Paste updates every destination part atomically and preserves filament, other groups and source snapshot (0.736791ms)
✔ source-defined compensating object options survive native part storage while part editor validation stays region-only (0.222125ms)
✔ selected layer copying accumulates and overwrites equal bounds; root copy replaces; draft index survives sorting (2.2445ms)
✔ layer Paste preserves destination equal-bound values and adds overlapping ranges to every grouped part (1.555042ms)
✔ unions declared keys and value types without mixing machine/process keys or exporting values (30.093916ms)
✔ excludes metadata and user presets, warns on malformed JSON, and keeps scanning (6.918834ms)
✔ CSV quotes keys correctly and exports a stable order without adding unseen GUI options (5.355417ms)
✔ schema membership and native UI ordering are complete for the pinned 2.4.2 process source (0.899125ms)
✔ legacy process overrides retain their native representations and invalid-value rejection (1.0755ms)
✔ float-or-percent settings retain unit semantics and use authoritative native ranges (0.91875ms)
✔ complete native enum values and readable labels come from source definitions (0.247167ms)
✔ native vector options remain vectors, strings are bounded, and profile plumbing is rejected (0.809541ms)
✔ post-processing host scripts are disabled by default and only an explicit caller opt-in permits values (0.214209ms)
✔ native defaults fill only when requested, preserving legacy sparse display behavior (2.916792ms)
✔ native project/import/slice and delete-all mappings are distinct from browser defaults and old duplicate alias (0.496ms)
✔ native tools, camera views and arrow increments respect Prepare context and modifier combinations (1.44475ms)
✔ modal, composing, handled and text-editing keys cannot mutate the underlying scene (0.211666ms)
✔ delete all preserves project attachments, plate definitions and presets while clearing geometry/custom events/calibration as one immutable state (0.363ms)
✔ Cut clipboard keys leave text fields, modal editors and non-Prepare pages unchanged (0.167125ms)
✔ SVG request has bounded self-contained source, strict fields and no font or host path (9.7425ms)
✔ SVG worker bypasses font resolution and shares bounded queue cancellation and stdout validation (166.119667ms)
✔ standalone native SVG retains exact embedded source and frame through web/native roundtrip (42.798209ms)
✔ native SVG source grouping, world-scale tessellation and paint-loss consent preserve placement (19.587083ms)
✔ SVG unchanged close is exact source/settings comparison and invalid attachments reject (0.234875ms)
✔ native surface frame follows independently expected upright bases including bottom and angled faces (6.653541ms)
✔ standalone native creation rests on bed and roundtrips native text editing data without a placeholder (28.38275ms)
✔ native engraved or modifier text adopts its object group without mutating the source and supplies only normal sources (11.434333ms)
✔ native creation rejects detached per-glyph/surface modes and invalid attachment before submitting a worker job (0.108458ms)
✔ unchanged native settings preserve semantic zero defaults and do not hide an actual edit or font substitution (0.203ms)
✔ native tool reference retains source identity, enabled speed profile and excluded CoG release switches (4.653584ms)
✔ native tool marker appears only after scrubbing begins, remains on return to full range, and hides without paths (0.310583ms)
✔ tool properties preserve seam geometry but use previous native vertex outside Feature view and never invent PA (1.766042ms)
✔ native format, float accumulation and profile boundaries retain exact source behavior (0.561875ms)
✔ native default hotend mesh normals and marker matrices match compiled original source (9.75175ms)
✔ native hotend asset rejects truncation, forged counts and nonfinite coordinates (3.002417ms)
✔ native toolbar raster inputs and generator retain the pinned provenance (4.310333ms)
✔ all light 36px icon strips exactly preserve the original native state atlas (6.440333ms)
✔ all light 72px icon strips exactly preserve the original native state atlas (10.734584ms)
✔ all dark 36px icon strips exactly preserve the original native state atlas (4.159541ms)
✔ all dark 72px icon strips exactly preserve the original native state atlas (10.27175ms)
✔ Move light has distinct native normal, selected and disabled states with preserved alpha (0.536667ms)
✔ Move dark has distinct native normal, selected and disabled states with preserved alpha (1.045125ms)
✔ tower request keeps distinct native models: family token equals a standalone group key (3.587125ms)
✔ tower request keeps distinct native models: standalone group precedes a colliding family token (0.500875ms)
✔ tower request keeps distinct native models: long plate and object IDs compose beyond the worker bound (2.771625ms)
✔ tower request keeps distinct native models: escaped group IDs exceed the bound only after JSON encoding (1.024125ms)
✔ tower request keeps distinct native models: multibyte group IDs exceed the worker byte bound (1.195041ms)
✔ tower request keeps distinct native models: multibyte family token exceeds the worker byte bound (0.6915ms)
✔ tower request keeps distinct native models: user family token collides with an allocated worker ID (0.62225ms)
✔ tower request keeps distinct native models: allocated worker ID skips an existing user family token (0.588708ms)
✔ user-preset projection validates native scopes, metadata and dangerous settings before the helper (8.434292ms)
✔ ordinary native values are canonicalized while explicit dependency empties and nil strings stay meaningful (5.184958ms)
✔ full native vectors retain distinct material/nozzle/stride-two alternatives (1.843292ms)
✔ expanded vectors require complete bounded unambiguous source identities (0.610458ms)
✔ expanded arrays cannot silently fall back to a different variant or truncate machine mode pairs (0.2615ms)
✔ ordinary native one-value/default vectors remain accepted without invented identities (0.085666ms)
✔ slot growth/removal and native import expansion preserve whole variant groups and reindex ownership (15.630417ms)
✔ PA generator ordered geometry/extrusion/feed calls match independent pinned C++ source fixture: three-labelled (13.985417ms)
✔ PA generator ordered geometry/extrusion/feed calls match independent pinned C++ source fixture: full-labelled (8.430375ms)
✔ PA generator ordered geometry/extrusion/feed calls match independent pinned C++ source fixture: eight-absolute (4.767ms)
✔ native line speed truncation, bed-height clipping and optional labels stay source-defined (7.370792ms)
✔ source template context handles modern expressions and legacy placeholders without changing source values (0.572958ms)
✔ PA line inputs reject malformed booleans, unmappable labels, small beds, firmware retraction and context-dependent filament code (2.859834ms)
✔ postprocessing replaces only the verified carrier body, emits real PA/feed/extrusion and removes stale estimates (2.99625ms)
✔ absolute extrusion output resets before generated paths and before native end code (1.448ms)
✔ measured PA line result is bounded to actually printed lines and writes fixed PA native fields (33.248875ms)
✔ PA line generated motion limits and pressure commands follow native firmware syntax (54.858208ms)
✔ Bambu PA carrier boundaries preserve templates and generated native tag style with identical motions (9.756042ms)
✔ PA pattern geometry/extrusion/feeds match original compiled C++ source calls: three-relative (17.576875ms)
✔ PA pattern geometry/extrusion/feeds match original compiled C++ source calls: full-absolute (10.123375ms)
✔ batch cross-product ordering, native settings and nonoverlapping complete footprints are preserved (61.502ms)
✔ bounded batch inputs and unsupported hardware/settings fail before producing calibrated geometry (8.073417ms)
✔ empty speed/acceleration lists use source optimal flow speed and acceleration fallback (0.657792ms)
✔ native output verification tolerates feed deduplication/progress but rejects changed or missing physical commands (54.238209ms)
✔ manual PA pattern results preserve fixed-PA settings and the source-tested range (1.861709ms)
✔ native Bambu Z tags verify the same exact source-generated four-layer PA pattern (45.366958ms)
✔ PA batch adds plates without splitting source speed/acceleration combinations or overlapping full footprints (26.98875ms)
✔ complete and selected archives retain four commands per plate and local handle positions (298.911542ms)
✔ imported complete multi-plate pattern permits plate selection but rejects edits anywhere in the bound scene (858.723583ms)
✔ display clipping caps preserve nested holes, disconnected shells and exact plane orientation (75.670958ms)
✔ world transforms and on-plane edges retain accurate sections, while invalid open contours fail (1.87075ms)
✔ view-aligned clipping fixes camera-facing normal and moves through the selected world bounding sphere (0.511916ms)
✔ circle cursor is the actual world-radius plane and sphere stays isotropic on a scaled model (14.281542ms)
✔ height cursor uses real transformed mesh contours at the pointer range and clamps the upper limit (5.3795ms)
✔ smart-fill hover retains current leaf states while selecting exactly the committed original-facet footprint (4.381709ms)
✔ bucket and pointer hover preserve existing state boundaries and agree with committed changes (7.127542ms)
✔ unequal subdivided shared edges have no false contour and partial sharing retains only uncovered intervals (5.093584ms)
✔ clipping, overhang restriction and angle changes use the same selector constraints without metadata writes (2.962209ms)
✔ hover targets only the actual visible normal part in the selected native object (0.882541ms)
✔ hover brightens each existing state RGB by the source 1.25 clamp and ignores the requested new paint state (0.358958ms)
✔ fill renderer replaces and disposes prior hover geometry without retaining old object highlights (1.403291ms)
✔ native right-button and Shift erase states retain navigation for color paint (0.77625ms)
✔ modifier wheel steps native float controls, bounds and clipping priority without inventing zoom actions (0.826166ms)
✔ native vertical and horizontal constraints operate in pointer screen space and start afresh after a miss (1.059166ms)
✔ native object height paint visits every visible normal part while leaving unrelated groups, plates and helpers intact (233.310166ms)
✔ ordinary brush targets the actual normal-part hit and never joins strokes across different meshes (3.824917ms)
✔ height cursor draws both native object parts at a common world range and preserves scene data (14.152292ms)
✔ checked-in inventory validates and every feature has an actionable acceptance and test plan (55.943958ms)
✔ rejects duplicate IDs, unknown statuses and missing acceptance or planned tests (1.504792ms)
✔ verified rejects code-only and mock/unit-only evidence, even with an existing file (1.591958ms)
✔ verified requires passed acceptance evidence and an existing matching native/manual reference (0.697875ms)
✔ rejects references outside the repository and code inspection labeled as a passing test (0.732791ms)
✔ a later native acceptance failure prevents verification based on a historical pass (0.643333ms)
✔ reports recorded and passing evidence separately without turning test plans into executed tests (0.885708ms)
✔ exports deterministic CSV and Markdown with escaped cells and does not mutate inventory (1.262667ms)
✔ CLI --check is read-only and fails invalid inventory without generating reports (105.667042ms)
✔ plate scope excludes hidden, nonprintable and other-plate objects; unused slots do not disable compensation (79.962708ms)
✔ mixed XY alone or mixed Z disables every axis; equality uses native exact values and get_at first-element fallback (22.344291ms)
✔ subdivided color leaves, modifier base slots and declared height slots participate; negative and support-volume slots do not (46.076584ms)
✔ native feature precedence respects walls/infill gates, modifier intersections and height-range intersections (6.875375ms)
✔ print-wide brim forces wall region use, raft suppresses brim, and support/raft/enforce include both support slots (3.44425ms)
✔ tower uses native pre-dedup gate and selected-plate spiral flag; layer tool events never add shrinkage slots (0.918583ms)
✔ unresolved materials, invalid percentages and malformed painting fail explicitly (0.80725ms)
✔ catalog resolver deduplicates requests, restores slot order and ignores displayed first-slot vectors (1.25175ms)
✔ catalog resolution reports failed/missing settings and propagates cancellation (0.68925ms)
✔ native modifier extents retain Z separation and use ancestor unions for chained candidate regions (2.84825ms)
✔ sparse catalog settings resolve structured native percent defaults before region validation (1.301334ms)
✔ camera-space arrows project inverse-view movement to XY without renormalizing the vertical component (30.734917ms)
✔ camera arrows and material digits are context guarded; Shift+A is not the old incorrect deselect alias (0.400292ms)
✔ native 500 ms filament sequence distinguishes a delayed 1,10–16,7–9,and default0 with cancellable timers (0.23725ms)
✔ object material assignment updates every selected group and normal part while preserving modifier overrides and geometry (0.443917ms)
✔ part default inherits the parent; modifier0 stays inherited and negative/support parts cannot receive materials (0.311708ms)
✔ out-of-range and empty-selection assignments leave the project untouched; object0 resets to first filament (0.217625ms)
✔ native printable toggle makes mixed selected groups uniform and leaves part selections unchanged (0.269959ms)
✔ native dependency metadata retains both explicit list and dormant expression (0.736166ms)
✔ inheritance distinguishes an omitted dependency from a deliberately empty list (0.932458ms)
✔ dependency metadata is bounded and cannot carry settings, execution policy or wrong-scope fields (0.62625ms)
✔ native Set semantics normalize all or zero checked entries to All without changing conditions (0.216417ms)
✔ selection context uses the native machine-model vendor and capability resource, not preset names or folders (154.168708ms)
✔ missing native capability property or file matches native false; malformed resources remain explicitly unresolved (60.823167ms)
✔ capability model IDs cannot traverse paths and absent resource roots remain unresolved (43.754583ms)
✔ custom frozen machine selections retain native model context and wrapper metadata stays defensive (78.908125ms)
✔ editor inspection requires a paired helper with an explicit inspection response (130.288375ms)
✔ resolves inheritance within the vendor and preserves native arrays without mutating sources (1.570167ms)
✔ resolves multiple parents left to right and supports unambiguous cross-vendor inheritance (0.178625ms)
✔ rejects missing parents, ambiguous parents, cycles, and unknown IDs (0.269792ms)
✔ catalog defaults and compatibility follow actual native presets (24.878792ms)
✔ compatibility is conservative about unevaluated expressions (0.25175ms)
✔ process overrides use native types and reject unsupported or invalid settings (2.678583ms)
✔ editing another setting preserves the selected preset layer defaults and unsupported native values (42.763459ms)
✔ native vectors replace their value without becoming nested extruder arrays (0.268292ms)
✔ real orbit and pan damping settle in wall-clock time at 4–144 FPS without changing the final view (29.873875ms)
ℹ {"gesture":"orbit","fps":4,"frames":16,"elapsedMs":4000}
ℹ {"gesture":"orbit","fps":10,"frames":35,"elapsedMs":3500}
ℹ {"gesture":"orbit","fps":30,"frames":89,"elapsedMs":2966.666666666669}
ℹ {"gesture":"orbit","fps":60,"frames":163,"elapsedMs":2716.6666666666642}
ℹ {"gesture":"orbit","fps":144,"frames":348,"elapsedMs":2416.666666666648}
ℹ {"gesture":"pan","fps":4,"frames":13,"elapsedMs":3250}
ℹ {"gesture":"pan","fps":10,"frames":28,"elapsedMs":2800}
ℹ {"gesture":"pan","fps":30,"frames":69,"elapsedMs":2299.999999999999}
ℹ {"gesture":"pan","fps":60,"frames":123,"elapsedMs":2050.0000000000036}
ℹ {"gesture":"pan","fps":144,"frames":252,"elapsedMs":1749.999999999991}
✔ default frame-based controls demonstrate the slow-render regression (0.301041ms)
✔ a new gesture resets a long idle gap; Fit drains momentum without disabling future damping (0.15025ms)
✔ option geometry exactly retains original C++ float vertices, normal vectors and outward triangle winding (1.018208ms)
✔ native marker instances use worker HWA/bias and platform scale, retain event IDs and dispose GPU resources (0.86325ms)
✔ preview renders invalidated frames once and remains idle until a new change (0.409667ms)
✔ preview drains OrbitControls damping including change events without an endless animation loop (0.086ms)
✔ disposed previews cancel pending frames and cannot draw into a detached canvas (0.060292ms)
✔ 44 layer/move/single-layer transitions match independently compiled pinned native methods (0.91025ms)
✔ preview key predicates protect editing, modal dialogs, composition, already-handled keys and browser Alt navigation (0.568333ms)
✔ one-layer backup, thumb crossing and native wheel platform predicates retain exact clamp behavior (0.126125ms)
✔ command stops group real arc/acceleration subdivisions and never mix display indices with native vertices (0.595875ms)
✔ native segment topology is eight logical vertices/eight triangles and connected corners preserve float turn angles (2.297792ms)
✔ native role and mm3/mm changes insert phantom endpoints instead of joining unrelated scalar paths (0.911458ms)
✔ endpoint dimensions can vary within a source path while each top stays at its commanded Z (0.229292ms)
✔ missing data, arcs and omitted stationary extrusion events cannot silently join solid paths (3.760792ms)
✔ current preview bounds contain every rendered native band and independent rotated shell corner (43.078ms)
✔ missing or hidden tower has no camera extent (0.145958ms)
✔ original native tower drag arithmetic: two-material rectangle (1.846542ms)
✔ original native tower drag arithmetic: single smooth timelapse (0.264458ms)
✔ original native tower drag arithmetic: single wrapping detection (3.176584ms)
✔ original native tower drag arithmetic: sequential one nonprintable (0.325166ms)
✔ original native tower drag arithmetic: sinking exclusion original limitation (0.385333ms)
✔ original native tower drag arithmetic: nonrectangular native nonsinking bounds (0.227417ms)
✔ original native tower drag arithmetic: linked remote instance extends native height (0.202584ms)
✔ original native tower drag arithmetic: ranges and support assignments (0.965958ms)
✔ original native tower drag arithmetic: painted second filament (0.164292ms)
✔ original native tower drag arithmetic: tool change third filament (0.142125ms)
✔ original native tower drag arithmetic: rib wall tall tower (0.078792ms)
✔ original native tower drag arithmetic: dual nozzle change volume (0.075458ms)
✔ original native tower drag arithmetic: float narrowed rotated offset (0.069083ms)
✔ original native tower drag arithmetic: second plate native origins (0.061917ms)
✔ original native tower drag arithmetic: native default single exclusion sentinel (0.0545ms)
✔ original native tower drag arithmetic: brim 0 (0.055625ms)
✔ original native tower drag arithmetic: brim 0.1 (0.061458ms)
✔ original native tower drag arithmetic: brim 0.333333333333 (0.057666ms)
✔ original native tower drag arithmetic: brim 20 (0.063708ms)
✔ original native tower drag arithmetic: brim 1000 (0.07175ms)
✔ original native tower drag arithmetic: shared extruder printable area (0.054541ms)
✔ original native tower drag arithmetic: oversize or exact edge width 193 (0.058ms)
✔ original native tower drag arithmetic: oversize or exact edge width 194 (0.080291ms)
✔ original native tower drag arithmetic: oversize or exact edge width 250 (0.078334ms)
✔ original native tower drag arithmetic: remote fractional origin [240, -240, 0] (4.157541ms)
✔ original native tower drag arithmetic: remote fractional origin [96000.333, -48000.777, 0] (0.10125ms)
✔ drag needs native context and rejects invalid displacement (0.27675ms)
✔ the server opts into native drag context from effective settings and validates supplied context (2.455833ms)
✔ tower gizmo reference is bound to original source and native movement restrictions (6.615041ms)
✔ native move projection: axis-0-delta--15.75-snap-False (0.350542ms)
✔ native move projection: axis-0-delta--15.75-snap-True (0.057791ms)
✔ native move projection: axis-0-delta--0.5-snap-False (0.051458ms)
✔ native move projection: axis-0-delta--0.5-snap-True (0.078125ms)
✔ native move projection: axis-0-delta-0.5-snap-False (0.04075ms)
✔ native move projection: axis-0-delta-0.5-snap-True (0.0355ms)
✔ native move projection: axis-0-delta-15.75-snap-False (0.031791ms)
✔ native move projection: axis-0-delta-15.75-snap-True (0.048542ms)
✔ native move projection: perspective-axis-0-delta--40 (0.072875ms)
✔ native move projection: perspective-axis-0-delta--0.75 (0.039791ms)
✔ native move projection: perspective-axis-0-delta-30 (0.042583ms)
✔ native move projection: axis-1-delta--15.75-snap-False (0.026584ms)
✔ native move projection: axis-1-delta--15.75-snap-True (0.023875ms)
✔ native move projection: axis-1-delta--0.5-snap-False (0.019709ms)
✔ native move projection: axis-1-delta--0.5-snap-True (0.025208ms)
✔ native move projection: axis-1-delta-0.5-snap-False (0.017375ms)
✔ native move projection: axis-1-delta-0.5-snap-True (0.022042ms)
✔ native move projection: axis-1-delta-15.75-snap-False (0.017375ms)
✔ native move projection: axis-1-delta-15.75-snap-True (0.024166ms)
✔ native move projection: perspective-axis-1-delta--40 (0.018917ms)
✔ native move projection: perspective-axis-1-delta--0.75 (0.018458ms)
✔ native move projection: perspective-axis-1-delta-30 (0.016125ms)
✔ native move projection: zero axis (0.014875ms)
✔ native move projection: parallel axis ray (0.016708ms)
✔ native move projection: remote fractional origin (0.017ms)
✔ native move projection: configured snap step (0.021209ms)
✔ invalid or degenerate camera rays are rejected (0.126292ms)
✔ tower lost capture discards preview displacement, restores controls, and closes the gesture (9.440083ms)
✔ tower window blur discards preview displacement, restores controls, and closes the gesture (2.940709ms)
✔ tower hidden page discards preview displacement, restores controls, and closes the gesture (1.420375ms)
✔ tower preview replacement discards preview displacement, restores controls, and closes the gesture (1.713166ms)
✔ tower tool switch discards preview displacement, restores controls, and closes the gesture (1.095ms)
✔ tower released button discards preview displacement, restores controls, and closes the gesture (1.283292ms)
✔ foreign pointer events cannot move, replace or commit an active tower gesture (0.461083ms)
✔ normal release commits once despite synchronous lost capture and retains prior control availability (0.429125ms)
✔ disposal cancels movement and removes interruption listeners without selecting into an unmounted owner (0.484458ms)
✔ prime tower placement expands native vectors by plate and preserves other plate coordinates and process overrides (8.699792ms)
✔ embedded tower edits retain project metadata and native fallback coordinates while invalid input cannot mutate a project (12.683708ms)
✔ automatic native adjustments resolve dependent options without accepting confirmation choices (11.055583ms)
✔ native capabilities and filament count affect process constraints independently of UI search (2.480667ms)
✔ accepted vase choices materialize visible edits and retain exact hidden native decisions for submission (13.551583ms)
✔ declining vase preserves the hidden source, while stale or injected decisions are rejected (123.080833ms)
✔ legacy scalar arrays and flattened project scalars share signatures and do not cause repeated corrections (80.3345ms)
✔ pinned source covers every machine and filament membership and exposes native groups (0.743917ms)
✔ all editor native defaults round-trip with native scalar/vector shapes (1.258166ms)
✔ point and polygon normalization follows Config.hpp native JSON serialization (0.225625ms)
✔ validators reject wrong scopes, overflow, malformed vectors, unknown enums, and unsafe imports (0.467792ms)
✔ ordinary machine and filament G-code strings survive exactly; native vectors replace instead of nesting (0.106542ms)
✔ native project closed enums include serialized bed, mapping, and nozzle choices (0.144375ms)
✔ selection is transient while geometry, settings, plates and metadata affect saved state (9.861708ms)
✔ initial native preset resolution does not dirty an empty unnamed document (0.190583ms)
✔ project roundtrip preserves geometry, transforms, visibility, plates, selection, presets and metadata (3.806ms)
✔ projects reject duplicate IDs, missing plates, nonfinite coordinates and nonpositive scales (1.357875ms)
✔ project restore repairs stale selection and handles an empty project (0.182042ms)
✔ 3MF ZIP escapes XML and contains transformed vertices plus a complete restorable web project (5.865208ms)
✔ 3MF default export honors active plate and visibility; allPlates expands only visible objects (2.652708ms)
✔ current full embedded vectors remain untouched when native import needs no added slot (0.815ms)
✔ native material expansion repeats last material, preserves old purge cells, and derives new cells from first load/unload pair (0.444375ms)
✔ malformed material contexts fail explicitly (0.293541ms)
✔ missing current display color uses the pinned native project default before adding the native cycle color (0.094542ms)
✔ imported multi-nozzle material expansion retains every nozzle matrix and multiplier (0.086708ms)
✔ native Prusa conversion retains parts, exact frames, material assignment and facet indices (11.981583ms)
✔ mirrored native Prusa instances preserve outward winding and precise source geometry (0.663791ms)
✔ Prusa model conversion rejects unsupported process activation, malformed frames and missing material slots (1.053042ms)
✔ catalog context maps material ID lists into the stable project preset identity shape (0.456583ms)
✔ Prusa ignored metadata roundtrips as inert bytes and reports native filtering (3.2245ms)
✔ Prusa provenance rejects unknown fields, unsafe paths, collisions and noncanonical base64 (1.477292ms)
✔ Prusa provenance archive rejects missing, extra, duplicate and oversized manifests (0.520083ms)
✔ Prusa provenance enforces exact cumulative16MiB and entry-count limits (6119.142167ms)
✔ native nozzle-major tables and multipliers preserve distinct source values (2.796625ms)
✔ adding material retains each physical table and fills only new transitions from first load/unload pair (0.2255ms)
✔ removing a material preserves nozzle boundaries and all unrelated values (0.106708ms)
✔ adding a physical nozzle initializes its full table independently and defaults only its multiplier to1 (0.069584ms)
✔ known native unused four-material defaults normalize, while arbitrary malformed layouts fail (0.228167ms)
✔ native displayed-volume and raw-volume rounding preserves multiplier semantics includingzero (0.077ms)
✔ typed project settings permit the bounded native64-material dual-nozzle matrix beyond the generic vector limit (3.572ms)
✔ raw native warmup preserves original mesh resources, part metadata and embedded assets (517.462542ms)
✔ native merged material vectors control initialization, including embedded slots after slot one (93.719ms)
✔ multiple build instances of one source resource receive distinct appended instance IDs (27.794166ms)
✔ raw warmup rejects unsafe scripts and missing native plate membership before slicing (23.078791ms)
✔ raw context follows native single-volume extruder normalization without mutating the source (1.738917ms)
✔ raw settings resolution preserves native arguments, cancellation and bounded output validation (82.590375ms)
✔ non-native3MF normalization uses a relative archive export, preserves source input and shares the deadline (420.711792ms)
✔ Prusa configuration carriers cannot silently enter the BBS-only CLI normalization path (27.166541ms)
✔ retraction uses pinned native tower height, nozzle layer height and writer schedule (47.251291ms)
✔ relative E changes pre-wipe distribution and balances old retraction across layer anchors (9.770708ms)
✔ zero-length retraction with no hop emits zero E for wipes and matching unretractions (5.4455ms)
✔ wipe capacity moves excess retraction before the wipe rather than increasing its physical E rate (1.492834ms)
✔ absolute E coordinates preserve deposition deltas through changed retractions and G92 resets (2.020958ms)
✔ unproven native couplings and invalid ranges are rejected explicitly (10.413625ms)
✔ missing native guards, unknown body retractions and incomplete wipe data fail closed (1.115334ms)
✔ Bambu wipe and custom role tags preserve retraction bookkeeping and leave end macros untouched (2.662208ms)
✔ object transform proxy uses a common pivot and keeps every native part aligned (5.551625ms)
✔ explicit part edits preserve other world surfaces and clear the obsolete shared frame (25.141875ms)
✔ object duplication gives an independent group and part duplication intentionally stays grouped (12.870625ms)
✔ arrange, center, drop and place-on-face move whole groups without shifting negative volumes independently (2.869875ms)
✔ mirror and cut invalidate baked group frames while preserving native roles and settings (12.428208ms)
✔ native volume roles use translucent materials while normal parts retain filament colors (0.144ms)
✔ disabled, manual, normal tree, organic tree, and raft support states match native conditions (34.48525ms)
✔ ironing and support-interface dependencies include the native solid-interface rule (5.923917ms)
✔ infill conditions preserve native overwrite order, pattern restrictions, and rotation-template behavior (11.711333ms)
✔ vase mode produces a reviewable correction group and never mutates user input or decides its native dialog (4.791541ms)
✔ prime towers use machine type, vendor, purge mode, and wall shape without guessing missing vendor context (5.126416ms)
✔ line widths, acceleration, and jerk depend on native extrusion and firmware settings (8.200667ms)
✔ smoothing, scarf, support styles, and native GUI numeric corrections keep exact boundary behavior (4.7835ms)
✔ filament pressure advance, cooling, heater bounds, and machine capabilities follow native conditions (2.668167ms)
✔ coverage distinguishes evaluated fields, missing native context, and remaining native behavior (3.884792ms)
✔ machine vendor, multimaterial, and firmware rules expose native supported controls and options (3.675375ms)
✔ machine extruder controls use native variant maps while preserving per-extruder differences (7.60875ms)
✔ firmware retraction conflicts preserve the actual native confirmation and alternative without silent edits (1.790958ms)
✔ nullable filament override states preserve inherit values, disabled checkboxes, and variant differences (2.80875ms)
✔ project bed selection and material temperature recommendations follow native tables (5.842875ms)
✔ SEMM nozzle edit confirmation requires an actual edit context and keeps both native choices (1.524958ms)
✔ supported process controls use native enum, boolean, percent, and numeric representations (0.98825ms)
✔ rejects unknown, non-finite, fractional integer, out-of-range, and invalid enum settings (0.1705ms)
✔ display values reflect native preset values, including false strings and vector speeds (0.781ms)
✔ only a positively advertised native initialization capability suppresses the raw CLI diagnostic (1.237041ms)
✔ second-apply archive reuses exact geometry/settings and places only a second instance on the internal plate (314.829458ms)
✔ warmup activates only for exact installed version and nonunity used-slot compensation (377.070208ms)
✔ painting, brim auxiliaries and layer event/filament sequence metadata survive both initialization instances (40.367125ms)
✔ adapter returns target plate1 only and removes all internal files (250.914916ms)
✔ adapter rejects missing or extra plate outputs and cleans temporary data without publishing a download (1097.944125ms)
✔ adapter rejects mixing initialized embedded settings with external preset flags (2.95575ms)
✔ cancelling native initialization deletes partial outputs and never publishes plate1 (106.19575ms)
✔ single-volume native import exposes the material the actual native importer uses (211.072084ms)
✔ explicit inspector single-volume material survives native export despite stale parent metadata (69.759375ms)
✔ explicit part-editor single-volume material survives native export despite stale parent metadata (37.944958ms)
✔ multi-volume groups retain a distinct parent material and independent part choices (62.444125ms)
✔ passes explicit machine, process, filament and isolated data paths to native CLI (6.231458ms)
✔ preservePosition opts out of automatic native arrangement and orientation without changing the default (6.944625ms)
✔ cancelling a slicing operation removes native partial output and working directories (177.8235ms)
✔ concurrent native adapters isolate identical output names and preserve each input result (437.926542ms)
✔ drains large stdout while slicing instead of blocking on a full pipe (436.524ms)
✔ reports child failures, missing output, and multiple plates without choosing arbitrary G-code (1635.3045ms)
✔ terminates timed-out and cancelled processes, including a process ignoring SIGTERM (219.434416ms)
✔ health detects missing binary and identifies the configured executable (296.673875ms)
✔ native path-conflict exit retains diagnostics, explains the failure and discards partial output (253.1925ms)
✔ 100 concurrent writes remain valid JSON and survive reopening (157.287542ms)
✔ restart durably fails queued and slicing jobs and preserves completed jobs (4.856041ms)
✔ concurrent deletes and updates commit in call order without losing unrelated jobs (17.151917ms)
✔ input, returned values, and read snapshots cannot mutate stored jobs (23.178ms)
✔ corrupt or structurally invalid indexes reject initialization without overwriting data (12.252833ms)
✔ an unreadable index error is surfaced instead of being treated as an empty index (7.433083ms)
✔ failed atomic replacement preserves memory and disk, removes temp files, and allows retry (8.237625ms)
✔ serialization failures leave the previous index intact and do not poison the write queue (29.735708ms)
✔ conditional transitions serialize cancellation against completion and preserve terminal jobs (17.786292ms)
✔ support preview uses only actual support extrusion and preserves source layer/path metrics (4.700333ms)
✔ preview lifecycle polls and downloads only its created job and does not cancel completed work (21.700334ms)
✔ cancellation during creation waits for its ID then cancels only that job; polling cancellation is bounded (0.705792ms)
✔ preview errors retain native validation text, cancel an active polling failure, and bound G-code reads (2.039458ms)
✔ text outline counters remain closed and exact em scaling controls volume and dimensions (124.508625ms)
✔ multiline text alignment, spacing and world-normal rotation are effective geometric operations (15.754375ms)
✔ emboss and engrave create coherent native groups, preserve existing part geometry, and edit in place through transforms (16.895625ms)
✔ text validation bounds workload and rejects invalid geometry parameters without silently substituting (61.5505ms)
✔ text regeneration preserves placement after repeated object/part rebasing and face placement (19.076125ms)
✔ native brush increase, fixture 0, matches independently compiled C++ at every control point (4.022625ms)
✔ native brush decrease, fixture 0, matches independently compiled C++ at every control point (13.818292ms)
✔ native brush reduce, fixture 0, matches independently compiled C++ at every control point (1.51625ms)
✔ native brush smooth, fixture 0, matches independently compiled C++ at every control point (3.613042ms)
✔ native brush increase, fixture 1, matches independently compiled C++ at every control point (0.0955ms)
✔ native brush decrease, fixture 1, matches independently compiled C++ at every control point (0.060833ms)
✔ native brush reduce, fixture 1, matches independently compiled C++ at every control point (0.055834ms)
✔ native brush smooth, fixture 1, matches independently compiled C++ at every control point (0.071208ms)
✔ native brush increase, fixture 2, matches independently compiled C++ at every control point (0.073792ms)
✔ native brush decrease, fixture 2, matches independently compiled C++ at every control point (0.114166ms)
✔ native brush reduce, fixture 2, matches independently compiled C++ at every control point (0.760541ms)
✔ native brush smooth, fixture 2, matches independently compiled C++ at every control point (0.058458ms)
✔ native brush increase, fixture 3, matches independently compiled C++ at every control point (0.295958ms)
✔ native brush decrease, fixture 3, matches independently compiled C++ at every control point (0.091083ms)
✔ native brush reduce, fixture 3, matches independently compiled C++ at every control point (7.034292ms)
✔ native brush smooth, fixture 3, matches independently compiled C++ at every control point (0.326541ms)
✔ layer brush protects native first layer, closed range margins and max/min saturation (0.448083ms)
✔ empty profile initializes a real editable native curve while malformed brushes reject (7.585291ms)
✔ band-local reset converges toward the configured height and smooth preserves distant points (0.666042ms)
✔ the first brush preserves native height-range initialization, including guarded range bands (0.3045ms)
✔ adaptive and smoothing match independently compiled native cube quality 0 (2.438417ms)
✔ adaptive and smoothing match independently compiled native cube quality 0.25 (0.993833ms)
✔ adaptive and smoothing match independently compiled native cube quality 0.5 (0.98725ms)
✔ adaptive and smoothing match independently compiled native cube quality 1 (2.363625ms)
✔ adaptive and smoothing match independently compiled native pyramid quality 0 (1.198917ms)
✔ adaptive and smoothing match independently compiled native pyramid quality 0.25 (0.50475ms)
✔ adaptive and smoothing match independently compiled native pyramid quality 0.5 (0.423667ms)
✔ adaptive and smoothing match independently compiled native pyramid quality 1 (0.445916ms)
✔ profile boundary validates scalar pairs, finite heights, order, native first height and current normal-part height (0.613959ms)
✔ source layer limits fall back for zero bounds, include default layer height and preserve raft semantics (0.864625ms)
✔ adaptive source incorporates sorted height ranges and smoothing keep-min never increases a point (9.69175ms)
✔ native profile codec uses model-object indices, preserves decimal values and refuses malformed metadata (0.627834ms)
✔ profiles roundtrip over component groups and selected plates, including joint height-range metadata (37.233583ms)
✔ server preserves profiles and rejects stale geometry/first-layer changes instead of native silent fallback (166.101875ms)
✔ VFA follows native model, height, spiral settings and preserves selected volumetric limits (12.524833ms)
✔ VFA honors native first layer, gradual slowdown and whole-number speed rounding (12.833459ms)
✔ VFA rejects invalid ranges, oversized towers and speed-dependent unsupported native settings (3.751375ms)
✔ VFA changes only outer-wall feedrates with relative extrusion and preserves modal travel (4.526416ms)
✔ VFA changes only outer-wall feedrates with absolute extrusion and preserves modal travel (5.950917ms)
✔ VFA rejects mismatched native baselines, missing object boundaries and unit changes (12.29725ms)
✔ Bambu native role and layer tags retain identical scheduled moves without rewriting the tags (1.041833ms)
✔ bounded ZIP64 reader accepts stored/deflated small files and regular ZIP remains compatible (14.422625ms)
✔ ZIP64 rejects oversized counts, integer overflow, directory lengths and multi-disk metadata before inflating (2.427792ms)
✔ ZIP64 rejects missing/truncated extras, overlapping directory bounds, forged expansions and inconsistent headers (32.826375ms)
ℹ tests 1063
ℹ suites 0
ℹ pass 1062
ℹ fail 1
ℹ cancelled 0
ℹ skipped 0
ℹ todo 0
ℹ duration_ms 20413.938166

✖ failing tests:

test at tests/unit/native-gcode-worker.test.js:10:1
✖ worker bounds input/result/console and times out stalled native code (197.712208ms)
  AssertionError [ERR_ASSERTION]: The input did not match the regular expression /output size limit/. Input:
  
  'Error: Native G-code processing timed out (including queue wait)'
  
      at async TestContext.<anonymous> (file:///private/tmp/orca-implementation/m35-toolbar-states-stage/tests/unit/native-gcode-worker.test.js:10:241)
      at async Test.run (node:internal/test_runner/test:1113:7)
      at async Test.processPendingSubtests (node:internal/test_runner/test:788:7) {
    generatedMessage: true,
    code: 'ERR_ASSERTION',
    actual: Error: Native G-code processing timed out (including queue wait)
        at unavailable (file:///private/tmp/orca-implementation/m35-toolbar-states-stage/server/native-gcode-worker.js:9:42)
        at Timeout.<anonymous> (file:///private/tmp/orca-implementation/m35-toolbar-states-stage/server/native-gcode-worker.js:50:45)
        at listOnTimeout (node:internal/timers:608:17)
        at process.processTimers (node:internal/timers:543:7),
    expected: /output size limit/,
    operator: 'rejects',
    diff: 'simple'
  }
