
> orca-web@0.1.0 test
> node --test tests/unit/*.test.js tests/integration/*.test.js

✔ HTTP all-plate statistics bind two completed native project jobs and never count a missing or deleted result (694.274542ms)
✔ HTTP all-plate endpoint rejects client-supplied cohort IDs and requires owned ready jobs (300.311958ms)
✔ native selection flows through upload, typed overrides, status, and G-code download (933.626667ms)
✔ rejects bad file types, empty files, malformed settings, invalid IDs and incompatible presets without leaving uploads (442.005458ms)
✔ preset defaults remain intact when an unrelated setting is overridden (398.459125ms)
✔ simultaneous queued requests retain distinct geometry markers and preset choices (697.512958ms)
✔ surfaces slicer errors and blocks failed-job downloads (419.215416ms)
✔ active jobs cannot be deleted; completed history and output can be deleted (492.719708ms)
✔ health reports missing executable and requests fail before entering queue (42.871041ms)
✔ missing preset resources report degraded service; unknown API routes return JSON (76.602875ms)
✔ upload limit rejects oversized data and cleans partial files (173.973083ms)
✔ embedded 3MF host scripts are rejected before creating a native job (231.94875ms)
✔ bound temperature measurement saves only its explicit native fields once with original template compatibility (491.816208ms)
✔ bound pressure-advance measurement saves only its explicit native fields once with original template compatibility (270.612167ms)
✔ bound retraction measurement saves only its explicit native fields once with original template compatibility (365.367667ms)
✔ bound max-volumetric-speed measurement saves only its explicit native fields once with original template compatibility (184.966833ms)
✔ stale measured-result sessions cannot save after preset changes or expiry (111.514917ms)
✔ prepare binds a random token to exact STL bytes, native preset snapshot and allowed parameters (342.087958ms)
✔ same IDs with changed resolved native configuration cannot reuse a calibration (192.415042ms)
✔ expired, evicted and unknown tokens require regeneration; cache is bounded (53.797875ms)
✔ prepare rejects extra user-supplied settings and unsupported modes before model work (83.612584ms)
✔ expensive native preparations are serialized by rejection and shutdown aborts active work (23.549291ms)
✔ disconnecting the prepare response aborts native work and frees the preparation slot (4018.283375ms)
✔ input shaping sessions bind model, firmware shaper, axis ranges and damping parameters (241.539542ms)
✔ cornering sessions bind native model and range without allowing a client-selected firmware parameter kind (105.162542ms)
✔ VFA sessions bind exact native geometry, preset snapshot and speed schedule (208.614625ms)
✔ max volumetric sessions bind the generated ramp and reject arbitrary nozzle and process overrides (191.404042ms)
✔ retraction sessions bind the native extrusion range and reject changed wipe metadata or settings (477.193125ms)
✔ native calibration resolution keeps scalar parsing and native sparse defaults consistent at preparation and validation (269.416042ms)
✔ calibration session binds inactive native material alternatives without using them as active values (129.006917ms)
✔ HTTP preparation reviews hidden native corrections and final save revalidates signed decisions durably (1014.742959ms)
✔ HTTP custom preset CRUD/import/export is durable, typed, same-origin, and catalog-compatible (493.688917ms)
✔ Cut to parts route passes bounded frame and geometry input through shared worker queue and rejects wrong operations (167.686416ms)
✔ Cut to parts disconnect cancels active native work without waiting for a result (43.591667ms)
✔ Cut to parts reports native unavailability explicitly and never falls back to a different cutting algorithm (8.649375ms)
✔ connection API validates and redacts CRUD, preserving keys on edits and enforcing same-origin mutations (209.741125ms)
✔ Moonraker status uses reported objects, preserves URL prefixes, and distinguishes offline firmware (54.821542ms)
✔ OctoPrint status handles disconnected printer 409 and exposes only available capabilities (30.347583ms)
✔ moonraker uploads only completed output without selecting/printing; starting requires explicit confirmation (36.358125ms)
✔ moonraker commands enforce confirmation, numeric validation, busy state, and map the native protocol (247.5635ms)
✔ octoprint uploads only completed output without selecting/printing; starting requires explicit confirmation (150.616958ms)
✔ octoprint commands enforce confirmation, numeric validation, busy state, and map the native protocol (191.189666ms)
✔ remote authentication errors and successful echo payloads never reveal API keys; failures release the lock (29.967167ms)
✔ in-flight commands lock same-device edit, delete, upload, and second commands; other connections remain usable (35.868125ms)
✔ HTTP adapter rejects redirects, invalid JSON, oversized bodies, and streamed timeouts without forwarding credentials (160.3385ms)
✔ flow project token rejects geometry, grouping, ratio, visibility and selection changes (421.966583ms)
✔ flow result uses bound specimen formula, creates a new preset and deduplicates identical retries (242.003625ms)
✔ changed or expired source presets cannot save a measured flow result (148.936875ms)
✔ cached flow project export validates the exact token, parameters, presets and geometry before returning cached bytes (214.7115ms)
✔ expired or shutdown calibration exports require regeneration and never return cached model bytes (20.442417ms)
✔ owned hotend routes preserve system vendor identity, custom last-vendor semantics and deleted/changed preset independence (86.500292ms)
✔ explicit configured vendor assets win; stale hashes fail and missing vendor files use original native default (92.4185ms)
✔ older snapshots show visible fallback provenance and missing defaults remain unavailable (59.618084ms)
✔ hotend asset routes reject traversal, symlink escapes, corrupt geometry, oversized files and unbound reads (59.98325ms)
✔ native hotend supports bounded ASCII STL without moving its coordinates (1.34825ms)
✔ native hotend selection and fallback paths match independently compiled original source (94.340875ms)
✔ catalog retains distinct index IDs and display names with defensive hotend metadata (92.530292ms)
✔ real app persists immutable printer-model bindings for multipart and embedded-project job creation (1067.114625ms)
✔ running cancellation stops the native child, persists cancellation, and removes partial outputs (1021.936167ms)
✔ queued cancellation returns while earlier work runs, is never started, and does not block subsequent jobs (808.387083ms)
✔ terminal cancellations are idempotent, retain ready downloads, and unknown jobs return 404 (522.478791ms)
✔ shutdown cancels both running and queued jobs with no surviving work or downloads (592.118292ms)
✔ startup cleans abandoned owned artifacts, preserves ready G-code, and leaves unrelated files untouched (500.116792ms)
✔ invalid job indexes stop startup before abandoned-file cleanup (7.517375ms)
✔ selection exposes native numeric bed geometry and placement is explicitly opt-in (955.997375ms)
✔ only complete matching owned project slices produce original native all-plate statistics (10.935375ms)
✔ unrelated geometry/config/engine versions, missing and failed plates never produce partial fabricated totals (4.930417ms)
✔ the viewed job anchors its own plate even when newer matching jobs exist (0.378333ms)
✔ job deletion, changed context, changed extruder metadata and helper replacement reject in-flight aggregation (5.919666ms)
✔ all-plate work serializes requests, honors cancellation and shutdown (4.414959ms)
✔ legacy jobs remain explicitly unavailable and unknown/nonready jobs keep ownership boundaries (0.280291ms)
✔ whole-operation timeout aborts native processing across the complete project request (16.5075ms)
✔ arrangement API prepares native geometry outside the bed without weakening export/slicing bounds (133.893834ms)
✔ arrangement rejects locked plates and invalid choices before worker admission, and returns explicit worker errors (46.301083ms)
✔ clipboard shares bounded geometry queue and shutdown rejects further requests (20.441875ms)
✔ app shutdown cancels active and waiting configuration HTTP requests and rejects future admission (303.973459ms)
✔ configuration HTTP endpoint preserves operational status instead of rewriting it to400 (83.492417ms)
✔ prepareGeometry forwards the caller signal through native preset resolution (35.089834ms)
✔ geometry route shutdown cancels configuration preparation before arrangement worker admission (9.908709ms)
✔ arrangement passes selected native temperature/nozzle vectors rather than archived alternatives (32.619167ms)
✔ Fill service ignores forged tower data, uses effective native presets, and omits redundant geometry from its reply (65.6085ms)
✔ Arrange prepares every plate for the existing tower and never accepts client-provided footprints (15.957875ms)
✔ linked Cut route passes bounded frame and geometry input through shared worker queue and rejects wrong operations (132.989417ms)
✔ linked Cut disconnect cancels active native work without waiting for a result (24.384375ms)
✔ linked Cut reports native unavailability explicitly and never falls back to one-instance Cut (12.081667ms)
✔ cross-setting preflight rejects native structural errors before queuing or retaining uploads (972.704583ms)
✔ native project preflight checks global settings, printable part overrides and native plate vase state (188.281416ms)
✔ native import stores original user diff and editor reset resolves the native parent rather than imported child (1104.262416ms)
✔ root edit reloads direct native children while reopening resolves their nullable variant differences (1047.058041ms)
✔ native parent cycles and helper failure do not overwrite persisted user diffs (202.638625ms)
✔ failure while reloading a root child leaves the entire save transaction and disk file unchanged (1164.957125ms)
✔ native derived edits do not eagerly reload grandchildren; a restart applies their stored native diffs (1277.603333ms)
✔ native-mode names follow portable reserved-name rules and root machine save retains only allowed settings (668.31075ms)
✔ same G-code with different immutable job palettes gets independent snapshot-bound results (29.583334ms)
✔ changed editor context invalidates cache even if G-code and helper identity stay identical (24.078208ms)
✔ editor snapshot mutation during native work rejects stale data and never mutates queued input (16.522958ms)
✔ old helpers and legacy jobs retain explicit standalone provenance instead of implying editor totals (11.404084ms)
✔ invalid stored snapshots are rejected before any native processing (5.729834ms)
✔ unavailable bounded job context reaches the response and participates in cache identity (20.279042ms)
✔ native preview HTTP route serves only owned ready jobs and retains native source identity (132.22275ms)
✔ cache invalidates changed G-code and worker identity and evicts by bounded entry count (15.46125ms)
✔ concurrent subscribers share native work; aborting one preserves the other and aborting all stops work (16.441ms)
✔ job deletion during processing cannot cache or return orphaned native geometry (8.954ms)
✔ capability endpoint reports actual identity or a missing helper without attempting job processing (7.700083ms)
✔ changing a helper during an in-flight job rejects stale identity and never caches the result (9.482333ms)
✔ ready-job snapshots reject symlinked output files and invalid cache budgets (4.157333ms)
✔ snapshot preparation is bounded before allocating input copies (5.044958ms)
✔ tower route resolves complete geometry and effective presets, ignoring browser-supplied native counts (61.66325ms)
✔ tower route rejects wrong response identity and reports unavailability without fabricated geometry (15.775833ms)
✔ tower disconnect aborts the native request and shutdown aborts remaining work (16.135167ms)
✔ contextual preset reads share app shutdown cancellation and preserve the service status (221.484834ms)
✔ native project routes import matching settings and export a project larger than the generic JSON limit (637.385292ms)
✔ native project routes reject unsafe embedded commands, wrong formats and invalid process overrides (101.344375ms)
✔ fresh native GUI archive imports and exports through strict HTTP project validation (106.745584ms)
✔ native part compensation options survive strict HTTP export without allowing host commands (41.619209ms)
✔ native process clipboard HTTP route returns typed source settings and preserves destination filament (418.322666ms)
✔ clipboard rejects mismatched scope, global-only settings, unbounded destinations and requests after shutdown (83.390208ms)
✔ process Paste accepts complete resolved catalog settings while keeping compatibility metadata out of native overrides (381.001875ms)
✔ multi-plate token validates the whole unchanged scene before selecting each trusted native archive (1620.486458ms)
✔ full native export retains all generated plates while selected export contains only its complete four layers (2497.916833ms)
✔ unknown, expired and altered-preset multi-plate requests never yield cached bytes (1221.1435ms)
✔ HTTP catalog evaluates printer/process expressions, library exclusion and native warnings (574.769292ms)
✔ HTTP configuration and slicing reject an expression selection after hardware becomes incompatible (653.285833ms)
✔ trusted catalog overlays use the same overridden compatibility in discovery and native admission (674.0855ms)
✔ native JSON dependencies preserve explicit lists, dormant expressions and unknown names across persistence/export (1148.676291ms)
✔ imported native expressions control discovery and material print lists use original precedence (912.896292ms)
✔ incompatible imported presets stay editable but ordinary native resolution always enforces compatibility (1823.916917ms)
✔ native first system filament save seeds the base printer once, but process and derived custom saves retain All (2646.447084ms)
✔ native full-config condition groups remain bounded and survive project settings plus archive roundtrip (296.130208ms)
✔ native compatibility ancestry retains a derived custom parent when Save as new copies it (3121.266333ms)
✔ ordinary slice snapshots resolved machine/filament properties durably with no user connection fields (884.346666ms)
✔ native editor project jobs bind embedded properties and active-plate event metadata without command bodies (650.883833ms)
✔ raw archive uploads do not falsely claim selected-preset editor provenance (352.783ms)
✔ bounded preview limitations do not reject a valid native configuration or invent summary defaults (489.070958ms)
✔ multipart slicing validates hidden native decisions and writes only the accepted source-derived value (1407.494792ms)
✔ missing, stale, malformed and injected process decisions fail without jobs or abandoned uploads (727.827958ms)
✔ catalog-native projects preserve the decision after canonical preset flattening (698.844458ms)
✔ embedded native projects replay the same hidden decision before producing slicing and export bytes (462.617542ms)
✔ native project jobs select one plate, retain embedded settings, accept large projects, and clean temporary archives (1424.129917ms)
✔ invalid native project settings and calibration payloads never queue native jobs (112.267459ms)
✔ direct project-import HTTP requests share the bounded native queue with raw helper callers (747.603917ms)
✔ original Preset::save emits parent differences and nullable variant nil markers, then native child loading resolves them (393.592917ms)
✔ user-diff projection matches captured independent complete native user-file loading (896.809709ms)
✔ independent user-file reference is pinned to retained inputs, generator and native worker sources (5.147208ms)
✔ native root-edit reload remains distinct from native user-file restart loading (142.952042ms)
✔ private server boundary retains original native diff, version, identity and full variants (93.211416ms)
✔ native sphere reaches connected back-facing surfaces while circle is view-facing and neither crosses disconnected shells (193.506542ms)
✔ circle brush uses projected radius; clipping and world overhang constraints restrict actual native subfacets (213.703542ms)
✔ subfacet bucket and triangle editing cross unequal shared edges without repainting other states (0.769417ms)
✔ gap fill uses strict local patch area and lowest adjacent state, preserving immutable snapshot decisions (1.299708ms)
✔ height paint and source native brush constraints reject invalid or excessive parameters (106.814125ms)
✔ native C++ polygon pipeline and source corner predicates: 81 outer/hole/negative/overlap/acute/tiny-edge cases (135.860459ms)
✔ default diameter uses native global first-layer width; strict right-angle boundary and duplicates preserve user ears (1.099583ms)
✔ mesh section honors grouped transforms and negatives, ignores modifiers, and rejects damaged topology (115.841375ms)
✔ disconnected ears connect through an ear chain without mutating geometry (33.962375ms)
✔ brim ear metadata rejects malformed, duplicate and unsupported native records (1.791667ms)
✔ native ears round trip by model index with plate offsets and object transforms (153.191541ms)
✔ ears follow grouped rebasing, mirror and placement while their diameter stays fixed (70.186667ms)
✔ part edits and deletion preserve object-level ears while part copies do not duplicate them (17.708292ms)
✔ finite capsule distances handle intersections, skew edges, parallel segments and degenerate projections (0.954417ms)
✔ continuous sphere and circle strokes cover the swept capsule between sparse pointer samples (337.479666ms)
✔ screen interpolation preserves facet transitions, curve bends and missed surfaces with bounded work (1.93425ms)
✔ explicit temperature measurement maps only to the source-defined filament settings (2.332167ms)
✔ explicit pressure-advance measurement maps only to the source-defined filament settings (0.210375ms)
✔ explicit retraction measurement maps only to the source-defined filament settings (0.09725ms)
✔ explicit max-volumetric-speed measurement maps only to the source-defined filament settings (0.094125ms)
✔ temperature requires a whole-degree value and no unsupported result is guessed (0.190042ms)
✔ temperature plan uses native labelled block coordinates, nozzle scale and native preset scope (1.759583ms)
✔ calibration rejects unsupported modes, arbitrary keys, invalid ranges, oversized towers and multiple extruders (0.509125ms)
✔ PA plan derives bounded wall speed from the native flow area and 1 mm height schedule (0.160875ms)
✔ PA commands follow the selected native firmware flavor (0.220291ms)
✔ temperature interpolation follows the native first-two-layer and final-layer behavior (0.337583ms)
✔ postprocessor inserts actual calibration commands after native layer macros and preserves motion (3.452125ms)
✔ postprocessor refuses incompatible versions, missing anchors and inconsistent layer metadata (0.469125ms)
✔ clipped geometry is capped with consistent winding and preserves true volume (8.928583ms)
✔ clipping retains enclosed holes instead of filling the calibration cut solid (5.241375ms)
✔ calibration placement uses the real bed and rejects unsupported bed shapes (1.491791ms)
✔ input shaping generates native models and complete spiral, acceleration and cooling settings (1.070916ms)
✔ input shaping validates native ranges, firmware-specific types and request fields (12.886708ms)
✔ input shaping follows native frequency first-layer and second-layer firmware sequences (0.584792ms)
✔ damping preserves native zero no-op, initialization and float32 interpolation instead of fabricating resets (0.373291ms)
✔ only a final native spiral closing layer may repeat its preceding Z marker (5.896875ms)
✔ cornering maps positive Marlin junction deviation and other presets to native defaults and units (9.390583ms)
✔ cornering commands match native firmware parameters and zero no-op behavior (0.682167ms)
✔ cornering rejects overlapping schedule commands and removes stale time/progress while retaining material (2.533334ms)
✔ Bambu native layer and Z tags preserve temperature scheduling and original reserved comments (0.223708ms)
✔ fit keeps every corner of wide, tall and asymmetric objects within portrait and landscape camera frames (4.053666ms)
✔ camera fitting is translation invariant and validates malformed geometry and viewport dimensions (0.544625ms)
✔ fitting arbitrary viewing axes preserves orientation and contains every corner in both projections (0.967667ms)
✔ fit rejects degenerate or malformed viewing axes before producing invalid camera coordinates (0.343958ms)
✔ custom prepare/save derives hidden vase corrections, persists them outside overrides, and reopens durably (1759.4915ms)
✔ save never accepts injected hidden settings, native patches, forged decisions, or caller capability flags (64.84975ms)
✔ structural failures block persistence and material warnings require their current acknowledgment signature (102.403208ms)
✔ source changes invalidate reviewed hidden corrections and sequential event decisions replay without repeated dialogs (62.701875ms)
✔ a standalone imported printer can be renamed even when no bundled process is compatible (369.147042ms)
✔ custom machine/process/filament snapshots persist and affect actual selection with strict compatibility (210.343083ms)
✔ derived machines retain native compatibility ancestry and expose custom bed geometry (62.639791ms)
✔ custom edits replace override map relative to frozen base and cannot mutate bundled files (30.247125ms)
✔ native inherited JSON imports resolve trusted names and export their native differences (745.512ms)
✔ native imports reject missing/ambiguous parents, unknown fields, scripts, malformed dependencies, and credentials without saving partial data (12.706917ms)
✔ concurrent edits, rename collisions, delete/update races and write failures stay atomic (58.830792ms)
✔ corrupt custom store is reported instead of overwritten (7.087292ms)
✔ all native connector primitive vertices and triangles match independently compiled pinned native functions (9.852334ms)
✔ native primitive recentering produces closed outward surfaces for every connector type and shape (58.933ms)
✔ plug clearances and cut identity match native processed-volume semantics (467.950667ms)
✔ dowels produce independent upright solids and two tolerance-expanded holes with native preview offsets (123.298166ms)
✔ snap and asymmetric polygon connectors retain native geometry on oblique planes (26.670375ms)
✔ invalid placement, intersecting negative regions and malformed plans fail without changing the source (26.613708ms)
✔ repeated cuts increment source family counters and synchronize surviving peers without changing unrelated families (28.593ms)
✔ exact one-volume geometry correspondence retains cut identity and connector flags (1.379042ms)
✔ changed topology clears all family identities and connector flags while preserving every replacement surface (0.348375ms)
✔ split or assembly membership invalidates original families instead of duplicating stale connector flags (0.281625ms)
✔ cut identities preserve unsigned 64-bit values exactly and reject unsafe numbers (1.732166ms)
✔ connector types and distances are explicit and do not infer editable source plans (0.327583ms)
✔ cut XML uses native object and volume indexes, repeated connector containers and exact identity strings (5.607625ms)
✔ malformed XML, missing identities, duplicate indexes and invalid connector references fail explicitly (0.942584ms)
✔ native project roundtrip retains grouped connector identities, roles, material slots and plate reindexing (93.003291ms)
✔ missing object or volume metadata references reject before the native executable (79.649291ms)
✔ repeated build instances retain one native cut record on every expanded group (14.9655ms)
✔ membership and role changes invalidate related cut metadata without deleting connector geometry (0.820208ms)
✔ client normalization and server preparation preserve only validated cut fields (140.234209ms)
✔ empty native mesh volumes cannot shift connector volume indexes silently (16.076666ms)
✔ near-edge cuts remove Float32-collapsed faces and split collinear boundary edges without moving the plane (6.921875ms)
✔ Cut transport uses its bounded geometry output budget and validates the native replay identity (944.57175ms)
✔ Cut transport cancellation and queue deadlines remove all isolated geometry (1585.91175ms)
✔ original Cut to parts result applies atomically: ordinary STL without retained frame (40.991709ms)
✔ original Cut to parts result applies atomically: linked translated solids (54.164917ms)
✔ original Cut to parts result applies atomically: two normal volumes preserve A B interleaving (29.502292ms)
✔ original Cut to parts result applies atomically: crossed and outside helpers retained exactly once (28.353084ms)
✔ original Cut to parts result applies atomically: tilted scaled mirrored source with oblique cut (9.392417ms)
✔ original Cut to parts result applies atomically: selected mirrored tilted instance (6.694333ms)
✔ original Cut to parts result applies atomically: first instance no auto-drop (7.998375ms)
✔ Cut to parts rejects incompatible controls and invalid planes before native work (1.741042ms)
✔ native output validation rejects identity, reordering, lost modifiers and unbounded geometry (6.630666ms)
✔ native geometry keeps full source frames and strips topology-dependent painting only on the returned transaction (5.960875ms)
✔ captured Cut oracle retains pinned source, independently rebuilt generator and exact fixture inputs (12.84625ms)
✔ printer credentials persist privately; public records and reads cannot mutate the store (13.280167ms)
✔ concurrent creates and edits preserve every record and the latest credential (85.388ms)
✔ failed atomic replacement leaves memory intact, cleans the temporary file, and allows later writes (6.654875ms)
✔ corrupt or invalid stored connections abort startup without replacing their contents (5.73125ms)
✔ malformed URLs, credentials, names, and camera URLs are rejected without persisting a connection (2.628708ms)
✔ native C++ dovetail plane math and ordered half-space paths match: basic (6.413792ms)
✔ native C++ dovetail plane math and ordered half-space paths match: repeated (0.303667ms)
✔ native C++ dovetail plane math and ordered half-space paths match: tapered (0.149083ms)
✔ native C++ dovetail plane math and ordered half-space paths match: obtuse (0.105375ms)
✔ native C++ dovetail plane math and ordered half-space paths match: zero-clearance (0.121167ms)
✔ native C++ dovetail plane math and ordered half-space paths match: negative-clearance (0.090083ms)
✔ native dovetail cuts produce closed real tongues/sockets and exact analytic clearance volume (174.972875ms)
✔ repeated tapered and oblique dovetail cuts preserve closed fragments, retained sides and bed placement (699.736125ms)
✔ dovetail family updates preserve peers, existing connector metadata and intersecting modifier volumes (47.862667ms)
✔ invalid or unsupported dovetails fail without mutating source or returning zero-volume pieces (3.222625ms)
✔ hidden normal parts remain in the cut family and native project roundtrip retains final geometry and identities (380.839542ms)
✔ split and assembly remap sparse native painting to exact source triangles (42.404583ms)
✔ ordinary repair preserves painting through triangle reindexing and rejects painted deletion (47.957167ms)
✔ compatible orientation repair preserves exact painted subregions and incompatible bases fail before loss (11.812167ms)
✔ assembly rejects incompatible reflected nonuniform paint while uniform states remain preservable (68.491542ms)
✔ native nibble strings decode exact states and split-child order with lossless encoding (2.216125ms)
✔ bounded painting validation rejects malformed, truncated, excessive and incompatible native data (0.513666ms)
✔ painting records actual facets, connected fill and sphere refinement without changing source surfaces (12.414459ms)
✔ winding changes preserve exact asymmetric native painted regions via explicit vertex order (0.40875ms)
✔ filament remapping swaps native leaves simultaneously and includes base part and object fallback without changing geometry (2.439292ms)
✔ mapping identity is a no-op and invalid source, target, role and group settings fail before edits (1.173417ms)
✔ native per-plate output sequence aliases and associations survive selected/reordered exports (1.962209ms)
✔ native output metadata rejects missing plate, invalid indices and oversized arrays (1.784209ms)
✔ layer orders use native equal-width interval encoding beyond the misleading scalar max of sixteen (0.987958ms)
✔ orders reject duplicate/missing slots, malformed ranges and mismatched native record widths (0.379083ms)
✔ native project service preserves sequence metadata per plate and rejects malformed order before export (951.646167ms)
✔ adding slots preserves existing purge values and initializes the native 140+140 transition defaults (2.124958ms)
✔ removing a used slot fails; unused removal remaps parts and layer events without changing the original (0.791334ms)
✔ embedded slot duplication preserves per-material vector values and round-trips an unused slot removal (0.994833ms)
✔ flow methods use native percent versus additive formulas and source-specific sample lists (2.991375ms)
✔ flow geometry preserves labels and per-object ratios with ten-layer scaling and group centering (8.990584ms)
✔ flow plan rejects unknown fields, bad ranges and unsafe substitutions for labelled native specimens (3.54425ms)
✔ flow output validation requires every prepared native specimen and preserves native moves and estimates (2.902708ms)
✔ font service serves only allowlisted native bundled files and their attribution, rejecting links and path requests (218.179125ms)
✔ normal native role colors and ordering match independently extracted pinned declarations (7.917ms)
✔ opt-in raw source changes no parsed geometry or estimates and preserves exact line text (4.928833ms)
✔ hiding a role preserves scrubbed source position and original arc command identities (6.048125ms)
✔ source window retains non-motion commands and all semicolon text; no hidden or empty path invents an active line (1.125042ms)
✔ source and display bounds report their limits without dropping a line number or treating unparsed context as a selected move (11.24325ms)
✔ actual GUI-exported2.4.2 G-code retains102 layer/command mappings and native feature ordering without inferred timing (622.173208ms)
✔ scalar colors and legend values equal unmodified native ColorRange/Types C++ in 50 boundary and interpolation cases (2.303416ms)
✔ commanded flow matches six independent C++ float-operation cases and rejects missing or non-extrusion inputs (0.164667ms)
✔ native height/width tags persist across roles, clamp excessive width, and clear invalid metadata without geometry mutation (2.052417ms)
✔ filament config overrides header, tool commands select diameter, heater T parameters do not and M221 does not change commanded flow (0.258083ms)
✔ known tags remain inspectable while arc, volumetric E, wipe, firmware retract and conflicting relative modes leave flow unavailable (1.484334ms)
✔ missing diameter, feed or tags produce explicit nulls and source-less previews are not populated from assumptions (1.005542ms)
✔ native scalar ranges cover the whole file and only exclude hidden Custom for width/flow, preserving native singleton behavior (0.688459ms)
✔ all 6,896 tagged linear motions from the actual native GUI fixture equal the independent C++ float rows (508.574792ms)
✔ preview changes tools only for leading T commands, never heater or acceleration parameters (2.136333ms)
✔ tracks native layer/feature comments, feed rates, tools and genuine header estimates (4.744833ms)
✔ absolute/relative axes and M82/M83 extrusion modes remain explicit across G92 resets (0.888666ms)
✔ distinguishes extrusion, travel, moving retraction and stationary retraction/unretraction (0.1865ms)
✔ tessellates clockwise/counterclockwise IJ arcs, full circles and helical Z motion (0.476667ms)
✔ supports radius-defined minor/major arcs and alternate planes without flattening them (5.75775ms)
✔ invalid arcs are reported and omitted rather than converted into fabricated straight paths (0.095917ms)
✔ unknown starting coordinates and homing do not produce invented moves (0.488834ms)
✔ commentless layers use extruding Z and ignore non-extruding Z-hop heights (0.105458ms)
✔ duplicate native layer comments annotate one layer and missing native estimates remain absent (0.106292ms)
✔ caps segments, lines, characters and arc subdivision with explicit partial-preview diagnostics (0.188709ms)
✔ parses inches, modal moves, comments, compact commands, line numbers and checksum suffixes (0.235584ms)
✔ absolute arc-center mode and coordinate safety limits are respected (0.096083ms)
✔ Orca setup/purge paths do not shift one-based printed layer labels (0.08475ms)
✔ complete generated pattern import captures four-layer geometry/settings/plate binding and survives JSON scene roundtrip (154.839042ms)
✔ stale generated patterns reject transform, geometry, native settings, plate and command edits (186.131541ms)
✔ incomplete marked projects cannot establish a new binding, ordinary custom commands retain existing semantics (25.330833ms)
✔ native project preparation accepts unchanged embedded import and rejects changed geometry, presets and plates (183.861833ms)
✔ browser edit guard retains fixed paths and checks effective process settings while allowing selection and names (3.138792ms)
✔ saved version-one pattern bindings retain their original geometry/settings/active-plate fingerprint (65.350583ms)
✔ planar cut produces closed caps with conserved volume and preserves transformed placement (30.428916ms)
✔ cut caps preserve nested cavities, islands and disconnected shells (2.78375ms)
✔ cut through existing vertices/edges remains manifold and invalid surfaces fail without mutation (1.872542ms)
✔ concave cut contours cap the real outline rather than its convex hull (2.414542ms)
✔ mirroring transforms asymmetric geometry, preserves outward winding and is reversible (1.396042ms)
✔ native group cut preserves part roles, assignments and shared overrides without orphaned modifiers (2.605917ms)
✔ split disconnected shells preserves transformed world surfaces and leaves source unchanged (8.190625ms)
✔ assembly metadata disassembles parts at current world positions without a Boolean union (3.199292ms)
✔ repair removes degenerate and duplicate faces, fixes isolated winding errors, and retains dimensions (1.204541ms)
✔ repair reports open boundaries and does not invent caps or flip nested cavity shells (1.546833ms)
✔ transforms rotate and scale about source center while position is world translation (1.153833ms)
✔ combined Euler rotation matches Three.js XYZ convention used by the viewport (0.396958ms)
✔ bed placement centers XY and drops transformed minimum Z while imported assemblies keep offsets (3.505ms)
✔ scene bounds, duplicate, remove and hidden objects use independent serializable meshes (1.712125ms)
✔ arrange keeps transformed boxes inside build volume with nonoverlapping XY footprints (2.304334ms)
✔ mesh analysis identifies closed topology, open boundaries, degeneracy and duplicate faces (1.702584ms)
✔ binary STL includes only visible triangles with baked transforms and repaired mirrored winding (0.742042ms)
✔ place on face rotates an outward side normal down, retains XY center and resets transforms (0.593417ms)
✔ invalid input coordinates and zero scale are rejected before geometry export (0.123ms)
✔ server validates and preserves shared editing frames in web metadata while native geometry stays baked (237.629917ms)
✔ source-derived positive shrinkage schedule matches every captured OrcaSlicer 2.4.2 GUI layer (120.765042ms)
✔ height ranges normalize native scalar/vector settings, expose only region controls plus mandatory layer height, and sort natively (11.2105ms)
✔ native overlaps trim later ranges rather than merge settings, including identical starts and fully covered ranges (0.471792ms)
✔ range validation rejects unsafe numbers, duplicate bounds, host scripts, global controls and missing layer heights (1.903042ms)
✔ range layer-height bounds follow native extruder fallback and zero maximum uses 75 percent nozzle (0.600541ms)
✔ XML roundtrip uses 1-based model-object indices, preserves gaps and rejects malformed or hostile metadata (4.226167ms)
✔ native range metadata attaches to whole model objects, not component resource IDs, and remaps selected plates (126.349458ms)
✔ all instances of one native model object inherit its indexed ranges (10.218834ms)
✔ regrouping adopts the target height ranges and detached copies retain independent values (2.096667ms)
✔ server sanitizes and preserves ranges, validates nozzle bounds and rejects hidden host hooks (82.940417ms)
✔ structural preflight validates effective ranged settings after ordinary part settings (3.577042ms)
✔ SVG physical units, viewBox mapping and scale leave extrusion depth in millimetres (2.196291ms)
✔ bounded ZIP reader accepts stored/deflated entries and rejects oversized or forged expansions (42.817917ms)
✔ file limits apply before reading file bytes and triangle limits before STL/OBJ expansion (1.151333ms)
✔ STEP mesh conversion preserves assembly names, rejects bad indices and enforces mesh budgets (3.107791ms)
✔ official OpenCascade WASM tessellates upstream STEP cube into actual closed surfaces (493.598084ms)
✔ native initial profile, layer schedule and complete RGBA/LOD textures match independent C++ case 0 (27.175375ms)
✔ native initial profile, layer schedule and complete RGBA/LOD textures match independent C++ case 1 (2.518792ms)
✔ native initial profile, layer schedule and complete RGBA/LOD textures match independent C++ case 2 (1.320541ms)
✔ native initial profile, layer schedule and complete RGBA/LOD textures match independent C++ case 3 (2.0545ms)
✔ native initial profile, layer schedule and complete RGBA/LOD textures match independent C++ case 4 (0.64475ms)
✔ native initial profile, layer schedule and complete RGBA/LOD textures match independent C++ case 5 (0.623958ms)
✔ native initial profile, layer schedule and complete RGBA/LOD textures match independent C++ case 6 (0.624292ms)
✔ native initial profile, layer schedule and complete RGBA/LOD textures match independent C++ case 7 (0.84625ms)
✔ editable uniform initialization inserts one collinear pair while preserving native range discontinuities (1.2905ms)
✔ default preview layers retain native range heights instead of silently becoming uniform (1.267916ms)
✔ native cursor band is yellow at half strength in the center and fades to zero outside its cosine band (0.086542ms)
✔ malformed profiles and native texture overflow are rejected before allocating unsafe buffers (10.784ms)
✔ default C++ fused arithmetic differs only by documented one-channel rounding units (5.573208ms)
✔ legacy activation is version-gated and accepts canonical numeric/percent material values (0.432166ms)
✔ legacy mesh conversion retains absolute XY and joins OBJ submeshes into one native object while dropping Z (240.3945ms)
✔ preserved-position binary STL and grouped OBJ use the same bounded initialized native geometry (1700.875833ms)
✔ automatic-placement conversion delegates packing to native export and forwards isolated settings/cancellation (273.39525ms)
✔ malformed and oversized legacy geometry fail explicitly before initialized archive creation (27.097083ms)
✔ max flow uses native width, height, maximum layer adjustment and allowance in the correct preset scopes (7.216417ms)
✔ max flow follows float32 native flow area, selected filament ratio and continuous rounded per-height speed (3.272083ms)
✔ max flow never lowers a native maximum layer height already sufficient for its nozzle (0.679583ms)
✔ max flow rejects invalid, overly short/tall and zero-native-speed ranges without inventing safe values (2.239792ms)
✔ STL loader displays actual binary vertices and import placement matches selected bed (5.012625ms)
✔ OBJ loader preserves named surface groups and their relative positions (1.438458ms)
✔ empty geometry and unsupported file formats fail instead of rendering placeholder meshes (0.266166ms)
✔ selection expands native objects, toggles whole groups, honors part scope and excludes other plates (1.458083ms)
✔ joint affine edits preserve every group, painted facet and brim position with a stable numeric transform frame (4.62075ms)
✔ duplicate and delete operate on distinct complete native groups in one result without cross-plate edits (1.091959ms)
✔ native rectangle membership retains an existing superset, replaces new hits, adds with control, and selects only modifier volumes (1.205083ms)
✔ saved multiple selection and affine frame roundtrip; stale frame clears and invalid vectors or forged state reject (15.647625ms)
✔ batch center and drop translate jointly using normal surfaces, preserve spacing and do not change another plate (21.57225ms)
✔ batch edits retain editable text source placement and native object-owned brim anchors under part scope (46.1055ms)
✔ original C++ all-plate totals: multiple-maps-and-native-assignment-filter, normal, metric (1.23175ms)
✔ original C++ all-plate totals: multiple-maps-and-native-assignment-filter, normal, imperial (0.164833ms)
✔ original C++ all-plate totals: multiple-maps-and-native-assignment-filter, stealth, metric (0.094875ms)
✔ original C++ all-plate totals: multiple-maps-and-native-assignment-filter, stealth, imperial (1.136708ms)
✔ original C++ all-plate totals: zero-columns-and-disabled-stealth, normal, metric (0.213541ms)
✔ original C++ all-plate totals: zero-columns-and-disabled-stealth, normal, imperial (0.129625ms)
✔ original C++ all-plate totals: zero-columns-and-disabled-stealth, stealth, metric (0.117791ms)
✔ original C++ all-plate totals: zero-columns-and-disabled-stealth, stealth, imperial (0.103959ms)
✔ original C++ all-plate totals: native-commands, normal, metric (0.158208ms)
✔ original C++ all-plate totals: native-commands, normal, imperial (0.192125ms)
✔ original C++ all-plate totals: native-commands, stealth, metric (0.260917ms)
✔ original C++ all-plate totals: native-commands, stealth, imperial (0.123667ms)
✔ original C++ all-plate totals: native-gui, normal, metric (0.068083ms)
✔ original C++ all-plate totals: native-gui, normal, imperial (0.055667ms)
✔ original C++ all-plate totals: native-gui, stealth, metric (0.112583ms)
✔ original C++ all-plate totals: native-gui, stealth, imperial (0.085167ms)
✔ original native time labels retain float division, minute rounding and subsecond sprintf behavior (0.20775ms)
✔ all-plate totals require every completed native editor result and consistent palettes/properties (0.639292ms)
✔ arrangement transport validates identity/results and always removes isolated request files (2175.295375ms)
✖ arrangement input/output/console bounds and whole-operation deadlines reject stalled helpers (255.081792ms)
✔ active/queued cancellation, overflow and shutdown do not retain geometry or processes (420.645958ms)
✔ request preserves assemblies/part roles and transforms; selected-only keeps other objects fixed (2.63225ms)
✔ rigid native delta rotates whole assembly while preserving geometry, painting, settings and other objects (1.4225ms)
✔ spill placements create independent plates, preserve their native settings and clear moved selection (3.245542ms)
✔ invalid options, locked/empty selections and malformed native results never mutate project (1.549958ms)
✔ legacy single selection survives arrangement when selectedIds is empty (0.375833ms)
✔ real GUI plate images retain exact bytes through bounded JSON and generate correct native references (30.709292ms)
✔ appearance edits invalidate only the affected plate while selection, name and process changes retain render assets (16.979583ms)
✔ selected and reordered plate exports renumber image paths without retaining another plate image (9.049292ms)
✔ missing references produce actionable warnings and unsafe image references reject without filesystem access (5.760917ms)
✔ malformed base64, unknown image kinds, invalid chunks and image resource bounds fail closed (4.364416ms)
✔ actual native archive and strict service exports retain image bytes and omit stale or instance-ID picking references (2254.3275ms)
✔ native attachments, cover relationships and attribution survive JSON and native export with exact opaque bytes (1475.414542ms)
✔ native folders accept supported uploads atomically and preserve byte count and Unicode names (7.796291ms)
✔ rename and deletion keep covers coherent, clear generated cover files and leave original history unchanged (214.261209ms)
✔ missing designer covers and referenced cover resources are diagnosed without external reads (61.877834ms)
✔ unsafe paths, portability collisions, malformed payloads and reference forgery reject before output (0.340333ms)
✔ unknown auxiliary categories and root-level opaque files survive while metadata rejects invalid keys and values (40.99175ms)
✔ picture previews accept bounded static raster data and never interpret renamed active or oversized content (34.584958ms)
✔ real OrbitControls gestures follow all81 original native button mappings, including modifier keys (20.68575ms)
✔ native default middle drag pans without dollying and selected orbit speed scales the angle (0.745625ms)
✔ reverse wheel changes zoom direction without changing later touch pinch direction (0.470042ms)
✔ reentrant wheel events and disposal restore the original zoom speed; paint can suppress left camera gestures (0.240709ms)
✔ camera preferences use exact native defaults, preserve supported values and reject malformed storage (0.33375ms)
✔ orbit input commits on native bounds and two-decimal formatting (0.125709ms)
✔ camera reference retains original method and generator provenance (0.820666ms)
✔ Copy is detached; paste preserves names, painting and settings with fresh IDs (25.942292ms)
✔ All model objects participate, including invisible and other-plate objects (1.931583ms)
✔ Invalid worker transforms, identity changes, clone bounds and calibration reject atomically (1.224792ms)
✔ Clones retain processed connector geometry but detach copied cut identity (0.534625ms)
✔ Part paste applies returned raw mesh transform and adopts destination object settings (0.786417ms)
✔ Ordinary imported mesh retains native instance frame through Copy and JSON; stale topology rejects (1696.248125ms)
✔ Modes require native whole-object/part destination selection and unchanged active plate (4.126ms)
✔ Part Clone validates each copy/index pair and applies one atomic result (1.626ms)
✔ compatibility metadata retains explicit lists and conditions while only the explicit leaf alias is sent to native naming (2.199166ms)
✔ listing selects active process for filament evaluation and carries native library exclusions (2.836458ms)
✔ listing does not fall back on helper failure, mismatched result IDs, or cancellation (1.080375ms)
✔ an incompatible selected process is explicit and native parser warnings retain original acceptance (0.309791ms)
✔ all catalog batches share one deadline rather than resetting the timeout per helper (51.027291ms)
✔ configuration cache identifies the current binary before reuse and rejects a removed helper (50.3335ms)
✔ binary replacement during a request never publishes or caches the stale output (13.287417ms)
✔ configuration failures preserve native error identity, diagnostic properties and cancellation reason (5.732708ms)
✔ one application lifetime aborts active and queued calls, waits for cleanup and leaves other lifetimes usable (45.778583ms)
✔ native config queue bounds processes, aborts queued work, and shares one deadline (202.062292ms)
✔ native config request/output bounds and source version are enforced before use (74.113167ms)
✔ cached configurations are defensive and keyed by request and helper path (13.853792ms)
✔ native defaults and ordinary resolved numeric values satisfy structural checks (5.0065ms)
✔ native minimum diameter, layer, clearance and flow checks retain exact boundaries (1.386333ms)
✔ CLI vase restrictions include hidden support layers while GUI validation permits its correction flow (3.833083ms)
✔ line widths resolve percentages against largest nozzle and bridge widths are bounded by smallest nozzle (1.038625ms)
✔ firmware retraction rejects wipe even at 100 percent and invalid enums and nonfinite values are reported (1.154208ms)
✔ native cover applies all three relationships and designer metadata atomically without changing opaque attachments or source state (581.52675ms)
✔ incomplete, foreign, stale and wrongly sized native cover results fail without a partial project edit (2250.737292ms)
✔ text attachment preserves one imported native object identity through edit and native export (438.786042ms)
✔ text attachment preserves multiple linked native object identity through edit and native export (47.724042ms)
✔ svg attachment preserves one imported native object identity through edit and native export (216.191792ms)
✔ svg attachment preserves multiple linked native object identity through edit and native export (71.87475ms)
✔ legacy attachment preserves one imported native object identity through edit and native export (467.832417ms)
✔ legacy attachment preserves multiple linked native object identity through edit and native export (68.79675ms)
✔ standalone native creations stay independent of the selected native family (0.56275ms)
✔ Cut captures the detached model snapshot and erases only its selected groups without changing source state (8.395625ms)
✔ Cut parts retain the remaining normal volume; removing the last normal part rejects atomically (2.831667ms)
✔ Clipboard survives independently restored project history and subsequent paste uses fresh identities (10.774167ms)
✔ Cut rejects locked/generated projects and explicitly invalidates surviving processed cut correspondence (2.692333ms)
✔ native part invalidation is its own geometry-preserving operation and family equality includes checksum/count (1.880834ms)
✔ delete-all-connectors removes matching family connectors and empty connector objects while retaining cut identities (2.580167ms)
✔ removing a helper promotes the final volume overrides into native object settings (0.530625ms)
✔ original Units formatting: zero (2.553166ms)
✔ original Units formatting: small (0.295084ms)
✔ original Units formatting: fraction (1.00375ms)
✔ original Units formatting: native-ounces (0.102834ms)
✔ original Units formatting: minute-rounding (0.0835ms)
✔ original Units formatting: large (0.067541ms)
✔ original Units formatting: percent-boundary (0.085958ms)
✔ original Units formatting: percent-below (0.06275ms)
✔ native role imperial conversion quirk remains isolated from once-converted Summary weight (0.093125ms)
✔ Units preference defaults to native metric, persists exact native string values, and rejects malformed storage (0.279292ms)
✔ storage failure is surfaced on save without changing native default read behavior (0.303583ms)
✔ source platform Preferences shortcut respects text input/modal and composition guards (0.408ms)
✔ original formatting reference retains pinned commit and source hash (5.096458ms)
✔ native fixed decimals match printf for exact and false half ties, signed zero, subnormals and large values (0.153167ms)
✔ regenerated glyph bounding box preserves its exact prior world frame and native JSON/3MF metadata (606.307625ms)
✔ native surface request includes only same-group normal parts and preserves reflected source transforms (454.062834ms)
✔ native regeneration requires painting-loss consent and leaves source input untouched (201.561041ms)
✔ native per-glyph metadata requests the real layout with its source geometry (37.835167ms)
✔ native request validates typed font settings, matrices, geometry totals and explicit unsupported features (3.106375ms)
✔ native response requires pinned engine identity and bounded valid indices (1.225458ms)
✔ wrapper uses only opaque font ID with trusted resolver and returns parsed mesh (309.3695ms)
✔ worker errors and malformed output cannot become successful geometry (179.040875ms)
✔ active cancellation kills uncooperative child, clears queue slot and subsequent job runs (557.988ms)
✔ queued cancellation never resolves a font or spawns a child, and queue bounds reject overload (16.35025ms)
✔ wall deadline includes pending font resolution and queued wait, without late spawn (75.306625ms)
✔ stdout and stderr overflow stop child and preserve bounded diagnostics (280.724416ms)
✔ closing cancels active and queued work and rejects future requests (2.244333ms)
✔ fresh native GUI planar fixture retains text/shape attributes, exact overlap and independent regeneration plane (833.313375ms)
✔ fresh native GUI surface fixture retains text/shape attributes, exact overlap and independent regeneration plane (357.521792ms)
✔ native metadata roundtrip retains all source font attributes and explicit alignments (384.290208ms)
✔ baked native groups, reflected painting frames, brim centering and multiple plates preserve regeneration placement (58.366083ms)
✔ single-part face placement, group rebasing, multiple-selection baking and duplicate preserve native frame (408.130167ms)
✔ topology rewrites remove stale native regeneration data and expose an explicit loss message (158.413583ms)
✔ self-contained native SVG shape archive survives without filesystem access (260.55075ms)
✔ malformed text, nonaffine/singular frames and active SVG metadata are rejected before export (87.197709ms)
✔ deleting a neighboring part preserves a transformed native text frame without rebaking it (210.585208ms)
✔ native XML legacy inline shapes and numeric alignment values follow the pinned loader (0.273709ms)
✔ retained native source stays bounded and rejects stale geometry, hidden vertices and invalid indices (312.810458ms)
✔ face placement of a retained plain parent mesh keeps its precision source bound (123.037166ms)
✔ native Filament and Summary colors match original C++ for palette wrapping, travels, wipes and pause/custom layers (78.365292ms)
✔ native filament category presence, float row totals, double column totals and imported cost match original GUI source (2.74175ms)
✔ compact native weight formatting matches original g/kg/t and imperial boundaries (0.617792ms)
✔ old metadata and invalid material properties remain unavailable; empty maps do not invent categories or tool identities (2.275834ms)
✔ additive native material schema bounds maps, identities, counts and provenance while accepting old helpers (11.340042ms)
✔ native compact counts truncate suffix tenths and two-line usage retains native unit formatting (0.262167ms)
✔ Fill applies original and added instance frames atomically, retains selection, geometry and painting (16.372292ms)
✔ Repeated Fill reconstructs genuine shared instances; native and JSON roundtrips retain that identity (92.4895ms)
✔ Native Clone creates an independent model object instead of extending the Fill instance family (7.594ms)
✔ A diverged instance is explicit and cannot silently replace peer settings or surfaces (4.915417ms)
✔ All scene instances participate including hidden/off-plate members; selected instance determines native plate (0.323667ms)
✔ Fill without additions is a strict no-op and malformed output cannot enter history (23.422125ms)
✔ Selection, vendor, locked plate and generated calibration failures are actionable (0.743834ms)
✔ Shared-instance export preserves brim ears in each instance frame (28.721625ms)
✔ Imported native text regeneration metadata remains equivalent across linked instance frames (752.874708ms)
✔ Fill HTTP validates whole project and effective native settings before dispatch, then rejects invalid output (75.822666ms)
✔ Fill derives its tower from the selected plate and complete project without mutating either input (4.771917ms)
✔ disabled Fill towers need no redundant geometry; enabled towers reject missing native palette (1.231958ms)
✔ Fill shares bounded native queue, validates outputs, cancels active/queued work and cleans request files (620.011291ms)
✔ native font catalog retains bundled IDs, includes trusted TTCs and excludes escaped links (25.382459ms)
✔ worker validates native identity and output while every successful/failed request cleans its files (761.906917ms)
✔ worker enforces input, result and console byte limits (163.823125ms)
✔ worker retains its short deadline for stalled native code independently of byte-limit checks (337.710792ms)
✔ worker cancels active and queued requests, enforces queue capacity and drains on shutdown (116.497334ms)
✔ operation deadlines include queue wait rather than granting every queued job another full execution window (357.905833ms)
✔ geometry import preserves linked instances, exact meshes, painting and per-layer data while dropping object and part overrides (46.486125ms)
✔ all source plates merge onto the active plate using native global coordinates without importing plate events (63.726875ms)
✔ native role order and model-only placement keep outside modifiers from moving the solid off center (13.446166ms)
✔ geometry material and painted requirements grow current slots without adopting imported materials or replacing existing purge values (12.699208ms)
✔ painting alone allocates its assigned material while imported extruder zero becomes the native default (11.283ms)
✔ repeated imports allocate independent families and preserve existing geometry and native processed cut metadata (5.228042ms)
✔ locked plate, invalid roles, invalid slots, broken families and exhausted identities reject atomically (12.993709ms)
✔ geometry-only Open retains material colors, purge tables and native preset context by value (0.221417ms)
✔ geometry export retains actual linked model references and native painting after import (142.335125ms)
✔ geometry-only placement matches ten compiled native first-instance auto-drop and double-precision centering cases (37.503167ms)
✔ geometry placement reference has reproducible original-source and generator provenance (26.487959ms)
✔ geometry-only native text and SVG retain their regeneration frames and embedded vector source through export (485.287208ms)
✔ geometry-only import retains printable flags, brim attachment positions and processed cut identifiers across export (22.785791ms)
✔ FPS caps match original native std::stoi and clamping across malformed values and signed overflow (0.884625ms)
✔ frame-start pacing matches the original native millisecond wait calculation (0.101542ms)
✔ completed-frame samples match original RenderStats including its strict1000ms boundary and idle interval (0.346333ms)
✔ graphics preferences normalize stored caps and retain explicit persistence errors (0.588167ms)
✔ graphics reference retains the pinned source, extracted C++ and generator provenance (0.991292ms)
✔ native hotend client uses only the owned job route and verifies the returned asset hash (168.558208ms)
✔ old endpoint fallback is explicit and server/missing/changed assets do not silently substitute a model (8.803458ms)
✔ native image HTTP capability and errors are bounded explicit responses with a clean shutdown (216.45ms)
✔ native image capabilities require the complete pinned identity and explain a missing helper (325.636375ms)
✔ cover input rejects invalid bytes, paths and extreme native intermediate surfaces before spawning (1.648708ms)
✔ active and queued image work obey cancellation, capacity and cleanup without spawning an extra child (275.824917ms)
✔ native image deadlines and excessive child logs terminate work and remove private files (1620.989ms)
✔ worker errors and malformed result descriptions cannot publish an incomplete cover set (598.175334ms)
✔ relative configured helper paths still resolve after entering a private work directory (426.895583ms)
✔ linked Cut replaces every shared instance with two new ModelObject families, one immutable transaction (83.284292ms)
✔ analytic horizontal frame geometry grounds upper and lower independently and keeps peer XY/Z rotation (4.203541ms)
✔ cut native archive retains shared object identity, source frames, processed connector metadata and independent families (883.387208ms)
✔ two-plate Cut sends global native offsets and returns plate-local geometry without moving peers to the selected plate (9.094792ms)
✔ no-auto-drop flags preserve original height while native first-instance grounding shifts eligible peers equally (20.990792ms)
✔ dowels discard the old preview grounding before native per-instance placement, including disabled auto-drop (458.063917ms)
✔ only explicit instance families share a Cut; unrelated cut-family peers are preserved and painting changes require the existing consent flow (13.2765ms)
✔ strict response validation rejects altered identity, XY, scale, auto-drop and stale topology before applying (8.426292ms)
✔ oversized native load scaling dialog is explicit instead of silently inventing a scaling decision (2.989375ms)
✔ browser min/max bed contract retains exact two-plate native frames and local results (7.539042ms)
✔ browser bed dimensions enforce native oversized dialog boundary and reject invalid dimensions (4.811ms)
✔ shared object/part settings propagate with one immutable transaction, preserving exact raw mesh and frame (85.298083ms)
✔ part translation uses one shared component frame even with rotated and mirrored peer instances (61.728833ms)
✔ paint, filament, volume role, name and height metadata are shared but visibility and printable flags are instance-local (4.739541ms)
✔ world-Z rotation and XY translation remain local; tilt/scale synchronize peers without copying XY or Z rotation (139.209167ms)
✔ deleting a part removes that volume from all peers; deleting a whole instance leaves its peers (10.484417ms)
✔ adding a part to a linked group creates one corresponding part in every instance (12.930083ms)
✔ incompatible concurrent part edits reject atomically; stale geometry carriers are never silently accepted (2.968625ms)
✔ topology replacement without a stale carrier propagates actual geometry, keeps peer placement and export identity (9.801208ms)
✔ native no-auto-drop peer synchronizes Z; ordinary selected instance auto-drop leaves peer Z unchanged (0.120125ms)
✔ unrelated project edits and untouched instance metadata remain strict no-ops (0.902417ms)
✔ native auto_drop survives both archive and JSON roundtrips and rejects forged nonboolean values (6.929208ms)
✔ brim ears and imported text regeneration frames follow shared edits in model coordinates (397.75275ms)
✔ native matrix rules match independent unchanged C++ Selection method in all six cases and both auto-drop states (2.083333ms)
✔ nonconflicting edits to different shared volumes merge instead of overwriting one another (4.491625ms)
✔ native parts normalization does not create false peer conflicts from absent empty override arrays (38.206209ms)
✔ mirroring synchronizes linked instance handedness without detaching shared paint or indexed geometry (34.508666ms)
✔ native manipulation conversion: metric-0-valid (1.19375ms)
✔ native manipulation conversion: metric-1-valid (0.456458ms)
✔ native manipulation conversion: metric-2-valid (0.07125ms)
✔ native manipulation conversion: metric-3-valid (0.908042ms)
✔ native manipulation conversion: imperial-0-valid (0.22425ms)
✔ native manipulation conversion: imperial-1-valid (0.120458ms)
✔ native manipulation conversion: imperial-2-valid (0.112125ms)
✔ native manipulation conversion: imperial-3-valid (0.08475ms)
✔ conversion reference records pinned unchanged methods and generator provenance (1.2535ms)
✔ unit conversions reject invalid numeric values and unknown manipulation fields (0.344208ms)
✔ all 19 original native geometry captures preserve travel/wipe solids, corner angles, endpoint positions and bias through the adapter and GPU buffers (29.886958ms)
✔ native Travel takes its actual tool color in Tool mode; Wipe retains native yellow (1.783458ms)
✔ source fallback does not acquire native travel tubes and its three-component extrusion HWA receives zero bias (0.464208ms)
✔ native multipart predicate respects one ModelObject per family, multiple volumes, first-instance height and epsilon (90.605458ms)
✔ native ordered multipart decision returns at the first differing height, before a later complex object (0.218917ms)
✔ Yes preserves stacked native part geometry and painting while No grounds separate objects independently (117.679709ms)
✔ merged parts use native volume-over-object material priority and discard former object state (18.075583ms)
✔ multipart conversion expands linked mirrored instances into independent volume copies in one retained model frame (150.602667ms)
✔ multipart decisions and affine/config/name conversion match original compiled native methods (6.454458ms)
✔ multipart native reference retains source and generator provenance (2.9025ms)
✔ multipart warning uses the unmodified installed native asset with pinned attribution (3.410833ms)
✔ source object and region memberships reject global options and decode native percent/vector values (21.469375ms)
✔ object edits propagate within one native group and part edits remain independent (1.441792ms)
✔ joining a group adopts its settings; changing role requires a visible normal part (1.512834ms)
✔ one native object owns shared volumes, sorted Layers then Instances, painted/height flags and assigned plate root (38.730709ms)
✔ a missing native extruder key omits the range row while retaining Layers and untouched metadata (2.181458ms)
✔ cut connector predicate hides processed connectors and exposes dedicated selection even when volumes collapse (1.834583ms)
✔ native source categories exclude restricted roles, parent-equal layer height and unsupported scope keys (0.785334ms)
✔ object selects current-plate instances; instance chooses one group; part row follows selected instance (0.616541ms)
✔ cross-plate instance selection switches plate explicitly; object selection stays on that plate (0.278667ms)
✔ printability is per instance or all shared instances and survives strict native 3MF roundtrip (21.116625ms)
✔ native action reset preserves extruder and object-only part compensation, applies linked parts atomically (1.317917ms)
✔ layer reset retains extruder and restores parent layer_height without modifying other ranges; stale rows reject (0.52425ms)
✔ unchanged pinned C++ predicate and SetIdx reference match exhaustive connector/type combinations and renumber labels (2.460125ms)
✔ role icons, inherited filament values and reset action availability follow native volume roles (0.286ms)
✔ Hide/Show preserves native printability and other instances, and does not mutate the source (1.375708ms)
✔ native 3MF preserves all four painted channels and exact mirrored two-edge subfacets (177.778708ms)
✔ raw 3MF safety gate rejects dangerous malformed native facet trees before the CLI sees them (88.946792ms)
✔ mirrored subfacet regions coexist with centered native brim frames and project persistence (119.868542ms)
✔ geometry edits preserve valid facet correspondence or clear painting when topology changes (41.317042ms)
✔ project service rejects missing painted filament slots and helper-volume paint (172.517791ms)
✔ original native all-plate extruder collection: default-one (0.858583ms)
✔ original native all-plate extruder collection: volume-role-and-paint (0.259542ms)
✔ original native all-plate extruder collection: nested-painted-subdivision (0.085042ms)
✔ original native all-plate extruder collection: global-support-and-raft (0.060125ms)
✔ original native all-plate extruder collection: object-raft-zero-stops-inherited-support (0.080458ms)
✔ original native all-plate extruder collection: object-support-overrides (0.0545ms)
✔ original native all-plate extruder collection: wall-surface-fallbacks (0.057834ms)
✔ original native all-plate extruder collection: object-wall-surface-fallbacks (0.045709ms)
✔ original native all-plate extruder collection: height-ranges-and-tool-events (0.060208ms)
✔ original native all-plate extruder collection: only-instance-zero-is-contained (0.085792ms)
✔ original native all-plate extruder collection: tool-event-outside-instance-zero-still-counts (0.050208ms)
✔ original native all-plate extruder collection: empty-model-does-not-count-events (0.036458ms)
✔ project adapter matches native exported part roles, object-level ranges and explicit filament slots (0.337125ms)
✔ shared families retain original first-instance containment across active-plate requests (0.223875ms)
✔ unresolved or malformed global settings cannot silently produce guessed collection (0.557542ms)
✔ pointer press and first400ms repeat match8 original C++ sequences, including clamped boundary events (0.473625ms)
✔ release, replacement press and disposal cancel stale repeat callbacks (0.33325ms)
✔ spin reference retains the pinned native source and compiled extraction provenance (0.666125ms)
✔ native preference declaration export has unique IDs, explicit unimplemented plans, source guards and honest existing test references (5.808042ms)
✔ editor context copies and normalizes only bounded native palette/property/event data (1.57125ms)
✔ editor context rejects invalid or mismatched native properties and event assignments (0.560333ms)
✔ job snapshot retains resolved defaults and strips event commands without guessing missing values (0.944042ms)
✔ native smart default changes only between single and multi extruder categories (9.708ms)
✔ native viewer preferences retain visibility and copy mutable arrays across reloads (0.417334ms)
✔ unsupported remembered native capability falls back to feature without fabricating data (0.285291ms)
✔ optional editor statistics and custom overview validate capabilities, bounds and provenance (1.381959ms)
✔ bounded preview snapshot failure remains explicit without blocking the slicing pipeline (0.130084ms)
✔ native schema rejects non-finite geometry, invalid adjacency, names, colors and unbounded output collections (1.696792ms)
✔ native render IDs, raw commands and per-endpoint geometry remain distinct from old parsed indices (1.480458ms)
✔ native adapter refuses missing, incomplete or out-of-range command mapping and unavailable modes (0.380584ms)
✔ native fetch requires matching full source bytes and provides explicit fallback on unavailable/error/mismatched output (27.871291ms)
✔ all-plate association ignores only selection state and binds every nonempty plate (8.809375ms)
✔ geometry, project settings, native preset edits and default tower positions invalidate old cohorts (1.514ms)
✔ embedded selected tower vectors share a cohort only when the complete source project matches (0.307583ms)
✔ association normalizer rejects forged/malformed descriptors and returns defensive copies (0.2835ms)
✔ ordinary multi-plate projects use the complete native project request instead of losing other plates in STL upload (52.275042ms)
✔ native range, retained hidden ticks and enabled geometry match 94 compiled original cases (16.574417ms)
✔ stationary events keep their original vertex and source line without inventing a segment (1.352833ms)
✔ top-only playback keeps lower geometry gray until the full native endpoint is reached (0.340458ms)
✔ native ID selection is independent of spatial indices and control input is bounded (3.543583ms)
✔ native shortcut composition counts hidden event ticks and crosses layer ranges with original vertex identities (1.538041ms)
✔ scalar reference retains original source provenance and four distinct visibility combinations (5.220666ms)
✔ all seven scalar colors match original C++ for every native motion/event and Travel/Wipe combination (24.624625ms)
✔ scalar ranges honor Travel/Wipe controls but retain normal-role and Custom native range semantics (1.079958ms)
✔ PA before its first command is gray and absent from the native range; native raw cursor values remain exact (0.628709ms)
✔ additive capability preserves old helper compatibility and rejects malformed scalar collections (4.600208ms)
✔ tower worker validates result and bounds output (676.391334ms)
✔ tower worker cancellation, queue limits and deadlines clean temporary geometry (378.582708ms)
✔ tower request preserves geometry, invisible objects and per-plate native placement without mutation (3.244ms)
✔ linked instance zero order is preserved even when objects are interleaved across plates (2.613166ms)
✔ native assignments include height ranges, support and valid nested paint, never topology-unsafe facet strings (1.541917ms)
✔ malformed plate geometry, missing extruder heights and wrong printer technology fail explicitly (12.06375ms)
✔ all source reference requests stay reproducible and response identities/counts are checked (4.7505ms)
✔ renderer matches all original native cube bands exactly, including float division and vertex order (3.500084ms)
✔ variant scopes are distinguished from ordinary profile vectors and native differences exclude metadata and hidden settings (0.826625ms)
✔ malformed editor context is rejected before catalog or native process access (0.650292ms)
✔ embedded native settings drive bed dimensions and process values independently of catalog matches (14.910917ms)
✔ embedded slicing merges current process edits into a snapshot without mixing catalog overrides (7.454291ms)
✔ catalog native export carries ordered filament slots and validated process edits (3.32025ms)
✔ native request preserves source snapshots and forwards process decisions without accepting arbitrary hidden edits (3.746208ms)
✔ native 3MF preference decisions distinguish explicit Open from adding to a nonempty model (0.770084ms)
✔ project-load preferences persist exact native keys and reject corrupt storage without silently accepting writes (0.208083ms)
✔ opening geometry preserves effective presets but clears model, plates, attachments and calibration state (0.118333ms)
✔ native project-load reference retains source and reproducible generator provenance (0.602291ms)
✔ reads actual OrcaSlicer 2.4.2 project settings, production components, names and exact surfaces (116.935417ms)
✔ native archive roundtrip preserves plate-local geometry, part roles, per-object overrides and filament slots (112.510125ms)
✔ native plate grid and filament merging preserve independent arrays and reject ambiguous profile vectors (1.581291ms)
✔ native parser rejects unsafe XML, component cycles, missing meshes, duplicate IDs and excessive instancing (128.782417ms)
✔ nonprinting build instances remain visible project geometry with their native printable flag (16.677ms)
✔ connection credentials are omitted and invalid assignments fail before export (7.803833ms)
✔ native layer events preserve pauses, color/tool changes and multiline custom text per plate (85.345833ms)
✔ server archive safety rejects embedded post-process commands in every native settings carrier (146.647709ms)
✔ native service matches installed preset names without silently substituting missing names (116.613042ms)
✔ native service validates embedded settings and catalog overrides as separate explicit modes (222.606583ms)
✔ single-plate preparation preserves local placement, slot order and plate-specific events/tower values (96.438958ms)
✔ object/part setting membership follows native static config classes and rejects global-only controls (10.838125ms)
✔ native service rejects host hooks, unknown settings, mismatched slots, invalid events and build-volume errors (47.412375ms)
✔ native filament colors are complete when imported metadata omits them, and unsafe nozzle mappings are rejected (109.229209ms)
✔ fresh GUI project color metadata survives strict preparation while invalid vectors are rejected (75.851083ms)
✔ one active Prusa import and at most four pending are shared fairly (15.611167ms)
✔ queued cancellation removes its entry immediately without starting its task (0.306083ms)
✔ queue time consumes the same deadline; expired entries never execute (63.252ms)
✔ actual import helper shares the global queue across callers and reduces child timeout after waiting (66.3865ms)
✔ Prusa inspector identifies exact importer route and reports only native-whitelisted model metadata (25.260083ms)
✔ Prusa inspector rejects malformed facets, XML entities, unsupported provenance paths and host scripts before executing native code (55.699625ms)
✔ Prusa bridge requires pinned executable identity and cleans its private directory on failure (29.601583ms)
✔ Prusa bridge shares one deadline and abort signal, and rejects oversized or malformed output (71.989416ms)
✔ strict project preparation and native serialization retain physical-nozzle tables, multipliers and assignments (114.405ms)
✔ strict project preparation rejects a single table for multiple physical nozzles instead of discarding a table (7.170625ms)
✔ embedded and catalog slot resize preserve two nozzle tables and enforce native minimum physical-nozzle slots (5.603958ms)
✔ C++ literals preserve units, escaped text, adjacent strings, constants, and unknown expressions without execution (3.319083ms)
✔ extracts only authoritative membership, native enum aliases, page groups, and dependency references (5.771042ms)
✔ fails on missing member definitions and reports unresolved metadata instead of guessing (0.736584ms)
✔ known hidden process changes are accepted only through an applicable source-derived correction (30.800291ms)
✔ declining a native group applies only the native alternative and retains existing hidden values (29.390958ms)
✔ arbitrary values, duplicate decisions, unknown scope, and cross-scope proposals are rejected atomically (21.785375ms)
✔ stale current values and forged proposal signatures cannot change hidden settings (8.319125ms)
✔ automatic proposals apply only when requested and preserve native scalar/array shapes (2.907334ms)
✔ plans are defensive and exact current native values normalize equivalent display shapes (10.263584ms)
✔ native tower disable follows smooth warning then clumping warning only when keeping the disabled tower (81.44375ms)
✔ precise Z, wrapping and geometry edit dialogs preserve no-op acceptance and revert choices (36.277833ms)
✔ only native i3 by-object and Simple support-type edit conditions produce their dialogs (4.58775ms)
✔ infill rotation warning requires the first nonempty edit and an unsafe native pattern (8.126125ms)
✔ layer edit uses all printer limits and permits the native ignore choice before passive correction checks (16.334958ms)
✔ long-retraction native warning is an acknowledgment-only event and does not alter configuration (4.88625ms)
✔ process Copy captures object then part overrides without global defaults or later source mutation (24.834041ms)
✔ process clipboard scopes and single-source bounds match context-menu availability (1.335792ms)
✔ native process Paste updates every destination part atomically and preserves filament, other groups and source snapshot (1.69425ms)
✔ source-defined compensating object options survive native part storage while part editor validation stays region-only (0.582708ms)
✔ selected layer copying accumulates and overwrites equal bounds; root copy replaces; draft index survives sorting (0.936125ms)
✔ layer Paste preserves destination equal-bound values and adds overlapping ranges to every grouped part (1.39875ms)
✔ unions declared keys and value types without mixing machine/process keys or exporting values (27.515417ms)
✔ excludes metadata and user presets, warns on malformed JSON, and keeps scanning (15.789833ms)
✔ CSV quotes keys correctly and exports a stable order without adding unseen GUI options (16.570375ms)
✔ schema membership and native UI ordering are complete for the pinned 2.4.2 process source (2.398166ms)
✔ legacy process overrides retain their native representations and invalid-value rejection (1.218167ms)
✔ float-or-percent settings retain unit semantics and use authoritative native ranges (1.018083ms)
✔ complete native enum values and readable labels come from source definitions (0.156416ms)
✔ native vector options remain vectors, strings are bounded, and profile plumbing is rejected (3.326291ms)
✔ post-processing host scripts are disabled by default and only an explicit caller opt-in permits values (0.108958ms)
✔ native defaults fill only when requested, preserving legacy sparse display behavior (6.739792ms)
✔ native project/import/slice and delete-all mappings are distinct from browser defaults and old duplicate alias (0.521375ms)
✔ native tools, camera views and arrow increments respect Prepare context and modifier combinations (1.635792ms)
✔ modal, composing, handled and text-editing keys cannot mutate the underlying scene (0.181625ms)
✔ delete all preserves project attachments, plate definitions and presets while clearing geometry/custom events/calibration as one immutable state (0.494958ms)
✔ Cut clipboard keys leave text fields, modal editors and non-Prepare pages unchanged (0.163584ms)
✔ startup preference persists native Home/Prepare values without leaking unrelated input fields (2.935167ms)
✔ corrupt, future, invalid and denied startup storage recovers to the native Home default (0.131458ms)
✔ invalid startup writes do not overwrite storage and real storage failures propagate to the UI (1.09875ms)
✔ SVG request has bounded self-contained source, strict fields and no font or host path (8.147958ms)
✔ SVG worker bypasses font resolution and shares bounded queue cancellation and stdout validation (100.950625ms)
✔ standalone native SVG retains exact embedded source and frame through web/native roundtrip (122.601584ms)
✔ native SVG source grouping, world-scale tessellation and paint-loss consent preserve placement (7.189417ms)
✔ SVG unchanged close is exact source/settings comparison and invalid attachments reject (0.843292ms)
✔ native surface frame follows independently expected upright bases including bottom and angled faces (3.205375ms)
✔ standalone native creation rests on bed and roundtrips native text editing data without a placeholder (20.883208ms)
✔ native engraved or modifier text adopts its object group without mutating the source and supplies only normal sources (1.280375ms)
✔ native creation rejects detached per-glyph/surface modes and invalid attachment before submitting a worker job (0.095709ms)
✔ unchanged native settings preserve semantic zero defaults and do not hide an actual edit or font substitution (0.194167ms)
✔ native tool reference retains source identity, enabled speed profile and excluded CoG release switches (7.675416ms)
✔ native tool marker appears only after scrubbing begins, remains on return to full range, and hides without paths (0.357708ms)
✔ tool properties preserve seam geometry but use previous native vertex outside Feature view and never invent PA (1.842792ms)
✔ native format, float accumulation and profile boundaries retain exact source behavior (0.644833ms)
✔ native default hotend mesh normals and marker matrices match compiled original source (9.188042ms)
✔ native hotend asset rejects truncation, forged counts and nonfinite coordinates (1.691709ms)
✔ native toolbar raster inputs and generator retain the pinned provenance (7.325083ms)
✔ all light 36px icon strips exactly preserve the original native state atlas (6.759125ms)
✔ all light 72px icon strips exactly preserve the original native state atlas (10.1575ms)
✔ all dark 36px icon strips exactly preserve the original native state atlas (4.216541ms)
✔ all dark 72px icon strips exactly preserve the original native state atlas (17.334209ms)
✔ Move light has distinct native normal, selected and disabled states with preserved alpha (1.565917ms)
✔ Move dark has distinct native normal, selected and disabled states with preserved alpha (0.852583ms)
✔ tower request keeps distinct native models: family token equals a standalone group key (5.369583ms)
✔ tower request keeps distinct native models: standalone group precedes a colliding family token (0.743041ms)
✔ tower request keeps distinct native models: long plate and object IDs compose beyond the worker bound (0.638709ms)
✔ tower request keeps distinct native models: escaped group IDs exceed the bound only after JSON encoding (0.455292ms)
✔ tower request keeps distinct native models: multibyte group IDs exceed the worker byte bound (1.318542ms)
✔ tower request keeps distinct native models: multibyte family token exceeds the worker byte bound (0.421083ms)
✔ tower request keeps distinct native models: user family token collides with an allocated worker ID (0.946542ms)
✔ tower request keeps distinct native models: allocated worker ID skips an existing user family token (1.237792ms)
✔ user-preset projection validates native scopes, metadata and dangerous settings before the helper (1.037167ms)
✔ ordinary native values are canonicalized while explicit dependency empties and nil strings stay meaningful (0.435583ms)
✔ full native vectors retain distinct material/nozzle/stride-two alternatives (1.372167ms)
✔ expanded vectors require complete bounded unambiguous source identities (0.853583ms)
✔ expanded arrays cannot silently fall back to a different variant or truncate machine mode pairs (0.233375ms)
✔ ordinary native one-value/default vectors remain accepted without invented identities (0.931708ms)
✔ slot growth/removal and native import expansion preserve whole variant groups and reindex ownership (8.486959ms)
✔ PA generator ordered geometry/extrusion/feed calls match independent pinned C++ source fixture: three-labelled (17.456625ms)
✔ PA generator ordered geometry/extrusion/feed calls match independent pinned C++ source fixture: full-labelled (8.014042ms)
✔ PA generator ordered geometry/extrusion/feed calls match independent pinned C++ source fixture: eight-absolute (3.826917ms)
✔ native line speed truncation, bed-height clipping and optional labels stay source-defined (8.884ms)
✔ source template context handles modern expressions and legacy placeholders without changing source values (0.917958ms)
✔ PA line inputs reject malformed booleans, unmappable labels, small beds, firmware retraction and context-dependent filament code (19.877125ms)
✔ postprocessing replaces only the verified carrier body, emits real PA/feed/extrusion and removes stale estimates (20.701375ms)
✔ absolute extrusion output resets before generated paths and before native end code (2.271958ms)
✔ measured PA line result is bounded to actually printed lines and writes fixed PA native fields (13.466375ms)
✔ PA line generated motion limits and pressure commands follow native firmware syntax (39.377833ms)
✔ Bambu PA carrier boundaries preserve templates and generated native tag style with identical motions (7.416709ms)
✔ PA pattern geometry/extrusion/feeds match original compiled C++ source calls: three-relative (25.566708ms)
✔ PA pattern geometry/extrusion/feeds match original compiled C++ source calls: full-absolute (7.145542ms)
✔ batch cross-product ordering, native settings and nonoverlapping complete footprints are preserved (109.486917ms)
✔ bounded batch inputs and unsupported hardware/settings fail before producing calibrated geometry (4.642625ms)
✔ empty speed/acceleration lists use source optimal flow speed and acceleration fallback (0.610791ms)
✔ native output verification tolerates feed deduplication/progress but rejects changed or missing physical commands (23.0245ms)
✔ manual PA pattern results preserve fixed-PA settings and the source-tested range (1.404917ms)
✔ native Bambu Z tags verify the same exact source-generated four-layer PA pattern (11.629875ms)
✔ PA batch adds plates without splitting source speed/acceleration combinations or overlapping full footprints (23.0845ms)
✔ complete and selected archives retain four commands per plate and local handle positions (143.6825ms)
✔ imported complete multi-plate pattern permits plate selection but rejects edits anywhere in the bound scene (790.442125ms)
✔ display clipping caps preserve nested holes, disconnected shells and exact plane orientation (10.552292ms)
✔ world transforms and on-plane edges retain accurate sections, while invalid open contours fail (0.949792ms)
✔ view-aligned clipping fixes camera-facing normal and moves through the selected world bounding sphere (0.385792ms)
✔ circle cursor is the actual world-radius plane and sphere stays isotropic on a scaled model (5.9715ms)
✔ height cursor uses real transformed mesh contours at the pointer range and clamps the upper limit (6.026459ms)
✔ smart-fill hover retains current leaf states while selecting exactly the committed original-facet footprint (5.4135ms)
✔ bucket and pointer hover preserve existing state boundaries and agree with committed changes (7.968709ms)
✔ unequal subdivided shared edges have no false contour and partial sharing retains only uncovered intervals (2.197167ms)
✔ clipping, overhang restriction and angle changes use the same selector constraints without metadata writes (3.692042ms)
✔ hover targets only the actual visible normal part in the selected native object (0.506792ms)
✔ hover brightens each existing state RGB by the source 1.25 clamp and ignores the requested new paint state (0.354125ms)
✔ fill renderer replaces and disposes prior hover geometry without retaining old object highlights (1.098125ms)
✔ native right-button and Shift erase states retain navigation for color paint (0.376375ms)
✔ modifier wheel steps native float controls, bounds and clipping priority without inventing zoom actions (0.411083ms)
✔ native vertical and horizontal constraints operate in pointer screen space and start afresh after a miss (1.132958ms)
✔ native object height paint visits every visible normal part while leaving unrelated groups, plates and helpers intact (246.752834ms)
✔ ordinary brush targets the actual normal-part hit and never joins strokes across different meshes (0.342708ms)
✔ height cursor draws both native object parts at a common world range and preserves scene data (7.520125ms)
✔ checked-in inventory validates and every feature has an actionable acceptance and test plan (32.236375ms)
✔ rejects duplicate IDs, unknown statuses and missing acceptance or planned tests (43.742208ms)
✔ verified rejects code-only and mock/unit-only evidence, even with an existing file (1.015458ms)
✔ verified requires passed acceptance evidence and an existing matching native/manual reference (1.069ms)
✔ rejects references outside the repository and code inspection labeled as a passing test (0.624792ms)
✔ a later native acceptance failure prevents verification based on a historical pass (0.571833ms)
✔ reports recorded and passing evidence separately without turning test plans into executed tests (1.313125ms)
✔ exports deterministic CSV and Markdown with escaped cells and does not mutate inventory (3.940834ms)
✔ CLI --check is read-only and fails invalid inventory without generating reports (123.627459ms)
✔ plate scope excludes hidden, nonprintable and other-plate objects; unused slots do not disable compensation (8.856833ms)
✔ mixed XY alone or mixed Z disables every axis; equality uses native exact values and get_at first-element fallback (5.452791ms)
✔ subdivided color leaves, modifier base slots and declared height slots participate; negative and support-volume slots do not (11.565208ms)
✔ native feature precedence respects walls/infill gates, modifier intersections and height-range intersections (51.773208ms)
✔ print-wide brim forces wall region use, raft suppresses brim, and support/raft/enforce include both support slots (49.315708ms)
✔ tower uses native pre-dedup gate and selected-plate spiral flag; layer tool events never add shrinkage slots (3.936417ms)
✔ unresolved materials, invalid percentages and malformed painting fail explicitly (20.134541ms)
✔ catalog resolver deduplicates requests, restores slot order and ignores displayed first-slot vectors (1.314875ms)
✔ catalog resolution reports failed/missing settings and propagates cancellation (0.485625ms)
✔ native modifier extents retain Z separation and use ancestor unions for chained candidate regions (3.391708ms)
✔ sparse catalog settings resolve structured native percent defaults before region validation (0.581917ms)
✔ camera-space arrows project inverse-view movement to XY without renormalizing the vertical component (1.844334ms)
✔ camera arrows and material digits are context guarded; Shift+A is not the old incorrect deselect alias (0.376542ms)
✔ native 500 ms filament sequence distinguishes a delayed 1,10–16,7–9,and default0 with cancellable timers (0.439375ms)
✔ object material assignment updates every selected group and normal part while preserving modifier overrides and geometry (1.765459ms)
✔ part default inherits the parent; modifier0 stays inherited and negative/support parts cannot receive materials (0.486375ms)
✔ out-of-range and empty-selection assignments leave the project untouched; object0 resets to first filament (0.18925ms)
✔ native printable toggle makes mixed selected groups uniform and leaves part selections unchanged (0.251167ms)
✔ native dependency metadata retains both explicit list and dormant expression (0.691208ms)
✔ inheritance distinguishes an omitted dependency from a deliberately empty list (0.750458ms)
✔ dependency metadata is bounded and cannot carry settings, execution policy or wrong-scope fields (0.362209ms)
✔ native Set semantics normalize all or zero checked entries to All without changing conditions (0.106459ms)
✔ selection context uses the native machine-model vendor and capability resource, not preset names or folders (64.885459ms)
✔ missing native capability property or file matches native false; malformed resources remain explicitly unresolved (110.318542ms)
✔ capability model IDs cannot traverse paths and absent resource roots remain unresolved (23.41225ms)
✔ custom frozen machine selections retain native model context and wrapper metadata stays defensive (37.5685ms)
✔ editor inspection requires a paired helper with an explicit inspection response (20.22ms)
✔ resolves inheritance within the vendor and preserves native arrays without mutating sources (0.879667ms)
✔ resolves multiple parents left to right and supports unambiguous cross-vendor inheritance (0.278875ms)
✔ rejects missing parents, ambiguous parents, cycles, and unknown IDs (0.32275ms)
✔ catalog defaults and compatibility follow actual native presets (22.73375ms)
✔ compatibility is conservative about unevaluated expressions (0.243875ms)
✔ process overrides use native types and reject unsupported or invalid settings (23.765375ms)
✔ editing another setting preserves the selected preset layer defaults and unsupported native values (20.721208ms)
✔ native vectors replace their value without becoming nested extruder arrays (0.235541ms)
✔ real orbit and pan damping settle in wall-clock time at 4–144 FPS without changing the final view (20.611375ms)
ℹ {"gesture":"orbit","fps":4,"frames":16,"elapsedMs":4000}
ℹ {"gesture":"orbit","fps":10,"frames":35,"elapsedMs":3500}
ℹ {"gesture":"orbit","fps":30,"frames":89,"elapsedMs":2966.666666666669}
ℹ {"gesture":"orbit","fps":60,"frames":163,"elapsedMs":2716.6666666666642}
ℹ {"gesture":"orbit","fps":144,"frames":348,"elapsedMs":2416.666666666648}
ℹ {"gesture":"pan","fps":4,"frames":13,"elapsedMs":3250}
ℹ {"gesture":"pan","fps":10,"frames":28,"elapsedMs":2800}
ℹ {"gesture":"pan","fps":30,"frames":69,"elapsedMs":2299.999999999999}
ℹ {"gesture":"pan","fps":60,"frames":123,"elapsedMs":2050.0000000000036}
ℹ {"gesture":"pan","fps":144,"frames":252,"elapsedMs":1749.999999999991}
✔ default frame-based controls demonstrate the slow-render regression (0.307209ms)
✔ a new gesture resets a long idle gap; Fit drains momentum without disabling future damping (0.152917ms)
✔ option geometry exactly retains original C++ float vertices, normal vectors and outward triangle winding (1.218708ms)
✔ native marker instances use worker HWA/bias and platform scale, retain event IDs and dispose GPU resources (0.8975ms)
✔ preview renders invalidated frames once and remains idle until a new change (2.482834ms)
✔ preview drains OrbitControls damping including change events without an endless animation loop (0.270041ms)
✔ disposed previews cancel pending frames and cannot draw into a detached canvas (0.299375ms)
✔ a capped viewport coalesces continuous invalidation and leaves no timer while idle (1.173417ms)
✔ changing the cap releases a waiting frame and disposal cancels all scheduled work (0.450875ms)
✔ render duration consumes the native frame budget and a trailing damped frame still draws (0.275375ms)
✔ 44 layer/move/single-layer transitions match independently compiled pinned native methods (1.385042ms)
✔ preview key predicates protect editing, modal dialogs, composition, already-handled keys and browser Alt navigation (0.358958ms)
✔ one-layer backup, thumb crossing and native wheel platform predicates retain exact clamp behavior (0.273792ms)
✔ command stops group real arc/acceleration subdivisions and never mix display indices with native vertices (0.643958ms)
✔ native segment topology is eight logical vertices/eight triangles and connected corners preserve float turn angles (0.91575ms)
✔ native role and mm3/mm changes insert phantom endpoints instead of joining unrelated scalar paths (1.149833ms)
✔ endpoint dimensions can vary within a source path while each top stays at its commanded Z (0.115166ms)
✔ missing data, arcs and omitted stationary extrusion events cannot silently join solid paths (0.611209ms)
✔ current preview bounds contain every rendered native band and independent rotated shell corner (14.068166ms)
✔ missing or hidden tower has no camera extent (0.167833ms)
✔ original native tower drag arithmetic: two-material rectangle (0.916708ms)
✔ original native tower drag arithmetic: single smooth timelapse (0.121667ms)
✔ original native tower drag arithmetic: single wrapping detection (0.089875ms)
✔ original native tower drag arithmetic: sequential one nonprintable (0.093792ms)
✔ original native tower drag arithmetic: sinking exclusion original limitation (0.094583ms)
✔ original native tower drag arithmetic: nonrectangular native nonsinking bounds (0.095959ms)
✔ original native tower drag arithmetic: linked remote instance extends native height (0.092125ms)
✔ original native tower drag arithmetic: ranges and support assignments (0.099292ms)
✔ original native tower drag arithmetic: painted second filament (0.112167ms)
✔ original native tower drag arithmetic: tool change third filament (0.138917ms)
✔ original native tower drag arithmetic: rib wall tall tower (0.0985ms)
✔ original native tower drag arithmetic: dual nozzle change volume (0.095459ms)
✔ original native tower drag arithmetic: float narrowed rotated offset (0.085625ms)
✔ original native tower drag arithmetic: second plate native origins (0.083958ms)
✔ original native tower drag arithmetic: native default single exclusion sentinel (0.080542ms)
✔ original native tower drag arithmetic: brim 0 (0.079417ms)
✔ original native tower drag arithmetic: brim 0.1 (0.089833ms)
✔ original native tower drag arithmetic: brim 0.333333333333 (0.082917ms)
✔ original native tower drag arithmetic: brim 20 (0.077958ms)
✔ original native tower drag arithmetic: brim 1000 (0.081166ms)
✔ original native tower drag arithmetic: shared extruder printable area (0.079125ms)
✔ original native tower drag arithmetic: oversize or exact edge width 193 (0.082ms)
✔ original native tower drag arithmetic: oversize or exact edge width 194 (1.083667ms)
✔ original native tower drag arithmetic: oversize or exact edge width 250 (0.351958ms)
✔ original native tower drag arithmetic: remote fractional origin [240, -240, 0] (0.231125ms)
✔ original native tower drag arithmetic: remote fractional origin [96000.333, -48000.777, 0] (0.25825ms)
✔ drag needs native context and rejects invalid displacement (0.685375ms)
✔ the server opts into native drag context from effective settings and validates supplied context (7.444959ms)
✔ tower gizmo reference is bound to original source and native movement restrictions (6.199125ms)
✔ native move projection: axis-0-delta--15.75-snap-False (0.398625ms)
✔ native move projection: axis-0-delta--15.75-snap-True (0.083958ms)
✔ native move projection: axis-0-delta--0.5-snap-False (0.080209ms)
✔ native move projection: axis-0-delta--0.5-snap-True (0.085625ms)
✔ native move projection: axis-0-delta-0.5-snap-False (0.065208ms)
✔ native move projection: axis-0-delta-0.5-snap-True (0.104167ms)
✔ native move projection: axis-0-delta-15.75-snap-False (0.084959ms)
✔ native move projection: axis-0-delta-15.75-snap-True (0.096083ms)
✔ native move projection: perspective-axis-0-delta--40 (0.142792ms)
✔ native move projection: perspective-axis-0-delta--0.75 (0.091958ms)
✔ native move projection: perspective-axis-0-delta-30 (0.084459ms)
✔ native move projection: axis-1-delta--15.75-snap-False (0.049375ms)
✔ native move projection: axis-1-delta--15.75-snap-True (0.0425ms)
✔ native move projection: axis-1-delta--0.5-snap-False (0.058667ms)
✔ native move projection: axis-1-delta--0.5-snap-True (0.076041ms)
✔ native move projection: axis-1-delta-0.5-snap-False (0.045792ms)
✔ native move projection: axis-1-delta-0.5-snap-True (0.037542ms)
✔ native move projection: axis-1-delta-15.75-snap-False (0.063625ms)
✔ native move projection: axis-1-delta-15.75-snap-True (0.053417ms)
✔ native move projection: perspective-axis-1-delta--40 (0.082791ms)
✔ native move projection: perspective-axis-1-delta--0.75 (0.054833ms)
✔ native move projection: perspective-axis-1-delta-30 (0.038083ms)
✔ native move projection: zero axis (0.032125ms)
✔ native move projection: parallel axis ray (0.037916ms)
✔ native move projection: remote fractional origin (0.037ms)
✔ native move projection: configured snap step (0.040333ms)
✔ invalid or degenerate camera rays are rejected (0.342375ms)
✔ tower lost capture discards preview displacement, restores controls, and closes the gesture (8.519ms)
✔ tower window blur discards preview displacement, restores controls, and closes the gesture (3.283334ms)
✔ tower hidden page discards preview displacement, restores controls, and closes the gesture (1.960291ms)
✔ tower preview replacement discards preview displacement, restores controls, and closes the gesture (4.52725ms)
✔ tower tool switch discards preview displacement, restores controls, and closes the gesture (3.369459ms)
✔ tower released button discards preview displacement, restores controls, and closes the gesture (9.393958ms)
✔ foreign pointer events cannot move, replace or commit an active tower gesture (10.20675ms)
✔ normal release commits once despite synchronous lost capture and retains prior control availability (0.634083ms)
✔ disposal cancels movement and removes interruption listeners without selecting into an unmounted owner (1.058334ms)
✔ prime tower placement expands native vectors by plate and preserves other plate coordinates and process overrides (1.711375ms)
✔ embedded tower edits retain project metadata and native fallback coordinates while invalid input cannot mutate a project (0.314708ms)
✔ automatic native adjustments resolve dependent options without accepting confirmation choices (15.825042ms)
✔ native capabilities and filament count affect process constraints independently of UI search (1.9505ms)
✔ accepted vase choices materialize visible edits and retain exact hidden native decisions for submission (23.431833ms)
✔ declining vase preserves the hidden source, while stale or injected decisions are rejected (22.324583ms)
✔ legacy scalar arrays and flattened project scalars share signatures and do not cause repeated corrections (21.5555ms)
✔ pinned source covers every machine and filament membership and exposes native groups (1.651041ms)
✔ all editor native defaults round-trip with native scalar/vector shapes (2.380209ms)
✔ point and polygon normalization follows Config.hpp native JSON serialization (0.243208ms)
✔ validators reject wrong scopes, overflow, malformed vectors, unknown enums, and unsafe imports (0.494125ms)
✔ ordinary machine and filament G-code strings survive exactly; native vectors replace instead of nesting (0.109375ms)
✔ native project closed enums include serialized bed, mapping, and nozzle choices (0.149708ms)
✔ selection is transient while geometry, settings, plates and metadata affect saved state (5.459417ms)
✔ initial native preset resolution does not dirty an empty unnamed document (0.292959ms)
✔ project roundtrip preserves geometry, transforms, visibility, plates, selection, presets and metadata (1.441042ms)
✔ projects reject duplicate IDs, missing plates, nonfinite coordinates and nonpositive scales (0.613792ms)
✔ project restore repairs stale selection and handles an empty project (0.121583ms)
✔ 3MF ZIP escapes XML and contains transformed vertices plus a complete restorable web project (4.470084ms)
✔ 3MF default export honors active plate and visibility; allPlates expands only visible objects (1.761125ms)
✔ current full embedded vectors remain untouched when native import needs no added slot (0.770167ms)
✔ native material expansion repeats last material, preserves old purge cells, and derives new cells from first load/unload pair (0.460209ms)
✔ malformed material contexts fail explicitly (0.739125ms)
✔ missing current display color uses the pinned native project default before adding the native cycle color (0.380417ms)
✔ imported multi-nozzle material expansion retains every nozzle matrix and multiplier (0.262542ms)
✔ native Prusa conversion retains parts, exact frames, material assignment and facet indices (4.544833ms)
✔ mirrored native Prusa instances preserve outward winding and precise source geometry (0.280292ms)
✔ Prusa model conversion rejects unsupported process activation, malformed frames and missing material slots (3.995917ms)
✔ catalog context maps material ID lists into the stable project preset identity shape (1.404834ms)
✔ Prusa ignored metadata roundtrips as inert bytes and reports native filtering (3.224084ms)
✔ Prusa provenance rejects unknown fields, unsafe paths, collisions and noncanonical base64 (0.488042ms)
✔ Prusa provenance archive rejects missing, extra, duplicate and oversized manifests (1.503292ms)
✔ Prusa provenance enforces exact cumulative16MiB and entry-count limits (6076.315958ms)
✔ native nozzle-major tables and multipliers preserve distinct source values (1.5295ms)
✔ adding material retains each physical table and fills only new transitions from first load/unload pair (0.614667ms)
✔ removing a material preserves nozzle boundaries and all unrelated values (0.275875ms)
✔ adding a physical nozzle initializes its full table independently and defaults only its multiplier to1 (0.16725ms)
✔ known native unused four-material defaults normalize, while arbitrary malformed layouts fail (0.345083ms)
✔ native displayed-volume and raw-volume rounding preserves multiplier semantics includingzero (0.284458ms)
✔ typed project settings permit the bounded native64-material dual-nozzle matrix beyond the generic vector limit (3.613083ms)
✔ raw native warmup preserves original mesh resources, part metadata and embedded assets (447.872416ms)
✔ native merged material vectors control initialization, including embedded slots after slot one (50.903417ms)
✔ multiple build instances of one source resource receive distinct appended instance IDs (16.948583ms)
✔ raw warmup rejects unsafe scripts and missing native plate membership before slicing (18.021292ms)
✔ raw context follows native single-volume extruder normalization without mutating the source (5.215042ms)
✔ raw settings resolution preserves native arguments, cancellation and bounded output validation (94.351584ms)
✔ non-native3MF normalization uses a relative archive export, preserves source input and shares the deadline (314.083334ms)
✔ Prusa configuration carriers cannot silently enter the BBS-only CLI normalization path (8.622708ms)
✔ recent preferences retain native defaults and effective bounds, rejecting unsafe draft numbers (2.84425ms)
✔ model recent history is opt-in and supported extensions are explicit (0.201834ms)
✔ damaged recent metadata is isolated without suppressing valid ordered records (0.25475ms)
✔ recent thumbnails accept only bounded validated PNG data and timestamps retain file modification time (1.824416ms)
✔ retraction uses pinned native tower height, nozzle layer height and writer schedule (9.59025ms)
✔ relative E changes pre-wipe distribution and balances old retraction across layer anchors (1.619833ms)
✔ zero-length retraction with no hop emits zero E for wipes and matching unretractions (0.575834ms)
✔ wipe capacity moves excess retraction before the wipe rather than increasing its physical E rate (0.495958ms)
✔ absolute E coordinates preserve deposition deltas through changed retractions and G92 resets (1.3ms)
✔ unproven native couplings and invalid ranges are rejected explicitly (5.605875ms)
✔ missing native guards, unknown body retractions and incomplete wipe data fail closed (2.325667ms)
✔ Bambu wipe and custom role tags preserve retraction bookkeeping and leave end macros untouched (1.087084ms)
✔ object transform proxy uses a common pivot and keeps every native part aligned (5.351041ms)
✔ explicit part edits preserve other world surfaces and clear the obsolete shared frame (9.128709ms)
✔ object duplication gives an independent group and part duplication intentionally stays grouped (6.776916ms)
✔ arrange, center, drop and place-on-face move whole groups without shifting negative volumes independently (4.432042ms)
✔ mirror and cut invalidate baked group frames while preserving native roles and settings (8.440709ms)
✔ native volume roles use translucent materials while normal parts retain filament colors (0.277792ms)
✔ disabled, manual, normal tree, organic tree, and raft support states match native conditions (14.159417ms)
✔ ironing and support-interface dependencies include the native solid-interface rule (4.491834ms)
✔ infill conditions preserve native overwrite order, pattern restrictions, and rotation-template behavior (11.982041ms)
✔ vase mode produces a reviewable correction group and never mutates user input or decides its native dialog (23.316125ms)
✔ prime towers use machine type, vendor, purge mode, and wall shape without guessing missing vendor context (18.898ms)
✔ line widths, acceleration, and jerk depend on native extrusion and firmware settings (2.877125ms)
✔ smoothing, scarf, support styles, and native GUI numeric corrections keep exact boundary behavior (0.546708ms)
✔ filament pressure advance, cooling, heater bounds, and machine capabilities follow native conditions (9.110167ms)
✔ coverage distinguishes evaluated fields, missing native context, and remaining native behavior (0.516542ms)
✔ machine vendor, multimaterial, and firmware rules expose native supported controls and options (7.66175ms)
✔ machine extruder controls use native variant maps while preserving per-extruder differences (7.734208ms)
✔ firmware retraction conflicts preserve the actual native confirmation and alternative without silent edits (2.516958ms)
✔ nullable filament override states preserve inherit values, disabled checkboxes, and variant differences (3.102875ms)
✔ project bed selection and material temperature recommendations follow native tables (5.373125ms)
✔ SEMM nozzle edit confirmation requires an actual edit context and keeps both native choices (3.400875ms)
✔ supported process controls use native enum, boolean, percent, and numeric representations (0.891042ms)
✔ rejects unknown, non-finite, fractional integer, out-of-range, and invalid enum settings (0.177792ms)
✔ display values reflect native preset values, including false strings and vector speeds (0.310458ms)
✔ only a positively advertised native initialization capability suppresses the raw CLI diagnostic (0.678417ms)
✔ second-apply archive reuses exact geometry/settings and places only a second instance on the internal plate (230.163084ms)
✔ warmup activates only for exact installed version and nonunity used-slot compensation (249.773792ms)
✔ painting, brim auxiliaries and layer event/filament sequence metadata survive both initialization instances (38.611917ms)
✔ adapter returns target plate1 only and removes all internal files (241.087542ms)
✔ adapter rejects missing or extra plate outputs and cleans temporary data without publishing a download (1001.273375ms)
✔ adapter rejects mixing initialized embedded settings with external preset flags (10.49275ms)
✔ cancelling native initialization deletes partial outputs and never publishes plate1 (133.7025ms)
✔ single-volume native import exposes the material the actual native importer uses (99.114167ms)
✔ explicit inspector single-volume material survives native export despite stale parent metadata (81.929458ms)
✔ explicit part-editor single-volume material survives native export despite stale parent metadata (22.432334ms)
✔ multi-volume groups retain a distinct parent material and independent part choices (50.552083ms)
✔ passes explicit machine, process, filament and isolated data paths to native CLI (0.791708ms)
✔ preservePosition opts out of automatic native arrangement and orientation without changing the default (0.09075ms)
✔ cancelling a slicing operation removes native partial output and working directories (116.085958ms)
✔ concurrent native adapters isolate identical output names and preserve each input result (367.409917ms)
✔ drains large stdout while slicing instead of blocking on a full pipe (506.948333ms)
✔ reports child failures, missing output, and multiple plates without choosing arbitrary G-code (1534.820333ms)
✔ terminates timed-out and cancelled processes, including a process ignoring SIGTERM (210.068917ms)
✔ health detects missing binary and identifies the configured executable (340.551625ms)
✔ native path-conflict exit retains diagnostics, explains the failure and discards partial output (329.075375ms)
✔ 100 concurrent writes remain valid JSON and survive reopening (216.75975ms)
✔ restart durably fails queued and slicing jobs and preserves completed jobs (9.381375ms)
✔ concurrent deletes and updates commit in call order without losing unrelated jobs (13.916083ms)
✔ input, returned values, and read snapshots cannot mutate stored jobs (7.153667ms)
✔ corrupt or structurally invalid indexes reject initialization without overwriting data (18.249ms)
✔ an unreadable index error is surfaced instead of being treated as an empty index (2.491458ms)
✔ failed atomic replacement preserves memory and disk, removes temp files, and allows retry (11.246791ms)
✔ serialization failures leave the previous index intact and do not poison the write queue (8.269125ms)
✔ conditional transitions serialize cancellation against completion and preserve terminal jobs (45.609417ms)
✔ support preview uses only actual support extrusion and preserves source layer/path metrics (3.822166ms)
✔ preview lifecycle polls and downloads only its created job and does not cancel completed work (32.347458ms)
✔ cancellation during creation waits for its ID then cancels only that job; polling cancellation is bounded (3.455875ms)
✔ preview errors retain native validation text, cancel an active polling failure, and bound G-code reads (6.995542ms)
✔ text outline counters remain closed and exact em scaling controls volume and dimensions (67.632459ms)
✔ multiline text alignment, spacing and world-normal rotation are effective geometric operations (13.765333ms)
✔ emboss and engrave create coherent native groups, preserve existing part geometry, and edit in place through transforms (37.244125ms)
✔ text validation bounds workload and rejects invalid geometry parameters without silently substituting (8.898625ms)
✔ text regeneration preserves placement after repeated object/part rebasing and face placement (10.430833ms)
✔ native brush increase, fixture 0, matches independently compiled C++ at every control point (6.626208ms)
✔ native brush decrease, fixture 0, matches independently compiled C++ at every control point (0.290542ms)
✔ native brush reduce, fixture 0, matches independently compiled C++ at every control point (0.144542ms)
✔ native brush smooth, fixture 0, matches independently compiled C++ at every control point (0.103667ms)
✔ native brush increase, fixture 1, matches independently compiled C++ at every control point (0.257458ms)
✔ native brush decrease, fixture 1, matches independently compiled C++ at every control point (0.1905ms)
✔ native brush reduce, fixture 1, matches independently compiled C++ at every control point (0.188083ms)
✔ native brush smooth, fixture 1, matches independently compiled C++ at every control point (0.86525ms)
✔ native brush increase, fixture 2, matches independently compiled C++ at every control point (0.233917ms)
✔ native brush decrease, fixture 2, matches independently compiled C++ at every control point (0.111166ms)
✔ native brush reduce, fixture 2, matches independently compiled C++ at every control point (0.086083ms)
✔ native brush smooth, fixture 2, matches independently compiled C++ at every control point (0.059083ms)
✔ native brush increase, fixture 3, matches independently compiled C++ at every control point (0.08375ms)
✔ native brush decrease, fixture 3, matches independently compiled C++ at every control point (0.066125ms)
✔ native brush reduce, fixture 3, matches independently compiled C++ at every control point (0.090416ms)
✔ native brush smooth, fixture 3, matches independently compiled C++ at every control point (0.098167ms)
✔ layer brush protects native first layer, closed range margins and max/min saturation (0.19975ms)
✔ empty profile initializes a real editable native curve while malformed brushes reject (1.1655ms)
✔ band-local reset converges toward the configured height and smooth preserves distant points (3.055125ms)
✔ the first brush preserves native height-range initialization, including guarded range bands (0.180875ms)
✔ adaptive and smoothing match independently compiled native cube quality 0 (5.866625ms)
✔ adaptive and smoothing match independently compiled native cube quality 0.25 (2.1905ms)
✔ adaptive and smoothing match independently compiled native cube quality 0.5 (1.430167ms)
✔ adaptive and smoothing match independently compiled native cube quality 1 (0.873792ms)
✔ adaptive and smoothing match independently compiled native pyramid quality 0 (1.135666ms)
✔ adaptive and smoothing match independently compiled native pyramid quality 0.25 (0.904459ms)
✔ adaptive and smoothing match independently compiled native pyramid quality 0.5 (1.427959ms)
✔ adaptive and smoothing match independently compiled native pyramid quality 1 (1.324125ms)
✔ profile boundary validates scalar pairs, finite heights, order, native first height and current normal-part height (1.85675ms)
✔ source layer limits fall back for zero bounds, include default layer height and preserve raft semantics (2.42075ms)
✔ adaptive source incorporates sorted height ranges and smoothing keep-min never increases a point (10.058167ms)
✔ native profile codec uses model-object indices, preserves decimal values and refuses malformed metadata (0.34875ms)
✔ profiles roundtrip over component groups and selected plates, including joint height-range metadata (49.331792ms)
✔ server preserves profiles and rejects stale geometry/first-layer changes instead of native silent fallback (45.252166ms)
✔ VFA follows native model, height, spiral settings and preserves selected volumetric limits (4.818375ms)
✔ VFA honors native first layer, gradual slowdown and whole-number speed rounding (2.842292ms)
✔ VFA rejects invalid ranges, oversized towers and speed-dependent unsupported native settings (1.810334ms)
✔ VFA changes only outer-wall feedrates with relative extrusion and preserves modal travel (2.058166ms)
✔ VFA changes only outer-wall feedrates with absolute extrusion and preserves modal travel (0.51325ms)
✔ VFA rejects mismatched native baselines, missing object boundaries and unit changes (0.460625ms)
✔ Bambu native role and layer tags retain identical scheduled moves without rewriting the tags (2.495ms)
✔ bounded ZIP64 reader accepts stored/deflated small files and regular ZIP remains compatible (5.93475ms)
✔ ZIP64 rejects oversized counts, integer overflow, directory lengths and multi-disk metadata before inflating (1.506ms)
✔ ZIP64 rejects missing/truncated extras, overlapping directory bounds, forged expansions and inconsistent headers (23.180333ms)
ℹ tests 1127
ℹ suites 0
ℹ pass 1126
ℹ fail 1
ℹ cancelled 0
ℹ skipped 0
ℹ todo 0
ℹ duration_ms 25227.182708

✖ failing tests:

test at tests/unit/native-arrange-worker.test.js:5:1
✖ arrangement input/output/console bounds and whole-operation deadlines reject stalled helpers (255.081792ms)
  AssertionError [ERR_ASSERTION]: The input did not match the regular expression /output size limit/. Input:
  
  'Error: Native arrangement processing timed out (including queue wait)'
  
      at async TestContext.<anonymous> (file:///private/tmp/orca-implementation/m47-multipart-import-stage/tests/unit/native-arrange-worker.test.js:5:255)
      at async Test.run (node:internal/test_runner/test:1113:7)
      at async Test.processPendingSubtests (node:internal/test_runner/test:788:7) {
    generatedMessage: true,
    code: 'ERR_ASSERTION',
    actual: Error: Native arrangement processing timed out (including queue wait)
        at unavailable (file:///private/tmp/orca-implementation/m47-multipart-import-stage/server/native-arrange-worker.js:13:42)
        at Timeout.<anonymous> (file:///private/tmp/orca-implementation/m47-multipart-import-stage/server/native-arrange-worker.js:55:45)
        at listOnTimeout (node:internal/timers:608:17)
        at process.processTimers (node:internal/timers:543:7),
    expected: /output size limit/,
    operator: 'rejects',
    diff: 'simple'
  }
