✔ HTTP all-plate statistics bind two completed native project jobs and never count a missing or deleted result (661.905ms)
✔ HTTP all-plate endpoint rejects client-supplied cohort IDs and requires owned ready jobs (106.031209ms)
✔ native selection flows through upload, typed overrides, status, and G-code download (750.457917ms)
✔ rejects bad file types, empty files, malformed settings, invalid IDs and incompatible presets without leaving uploads (196.478416ms)
✔ preset defaults remain intact when an unrelated setting is overridden (180.292166ms)
✔ simultaneous queued requests retain distinct geometry markers and preset choices (490.471042ms)
✔ surfaces slicer errors and blocks failed-job downloads (131.545292ms)
✔ active jobs cannot be deleted; completed history and output can be deleted (426.966792ms)
✔ health reports missing executable and requests fail before entering queue (21.040542ms)
✔ missing preset resources report degraded service; unknown API routes return JSON (46.431459ms)
✔ upload limit rejects oversized data and cleans partial files (60.004583ms)
✔ embedded 3MF host scripts are rejected before creating a native job (68.297667ms)
✔ bound temperature measurement saves only its explicit native fields once with original template compatibility (147.020292ms)
✔ bound pressure-advance measurement saves only its explicit native fields once with original template compatibility (49.775208ms)
✔ bound retraction measurement saves only its explicit native fields once with original template compatibility (51.929334ms)
✔ bound max-volumetric-speed measurement saves only its explicit native fields once with original template compatibility (54.058ms)
✔ stale measured-result sessions cannot save after preset changes or expiry (43.333625ms)
✔ prepare binds a random token to exact STL bytes, native preset snapshot and allowed parameters (85.671ms)
✔ same IDs with changed resolved native configuration cannot reuse a calibration (37.327875ms)
✔ expired, evicted and unknown tokens require regeneration; cache is bounded (19.925375ms)
✔ prepare rejects extra user-supplied settings and unsupported modes before model work (6.407416ms)
✔ expensive native preparations are serialized by rejection and shutdown aborts active work (9.298417ms)
✔ disconnecting the prepare response aborts native work and frees the preparation slot (4007.430708ms)
✔ input shaping sessions bind model, firmware shaper, axis ranges and damping parameters (31.294625ms)
✔ cornering sessions bind native model and range without allowing a client-selected firmware parameter kind (24.342416ms)
✔ VFA sessions bind exact native geometry, preset snapshot and speed schedule (39.6655ms)
✔ max volumetric sessions bind the generated ramp and reject arbitrary nozzle and process overrides (55.109917ms)
✔ retraction sessions bind the native extrusion range and reject changed wipe metadata or settings (56.061791ms)
✔ native calibration resolution keeps scalar parsing and native sparse defaults consistent at preparation and validation (61.24325ms)
✔ calibration session binds inactive native material alternatives without using them as active values (58.267875ms)
✔ HTTP preparation reviews hidden native corrections and final save revalidates signed decisions durably (224.67475ms)
✔ HTTP custom preset CRUD/import/export is durable, typed, same-origin, and catalog-compatible (95.171125ms)
✔ Cut to parts route passes bounded frame and geometry input through shared worker queue and rejects wrong operations (34.282458ms)
✔ Cut to parts disconnect cancels active native work without waiting for a result (14.321667ms)
✔ Cut to parts reports native unavailability explicitly and never falls back to a different cutting algorithm (3.85875ms)
✔ connection API validates and redacts CRUD, preserving keys on edits and enforcing same-origin mutations (58.674ms)
✔ Moonraker status uses reported objects, preserves URL prefixes, and distinguishes offline firmware (13.439208ms)
✔ OctoPrint status handles disconnected printer 409 and exposes only available capabilities (6.021167ms)
✔ moonraker uploads only completed output without selecting/printing; starting requires explicit confirmation (14.537625ms)
✔ moonraker commands enforce confirmation, numeric validation, busy state, and map the native protocol (31.646166ms)
✔ octoprint uploads only completed output without selecting/printing; starting requires explicit confirmation (9.468125ms)
✔ octoprint commands enforce confirmation, numeric validation, busy state, and map the native protocol (17.648292ms)
✔ remote authentication errors and successful echo payloads never reveal API keys; failures release the lock (7.290125ms)
✔ in-flight commands lock same-device edit, delete, upload, and second commands; other connections remain usable (6.575875ms)
✔ HTTP adapter rejects redirects, invalid JSON, oversized bodies, and streamed timeouts without forwarding credentials (120.783334ms)
✔ flow project token rejects geometry, grouping, ratio, visibility and selection changes (116.369792ms)
✔ flow result uses bound specimen formula, creates a new preset and deduplicates identical retries (33.971333ms)
✔ changed or expired source presets cannot save a measured flow result (37.467ms)
✔ cached flow project export validates the exact token, parameters, presets and geometry before returning cached bytes (35.93275ms)
✔ expired or shutdown calibration exports require regeneration and never return cached model bytes (12.137875ms)
✔ owned hotend routes preserve system vendor identity, custom last-vendor semantics and deleted/changed preset independence (47.737708ms)
✔ explicit configured vendor assets win; stale hashes fail and missing vendor files use original native default (18.3485ms)
✔ older snapshots show visible fallback provenance and missing defaults remain unavailable (9.201958ms)
✔ hotend asset routes reject traversal, symlink escapes, corrupt geometry, oversized files and unbound reads (10.052166ms)
✔ native hotend supports bounded ASCII STL without moving its coordinates (1.658625ms)
✔ native hotend selection and fallback paths match independently compiled original source (19.126ms)
✔ catalog retains distinct index IDs and display names with defensive hotend metadata (17.058583ms)
✔ real app persists immutable printer-model bindings for multipart and embedded-project job creation (388.106167ms)
✔ running cancellation stops the native child, persists cancellation, and removes partial outputs (454.123958ms)
✔ queued cancellation returns while earlier work runs, is never started, and does not block subsequent jobs (379.188834ms)
✔ terminal cancellations are idempotent, retain ready downloads, and unknown jobs return 404 (350.448708ms)
✔ shutdown cancels both running and queued jobs with no surviving work or downloads (330.434917ms)
✔ startup cleans abandoned owned artifacts, preserves ready G-code, and leaves unrelated files untouched (253.060375ms)
✔ invalid job indexes stop startup before abandoned-file cleanup (1.580917ms)
✔ selection exposes native numeric bed geometry and placement is explicitly opt-in (373.92825ms)
✔ only complete matching owned project slices produce original native all-plate statistics (8.284875ms)
✔ unrelated geometry/config/engine versions, missing and failed plates never produce partial fabricated totals (1.371834ms)
✔ the viewed job anchors its own plate even when newer matching jobs exist (0.266667ms)
✔ job deletion, changed context, changed extruder metadata and helper replacement reject in-flight aggregation (1.535875ms)
✔ all-plate work serializes requests, honors cancellation and shutdown (0.307458ms)
✔ legacy jobs remain explicitly unavailable and unknown/nonready jobs keep ownership boundaries (0.200208ms)
✔ whole-operation timeout aborts native processing across the complete project request (17.161583ms)
✔ arrangement API prepares native geometry outside the bed without weakening export/slicing bounds (60.884666ms)
✔ arrangement rejects locked plates and invalid choices before worker admission, and returns explicit worker errors (26.430708ms)
✔ clipboard shares bounded geometry queue and shutdown rejects further requests (17.285125ms)
✔ app shutdown cancels active and waiting configuration HTTP requests and rejects future admission (123.33425ms)
✔ configuration HTTP endpoint preserves operational status instead of rewriting it to400 (48.498958ms)
✔ prepareGeometry forwards the caller signal through native preset resolution (13.187458ms)
✔ geometry route shutdown cancels configuration preparation before arrangement worker admission (6.798417ms)
✔ arrangement passes selected native temperature/nozzle vectors rather than archived alternatives (10.021125ms)
✔ Fill service ignores forged tower data, uses effective native presets, and omits redundant geometry from its reply (40.792583ms)
✔ Arrange prepares every plate for the existing tower and never accepts client-provided footprints (6.890958ms)
✔ import inspection API validates the project and sends canonical model data to the bounded worker (42.833584ms)
✔ unavailable or malformed native inspection is explicit and cannot become a successful filter (18.186208ms)
✔ import inspection cancellation and service shutdown reach the native worker without committing results (14.800167ms)
✔ linked Cut route passes bounded frame and geometry input through shared worker queue and rejects wrong operations (40.71825ms)
✔ linked Cut disconnect cancels active native work without waiting for a result (18.017625ms)
✔ linked Cut reports native unavailability explicitly and never falls back to one-instance Cut (5.924084ms)
✔ cross-setting preflight rejects native structural errors before queuing or retaining uploads (310.202417ms)
✔ native project preflight checks global settings, printable part overrides and native plate vase state (117.142334ms)
✔ native import stores original user diff and editor reset resolves the native parent rather than imported child (357.638333ms)
✔ root edit reloads direct native children while reopening resolves their nullable variant differences (470.973291ms)
✔ native parent cycles and helper failure do not overwrite persisted user diffs (66.641ms)
✔ failure while reloading a root child leaves the entire save transaction and disk file unchanged (316.6855ms)
✔ native derived edits do not eagerly reload grandchildren; a restart applies their stored native diffs (443.928208ms)
✔ native-mode names follow portable reserved-name rules and root machine save retains only allowed settings (364.881792ms)
✔ same G-code with different immutable job palettes gets independent snapshot-bound results (8.428208ms)
✔ changed editor context invalidates cache even if G-code and helper identity stay identical (3.353417ms)
✔ editor snapshot mutation during native work rejects stale data and never mutates queued input (6.558833ms)
✔ old helpers and legacy jobs retain explicit standalone provenance instead of implying editor totals (2.748459ms)
✔ invalid stored snapshots are rejected before any native processing (2.776041ms)
✔ unavailable bounded job context reaches the response and participates in cache identity (2.266542ms)
✔ native preview HTTP route serves only owned ready jobs and retains native source identity (37.79925ms)
✔ cache invalidates changed G-code and worker identity and evicts by bounded entry count (13.760542ms)
✔ concurrent subscribers share native work; aborting one preserves the other and aborting all stops work (15.607875ms)
✔ job deletion during processing cannot cache or return orphaned native geometry (7.624ms)
✔ capability endpoint reports actual identity or a missing helper without attempting job processing (4.911875ms)
✔ changing a helper during an in-flight job rejects stale identity and never caches the result (8.82225ms)
✔ ready-job snapshots reject symlinked output files and invalid cache budgets (3.210958ms)
✔ snapshot preparation is bounded before allocating input copies (1.65175ms)
✔ tower route resolves complete geometry and effective presets, ignoring browser-supplied native counts (37.473167ms)
✔ tower route rejects wrong response identity and reports unavailability without fabricated geometry (9.007583ms)
✔ tower disconnect aborts the native request and shutdown aborts remaining work (10.255958ms)
✔ contextual preset reads share app shutdown cancellation and preserve the service status (114.921ms)
✔ native project routes import matching settings and export a project larger than the generic JSON limit (248.525334ms)
✔ native project routes reject unsafe embedded commands, wrong formats and invalid process overrides (21.861042ms)
✔ fresh native GUI archive imports and exports through strict HTTP project validation (31.89625ms)
✔ native part compensation options survive strict HTTP export without allowing host commands (29.34425ms)
✔ native process clipboard HTTP route returns typed source settings and preserves destination filament (118.730709ms)
✔ clipboard rejects mismatched scope, global-only settings, unbounded destinations and requests after shutdown (67.7845ms)
✔ process Paste accepts complete resolved catalog settings while keeping compatibility metadata out of native overrides (252.117041ms)
✔ multi-plate token validates the whole unchanged scene before selecting each trusted native archive (662.726208ms)
✔ full native export retains all generated plates while selected export contains only its complete four layers (546.77425ms)
✔ unknown, expired and altered-preset multi-plate requests never yield cached bytes (303.272959ms)
✔ HTTP catalog evaluates printer/process expressions, library exclusion and native warnings (428.482125ms)
✔ HTTP configuration and slicing reject an expression selection after hardware becomes incompatible (301.523666ms)
✔ trusted catalog overlays use the same overridden compatibility in discovery and native admission (132.375292ms)
✔ native JSON dependencies preserve explicit lists, dormant expressions and unknown names across persistence/export (411.325458ms)
✔ imported native expressions control discovery and material print lists use original precedence (265.90225ms)
✔ incompatible imported presets stay editable but ordinary native resolution always enforces compatibility (627.441666ms)
✔ native first system filament save seeds the base printer once, but process and derived custom saves retain All (677.879125ms)
✔ native full-config condition groups remain bounded and survive project settings plus archive roundtrip (118.240875ms)
✔ native compatibility ancestry retains a derived custom parent when Save as new copies it (310.857958ms)
✔ ordinary slice snapshots resolved machine/filament properties durably with no user connection fields (378.587ms)
✔ native editor project jobs bind embedded properties and active-plate event metadata without command bodies (167.845708ms)
✔ raw archive uploads do not falsely claim selected-preset editor provenance (142.406125ms)
✔ bounded preview limitations do not reject a valid native configuration or invent summary defaults (159.357084ms)
✔ multipart slicing validates hidden native decisions and writes only the accepted source-derived value (320.653166ms)
✔ missing, stale, malformed and injected process decisions fail without jobs or abandoned uploads (146.715667ms)
✔ catalog-native projects preserve the decision after canonical preset flattening (172.5695ms)
✔ embedded native projects replay the same hidden decision before producing slicing and export bytes (161.437334ms)
✔ native project jobs select one plate, retain embedded settings, accept large projects, and clean temporary archives (316.524959ms)
✔ invalid native project settings and calibration payloads never queue native jobs (77.606583ms)
✔ direct project-import HTTP requests share the bounded native queue with raw helper callers (135.946667ms)
✔ original Preset::save emits parent differences and nullable variant nil markers, then native child loading resolves them (120.566375ms)
✔ user-diff projection matches captured independent complete native user-file loading (427.009166ms)
✔ independent user-file reference is pinned to retained inputs, generator and native worker sources (1.158875ms)
✔ native root-edit reload remains distinct from native user-file restart loading (63.495959ms)
✔ private server boundary retains original native diff, version, identity and full variants (43.260375ms)
✔ native sphere reaches connected back-facing surfaces while circle is view-facing and neither crosses disconnected shells (45.934542ms)
✔ circle brush uses projected radius; clipping and world overhang constraints restrict actual native subfacets (31.78075ms)
✔ subfacet bucket and triangle editing cross unequal shared edges without repainting other states (0.900625ms)
✔ gap fill uses strict local patch area and lowest adjacent state, preserving immutable snapshot decisions (0.5355ms)
✔ height paint and source native brush constraints reject invalid or excessive parameters (28.559375ms)
✔ native C++ polygon pipeline and source corner predicates: 81 outer/hole/negative/overlap/acute/tiny-edge cases (20.065208ms)
✔ default diameter uses native global first-layer width; strict right-angle boundary and duplicates preserve user ears (0.369375ms)
✔ mesh section honors grouped transforms and negatives, ignores modifiers, and rejects damaged topology (15.526542ms)
✔ disconnected ears connect through an ear chain without mutating geometry (1.68925ms)
✔ brim ear metadata rejects malformed, duplicate and unsupported native records (1.29375ms)
✔ native ears round trip by model index with plate offsets and object transforms (26.691458ms)
✔ ears follow grouped rebasing, mirror and placement while their diameter stays fixed (6.956292ms)
✔ part edits and deletion preserve object-level ears while part copies do not duplicate them (3.02775ms)
✔ finite capsule distances handle intersections, skew edges, parallel segments and degenerate projections (0.755917ms)
✔ continuous sphere and circle strokes cover the swept capsule between sparse pointer samples (61.9955ms)
✔ screen interpolation preserves facet transitions, curve bends and missed surfaces with bounded work (0.772583ms)
✔ explicit temperature measurement maps only to the source-defined filament settings (1.049084ms)
✔ explicit pressure-advance measurement maps only to the source-defined filament settings (0.1425ms)
✔ explicit retraction measurement maps only to the source-defined filament settings (0.130458ms)
✔ explicit max-volumetric-speed measurement maps only to the source-defined filament settings (0.090083ms)
✔ temperature requires a whole-degree value and no unsupported result is guessed (0.161667ms)
✔ temperature plan uses native labelled block coordinates, nozzle scale and native preset scope (1.077125ms)
✔ calibration rejects unsupported modes, arbitrary keys, invalid ranges, oversized towers and multiple extruders (0.297875ms)
✔ PA plan derives bounded wall speed from the native flow area and 1 mm height schedule (0.136333ms)
✔ PA commands follow the selected native firmware flavor (0.194416ms)
✔ temperature interpolation follows the native first-two-layer and final-layer behavior (0.094ms)
✔ postprocessor inserts actual calibration commands after native layer macros and preserves motion (0.478375ms)
✔ postprocessor refuses incompatible versions, missing anchors and inconsistent layer metadata (0.168041ms)
✔ clipped geometry is capped with consistent winding and preserves true volume (3.29175ms)
✔ clipping retains enclosed holes instead of filling the calibration cut solid (2.72125ms)
✔ calibration placement uses the real bed and rejects unsupported bed shapes (0.753291ms)
✔ input shaping generates native models and complete spiral, acceleration and cooling settings (0.421667ms)
✔ input shaping validates native ranges, firmware-specific types and request fields (0.349083ms)
✔ input shaping follows native frequency first-layer and second-layer firmware sequences (0.175541ms)
✔ damping preserves native zero no-op, initialization and float32 interpolation instead of fabricating resets (0.218583ms)
✔ only a final native spiral closing layer may repeat its preceding Z marker (0.215167ms)
✔ cornering maps positive Marlin junction deviation and other presets to native defaults and units (0.264708ms)
✔ cornering commands match native firmware parameters and zero no-op behavior (0.198083ms)
✔ cornering rejects overlapping schedule commands and removes stale time/progress while retaining material (0.551583ms)
✔ Bambu native layer and Z tags preserve temperature scheduling and original reserved comments (0.132792ms)
✔ fit keeps every corner of wide, tall and asymmetric objects within portrait and landscape camera frames (3.861167ms)
✔ camera fitting is translation invariant and validates malformed geometry and viewport dimensions (0.592416ms)
✔ fitting arbitrary viewing axes preserves orientation and contains every corner in both projections (0.354584ms)
✔ fit rejects degenerate or malformed viewing axes before producing invalid camera coordinates (0.105125ms)
✔ custom prepare/save derives hidden vase corrections, persists them outside overrides, and reopens durably (372.742291ms)
✔ save never accepts injected hidden settings, native patches, forged decisions, or caller capability flags (4.675167ms)
✔ structural failures block persistence and material warnings require their current acknowledgment signature (16.507458ms)
✔ source changes invalidate reviewed hidden corrections and sequential event decisions replay without repeated dialogs (18.119333ms)
✔ a standalone imported printer can be renamed even when no bundled process is compatible (61.02075ms)
✔ custom machine/process/filament snapshots persist and affect actual selection with strict compatibility (28.1235ms)
✔ derived machines retain native compatibility ancestry and expose custom bed geometry (10.33575ms)
✔ custom edits replace override map relative to frozen base and cannot mutate bundled files (7.178917ms)
✔ native inherited JSON imports resolve trusted names and export their native differences (102.834417ms)
✔ native imports reject missing/ambiguous parents, unknown fields, scripts, malformed dependencies, and credentials without saving partial data (3.142ms)
✔ concurrent edits, rename collisions, delete/update races and write failures stay atomic (13.285ms)
✔ corrupt custom store is reported instead of overwritten (3.401292ms)
✔ all native connector primitive vertices and triangles match independently compiled pinned native functions (13.42675ms)
✔ native primitive recentering produces closed outward surfaces for every connector type and shape (28.704416ms)
✔ plug clearances and cut identity match native processed-volume semantics (117.8995ms)
✔ dowels produce independent upright solids and two tolerance-expanded holes with native preview offsets (13.912375ms)
✔ snap and asymmetric polygon connectors retain native geometry on oblique planes (17.385334ms)
✔ invalid placement, intersecting negative regions and malformed plans fail without changing the source (11.764583ms)
✔ repeated cuts increment source family counters and synchronize surviving peers without changing unrelated families (7.814291ms)
✔ exact one-volume geometry correspondence retains cut identity and connector flags (0.871417ms)
✔ changed topology clears all family identities and connector flags while preserving every replacement surface (0.315ms)
✔ split or assembly membership invalidates original families instead of duplicating stale connector flags (0.261958ms)
✔ cut identities preserve unsigned 64-bit values exactly and reject unsafe numbers (1.380875ms)
✔ connector types and distances are explicit and do not infer editable source plans (0.476375ms)
✔ cut XML uses native object and volume indexes, repeated connector containers and exact identity strings (2.412375ms)
✔ malformed XML, missing identities, duplicate indexes and invalid connector references fail explicitly (0.741834ms)
✔ native project roundtrip retains grouped connector identities, roles, material slots and plate reindexing (41.081042ms)
✔ missing object or volume metadata references reject before the native executable (23.106542ms)
✔ repeated build instances retain one native cut record on every expanded group (9.417ms)
✔ membership and role changes invalidate related cut metadata without deleting connector geometry (0.51925ms)
✔ client normalization and server preparation preserve only validated cut fields (19.340292ms)
✔ empty native mesh volumes cannot shift connector volume indexes silently (6.967875ms)
✔ near-edge cuts remove Float32-collapsed faces and split collinear boundary edges without moving the plane (4.452333ms)
✔ Cut transport uses its bounded geometry output budget and validates the native replay identity (272.953083ms)
✔ Cut transport cancellation and queue deadlines remove all isolated geometry (1566.536292ms)
✔ original Cut to parts result applies atomically: ordinary STL without retained frame (16.426792ms)
✔ original Cut to parts result applies atomically: linked translated solids (7.094667ms)
✔ original Cut to parts result applies atomically: two normal volumes preserve A B interleaving (8.013709ms)
✔ original Cut to parts result applies atomically: crossed and outside helpers retained exactly once (8.130333ms)
✔ original Cut to parts result applies atomically: tilted scaled mirrored source with oblique cut (6.059541ms)
✔ original Cut to parts result applies atomically: selected mirrored tilted instance (4.368042ms)
✔ original Cut to parts result applies atomically: first instance no auto-drop (5.438541ms)
✔ Cut to parts rejects incompatible controls and invalid planes before native work (3.608541ms)
✔ native output validation rejects identity, reordering, lost modifiers and unbounded geometry (3.888833ms)
✔ native geometry keeps full source frames and strips topology-dependent painting only on the returned transaction (1.7125ms)
✔ captured Cut oracle retains pinned source, independently rebuilt generator and exact fixture inputs (10.132125ms)
✔ printer credentials persist privately; public records and reads cannot mutate the store (5.791417ms)
✔ concurrent creates and edits preserve every record and the latest credential (17.053584ms)
✔ failed atomic replacement leaves memory intact, cleans the temporary file, and allows later writes (2.704959ms)
✔ corrupt or invalid stored connections abort startup without replacing their contents (3.03325ms)
✔ malformed URLs, credentials, names, and camera URLs are rejected without persisting a connection (0.880375ms)
✔ native C++ dovetail plane math and ordered half-space paths match: basic (0.930292ms)
✔ native C++ dovetail plane math and ordered half-space paths match: repeated (0.275583ms)
✔ native C++ dovetail plane math and ordered half-space paths match: tapered (0.138292ms)
✔ native C++ dovetail plane math and ordered half-space paths match: obtuse (0.116208ms)
✔ native C++ dovetail plane math and ordered half-space paths match: zero-clearance (0.137792ms)
✔ native C++ dovetail plane math and ordered half-space paths match: negative-clearance (0.100041ms)
✔ native dovetail cuts produce closed real tongues/sockets and exact analytic clearance volume (37.56075ms)
✔ repeated tapered and oblique dovetail cuts preserve closed fragments, retained sides and bed placement (137.169959ms)
✔ dovetail family updates preserve peers, existing connector metadata and intersecting modifier volumes (17.485709ms)
✔ invalid or unsupported dovetails fail without mutating source or returning zero-volume pieces (1.361875ms)
✔ hidden normal parts remain in the cut family and native project roundtrip retains final geometry and identities (102.252875ms)
✔ split and assembly remap sparse native painting to exact source triangles (18.513417ms)
✔ ordinary repair preserves painting through triangle reindexing and rejects painted deletion (5.540625ms)
✔ compatible orientation repair preserves exact painted subregions and incompatible bases fail before loss (5.078584ms)
✔ assembly rejects incompatible reflected nonuniform paint while uniform states remain preservable (4.190667ms)
✔ native nibble strings decode exact states and split-child order with lossless encoding (1.006292ms)
✔ bounded painting validation rejects malformed, truncated, excessive and incompatible native data (0.42025ms)
✔ painting records actual facets, connected fill and sphere refinement without changing source surfaces (6.785125ms)
✔ winding changes preserve exact asymmetric native painted regions via explicit vertex order (0.248417ms)
✔ filament remapping swaps native leaves simultaneously and includes base part and object fallback without changing geometry (1.879708ms)
✔ mapping identity is a no-op and invalid source, target, role and group settings fail before edits (0.313291ms)
✔ native per-plate output sequence aliases and associations survive selected/reordered exports (1.232125ms)
✔ native output metadata rejects missing plate, invalid indices and oversized arrays (1.293125ms)
✔ layer orders use native equal-width interval encoding beyond the misleading scalar max of sixteen (0.445042ms)
✔ orders reject duplicate/missing slots, malformed ranges and mismatched native record widths (0.199291ms)
✔ native project service preserves sequence metadata per plate and rejects malformed order before export (138.718333ms)
✔ adding slots preserves existing purge values and initializes the native 140+140 transition defaults (1.035042ms)
✔ removing a used slot fails; unused removal remaps parts and layer events without changing the original (0.795625ms)
✔ embedded slot duplication preserves per-material vector values and round-trips an unused slot removal (0.373625ms)
✔ flow methods use native percent versus additive formulas and source-specific sample lists (1.44875ms)
✔ flow geometry preserves labels and per-object ratios with ten-layer scaling and group centering (4.258083ms)
✔ flow plan rejects unknown fields, bad ranges and unsafe substitutions for labelled native specimens (1.757625ms)
✔ flow output validation requires every prepared native specimen and preserves native moves and estimates (1.181041ms)
✔ font service serves only allowlisted native bundled files and their attribution, rejecting links and path requests (54.703167ms)
✔ normal native role colors and ordering match independently extracted pinned declarations (4.474792ms)
✔ opt-in raw source changes no parsed geometry or estimates and preserves exact line text (0.401708ms)
✔ hiding a role preserves scrubbed source position and original arc command identities (0.486375ms)
✔ source window retains non-motion commands and all semicolon text; no hidden or empty path invents an active line (0.176209ms)
✔ source and display bounds report their limits without dropping a line number or treating unparsed context as a selected move (0.320875ms)
✔ actual GUI-exported2.4.2 G-code retains102 layer/command mappings and native feature ordering without inferred timing (54.675917ms)
✔ scalar colors and legend values equal unmodified native ColorRange/Types C++ in 50 boundary and interpolation cases (1.935833ms)
✔ commanded flow matches six independent C++ float-operation cases and rejects missing or non-extrusion inputs (0.158542ms)
✔ native height/width tags persist across roles, clamp excessive width, and clear invalid metadata without geometry mutation (1.8035ms)
✔ filament config overrides header, tool commands select diameter, heater T parameters do not and M221 does not change commanded flow (0.226125ms)
✔ known tags remain inspectable while arc, volumetric E, wipe, firmware retract and conflicting relative modes leave flow unavailable (0.428083ms)
✔ missing diameter, feed or tags produce explicit nulls and source-less previews are not populated from assumptions (0.152ms)
✔ native scalar ranges cover the whole file and only exclude hidden Custom for width/flow, preserving native singleton behavior (0.180125ms)
✔ all 6,896 tagged linear motions from the actual native GUI fixture equal the independent C++ float rows (56.305792ms)
✔ preview changes tools only for leading T commands, never heater or acceleration parameters (1.780542ms)
✔ tracks native layer/feature comments, feed rates, tools and genuine header estimates (2.66325ms)
✔ absolute/relative axes and M82/M83 extrusion modes remain explicit across G92 resets (0.234833ms)
✔ distinguishes extrusion, travel, moving retraction and stationary retraction/unretraction (0.120917ms)
✔ tessellates clockwise/counterclockwise IJ arcs, full circles and helical Z motion (0.651625ms)
✔ supports radius-defined minor/major arcs and alternate planes without flattening them (0.956292ms)
✔ invalid arcs are reported and omitted rather than converted into fabricated straight paths (0.120292ms)
✔ unknown starting coordinates and homing do not produce invented moves (0.179542ms)
✔ commentless layers use extruding Z and ignore non-extruding Z-hop heights (0.082958ms)
✔ duplicate native layer comments annotate one layer and missing native estimates remain absent (0.0965ms)
✔ caps segments, lines, characters and arc subdivision with explicit partial-preview diagnostics (0.186083ms)
✔ parses inches, modal moves, comments, compact commands, line numbers and checksum suffixes (0.857125ms)
✔ absolute arc-center mode and coordinate safety limits are respected (0.401667ms)
✔ Orca setup/purge paths do not shift one-based printed layer labels (0.28275ms)
✔ complete generated pattern import captures four-layer geometry/settings/plate binding and survives JSON scene roundtrip (14.138667ms)
✔ stale generated patterns reject transform, geometry, native settings, plate and command edits (41.628292ms)
✔ incomplete marked projects cannot establish a new binding, ordinary custom commands retain existing semantics (4.528875ms)
✔ native project preparation accepts unchanged embedded import and rejects changed geometry, presets and plates (68.63875ms)
✔ browser edit guard retains fixed paths and checks effective process settings while allowing selection and names (4.295792ms)
✔ saved version-one pattern bindings retain their original geometry/settings/active-plate fingerprint (11.315166ms)
✔ planar cut produces closed caps with conserved volume and preserves transformed placement (7.4075ms)
✔ cut caps preserve nested cavities, islands and disconnected shells (3.004584ms)
✔ cut through existing vertices/edges remains manifold and invalid surfaces fail without mutation (1.851ms)
✔ concave cut contours cap the real outline rather than its convex hull (2.522ms)
✔ mirroring transforms asymmetric geometry, preserves outward winding and is reversible (0.591875ms)
✔ native group cut preserves part roles, assignments and shared overrides without orphaned modifiers (1.523333ms)
✔ split disconnected shells preserves transformed world surfaces and leaves source unchanged (6.144875ms)
✔ assembly metadata disassembles parts at current world positions without a Boolean union (0.760083ms)
✔ repair removes degenerate and duplicate faces, fixes isolated winding errors, and retains dimensions (0.954ms)
✔ repair reports open boundaries and does not invent caps or flip nested cavity shells (1.513ms)
✔ transforms rotate and scale about source center while position is world translation (1.969333ms)
✔ combined Euler rotation matches Three.js XYZ convention used by the viewport (0.555791ms)
✔ bed placement centers XY and drops transformed minimum Z while imported assemblies keep offsets (2.08425ms)
✔ scene bounds, duplicate, remove and hidden objects use independent serializable meshes (2.186833ms)
✔ arrange keeps transformed boxes inside build volume with nonoverlapping XY footprints (2.552875ms)
✔ mesh analysis identifies closed topology, open boundaries, degeneracy and duplicate faces (0.78375ms)
✔ binary STL includes only visible triangles with baked transforms and repaired mirrored winding (1.934375ms)
✔ place on face rotates an outward side normal down, retains XY center and resets transforms (1.441542ms)
✔ invalid input coordinates and zero scale are rejected before geometry export (0.169958ms)
✔ server validates and preserves shared editing frames in web metadata while native geometry stays baked (98.261792ms)
✔ source-derived positive shrinkage schedule matches every captured OrcaSlicer 2.4.2 GUI layer (15.052375ms)
✔ height ranges normalize native scalar/vector settings, expose only region controls plus mandatory layer height, and sort natively (8.758167ms)
✔ native overlaps trim later ranges rather than merge settings, including identical starts and fully covered ranges (0.378041ms)
✔ range validation rejects unsafe numbers, duplicate bounds, host scripts, global controls and missing layer heights (0.483708ms)
✔ range layer-height bounds follow native extruder fallback and zero maximum uses 75 percent nozzle (0.162792ms)
✔ XML roundtrip uses 1-based model-object indices, preserves gaps and rejects malformed or hostile metadata (0.802333ms)
✔ native range metadata attaches to whole model objects, not component resource IDs, and remaps selected plates (26.586458ms)
✔ all instances of one native model object inherit its indexed ranges (9.009791ms)
✔ regrouping adopts the target height ranges and detached copies retain independent values (0.862334ms)
✔ server sanitizes and preserves ranges, validates nozzle bounds and rejects hidden host hooks (38.939625ms)
✔ structural preflight validates effective ranged settings after ordinary part settings (2.286834ms)
✔ native inspection transport validates replayed model removals and removes request files (234.212791ms)
✔ inspection transport cancellation reaches active and queued requests and accepts a later valid request (147.52225ms)
✔ SVG physical units, viewBox mapping and scale leave extrusion depth in millimetres (1.273417ms)
✔ bounded ZIP reader accepts stored/deflated entries and rejects oversized or forged expansions (26.885416ms)
✔ file limits apply before reading file bytes and triangle limits before STL/OBJ expansion (0.653583ms)
✔ STEP mesh conversion preserves assembly names, rejects bad indices and enforces mesh budgets (1.749292ms)
✔ official OpenCascade WASM tessellates upstream STEP cube into actual closed surfaces (135.754583ms)
✔ native initial profile, layer schedule and complete RGBA/LOD textures match independent C++ case 0 (3.241792ms)
✔ native initial profile, layer schedule and complete RGBA/LOD textures match independent C++ case 1 (0.462167ms)
✔ native initial profile, layer schedule and complete RGBA/LOD textures match independent C++ case 2 (0.448125ms)
✔ native initial profile, layer schedule and complete RGBA/LOD textures match independent C++ case 3 (0.578459ms)
✔ native initial profile, layer schedule and complete RGBA/LOD textures match independent C++ case 4 (0.429958ms)
✔ native initial profile, layer schedule and complete RGBA/LOD textures match independent C++ case 5 (0.418333ms)
✔ native initial profile, layer schedule and complete RGBA/LOD textures match independent C++ case 6 (0.246292ms)
✔ native initial profile, layer schedule and complete RGBA/LOD textures match independent C++ case 7 (1.013ms)
✔ editable uniform initialization inserts one collinear pair while preserving native range discontinuities (0.702042ms)
✔ default preview layers retain native range heights instead of silently becoming uniform (2.0625ms)
✔ native cursor band is yellow at half strength in the center and fades to zero outside its cosine band (0.37425ms)
✔ malformed profiles and native texture overflow are rejected before allocating unsafe buffers (12.589625ms)
✔ default C++ fused arithmetic differs only by documented one-channel rounding units (9.571958ms)
✔ legacy activation is version-gated and accepts canonical numeric/percent material values (0.490834ms)
✔ legacy mesh conversion retains absolute XY and joins OBJ submeshes into one native object while dropping Z (60.230541ms)
✔ preserved-position binary STL and grouped OBJ use the same bounded initialized native geometry (56.088291ms)
✔ automatic-placement conversion delegates packing to native export and forwards isolated settings/cancellation (32.152417ms)
✔ malformed and oversized legacy geometry fail explicitly before initialized archive creation (10.1515ms)
✔ max flow uses native width, height, maximum layer adjustment and allowance in the correct preset scopes (13.492125ms)
✔ max flow follows float32 native flow area, selected filament ratio and continuous rounded per-height speed (2.484708ms)
✔ max flow never lowers a native maximum layer height already sufficient for its nozzle (1.442459ms)
✔ max flow rejects invalid, overly short/tall and zero-native-speed ranges without inventing safe values (1.884667ms)
✔ STL loader displays actual binary vertices and import placement matches selected bed (4.271458ms)
✔ OBJ loader preserves named surface groups and their relative positions (1.893375ms)
✔ empty geometry and unsupported file formats fail instead of rendering placeholder meshes (0.276041ms)
✔ selection expands native objects, toggles whole groups, honors part scope and excludes other plates (1.392792ms)
✔ joint affine edits preserve every group, painted facet and brim position with a stable numeric transform frame (3.069292ms)
✔ duplicate and delete operate on distinct complete native groups in one result without cross-plate edits (0.994083ms)
✔ native rectangle membership retains an existing superset, replaces new hits, adds with control, and selects only modifier volumes (1.76675ms)
✔ saved multiple selection and affine frame roundtrip; stale frame clears and invalid vectors or forged state reject (9.324333ms)
✔ batch center and drop translate jointly using normal surfaces, preserve spacing and do not change another plate (1.155125ms)
✔ batch edits retain editable text source placement and native object-owned brim anchors under part scope (10.576125ms)
✔ original C++ all-plate totals: multiple-maps-and-native-assignment-filter, normal, metric (2.33225ms)
✔ original C++ all-plate totals: multiple-maps-and-native-assignment-filter, normal, imperial (0.271833ms)
✔ original C++ all-plate totals: multiple-maps-and-native-assignment-filter, stealth, metric (0.119375ms)
✔ original C++ all-plate totals: multiple-maps-and-native-assignment-filter, stealth, imperial (0.5605ms)
✔ original C++ all-plate totals: zero-columns-and-disabled-stealth, normal, metric (0.093583ms)
✔ original C++ all-plate totals: zero-columns-and-disabled-stealth, normal, imperial (0.054542ms)
✔ original C++ all-plate totals: zero-columns-and-disabled-stealth, stealth, metric (0.049625ms)
✔ original C++ all-plate totals: zero-columns-and-disabled-stealth, stealth, imperial (0.046042ms)
✔ original C++ all-plate totals: native-commands, normal, metric (0.068041ms)
✔ original C++ all-plate totals: native-commands, normal, imperial (0.085917ms)
✔ original C++ all-plate totals: native-commands, stealth, metric (0.167584ms)
✔ original C++ all-plate totals: native-commands, stealth, imperial (0.078083ms)
✔ original C++ all-plate totals: native-gui, normal, metric (0.04075ms)
✔ original C++ all-plate totals: native-gui, normal, imperial (0.119791ms)
✔ original C++ all-plate totals: native-gui, stealth, metric (0.0985ms)
✔ original C++ all-plate totals: native-gui, stealth, imperial (0.092083ms)
✔ original native time labels retain float division, minute rounding and subsecond sprintf behavior (0.081791ms)
✔ all-plate totals require every completed native editor result and consistent palettes/properties (0.298708ms)
✔ arrangement transport validates identity/results and always removes isolated request files (220.521292ms)
✔ arrangement input/output/console bounds and whole-operation deadlines reject stalled helpers (399.371417ms)
✔ active/queued cancellation, overflow and shutdown do not retain geometry or processes (100.6715ms)
✔ request preserves assemblies/part roles and transforms; selected-only keeps other objects fixed (2.651334ms)
✔ rigid native delta rotates whole assembly while preserving geometry, painting, settings and other objects (1.428791ms)
✔ spill placements create independent plates, preserve their native settings and clear moved selection (1.308625ms)
✔ invalid options, locked/empty selections and malformed native results never mutate project (1.081791ms)
✔ legacy single selection survives arrangement when selectedIds is empty (0.372708ms)
✔ real GUI plate images retain exact bytes through bounded JSON and generate correct native references (8.046791ms)
✔ appearance edits invalidate only the affected plate while selection, name and process changes retain render assets (6.39125ms)
✔ selected and reordered plate exports renumber image paths without retaining another plate image (3.708666ms)
✔ missing references produce actionable warnings and unsafe image references reject without filesystem access (1.393625ms)
✔ malformed base64, unknown image kinds, invalid chunks and image resource bounds fail closed (1.840208ms)
✔ actual native archive and strict service exports retain image bytes and omit stale or instance-ID picking references (97.861916ms)
✔ native attachments, cover relationships and attribution survive JSON and native export with exact opaque bytes (51.710959ms)
✔ native folders accept supported uploads atomically and preserve byte count and Unicode names (0.51725ms)
✔ rename and deletion keep covers coherent, clear generated cover files and leave original history unchanged (7.982792ms)
✔ missing designer covers and referenced cover resources are diagnosed without external reads (4.105416ms)
✔ unsafe paths, portability collisions, malformed payloads and reference forgery reject before output (0.309875ms)
✔ unknown auxiliary categories and root-level opaque files survive while metadata rejects invalid keys and values (0.304667ms)
✔ picture previews accept bounded static raster data and never interpret renamed active or oversized content (1.0535ms)
✔ real OrbitControls gestures follow all81 original native button mappings, including modifier keys (14.756625ms)
✔ native default middle drag pans without dollying and selected orbit speed scales the angle (0.345375ms)
✔ reverse wheel changes zoom direction without changing later touch pinch direction (1.212084ms)
✔ reentrant wheel events and disposal restore the original zoom speed; paint can suppress left camera gestures (1.03175ms)
✔ camera preferences use exact native defaults, preserve supported values and reject malformed storage (0.978583ms)
✔ orbit input commits on native bounds and two-decimal formatting (0.3195ms)
✔ camera reference retains original method and generator provenance (1.044042ms)
✔ Copy is detached; paste preserves names, painting and settings with fresh IDs (3.634084ms)
✔ All model objects participate, including invisible and other-plate objects (1.035041ms)
✔ Invalid worker transforms, identity changes, clone bounds and calibration reject atomically (0.4835ms)
✔ Clones retain processed connector geometry but detach copied cut identity (0.355875ms)
✔ Part paste applies returned raw mesh transform and adopts destination object settings (0.632791ms)
✔ Ordinary imported mesh retains native instance frame through Copy and JSON; stale topology rejects (43.802417ms)
✔ Modes require native whole-object/part destination selection and unchanged active plate (0.311375ms)
✔ Part Clone validates each copy/index pair and applies one atomic result (0.427792ms)
✔ compatibility metadata retains explicit lists and conditions while only the explicit leaf alias is sent to native naming (0.813917ms)
✔ listing selects active process for filament evaluation and carries native library exclusions (0.883042ms)
✔ listing does not fall back on helper failure, mismatched result IDs, or cancellation (0.2615ms)
✔ an incompatible selected process is explicit and native parser warnings retain original acceptance (0.243333ms)
✔ all catalog batches share one deadline rather than resetting the timeout per helper (49.811375ms)
✔ configuration cache identifies the current binary before reuse and rejects a removed helper (17.275541ms)
✔ binary replacement during a request never publishes or caches the stale output (8.097458ms)
✔ configuration failures preserve native error identity, diagnostic properties and cancellation reason (2.087833ms)
✔ one application lifetime aborts active and queued calls, waits for cleanup and leaves other lifetimes usable (15.663ms)
✔ native config queue bounds processes, aborts queued work, and shares one deadline (45.68475ms)
✔ native config request/output bounds and source version are enforced before use (14.472708ms)
✔ cached configurations are defensive and keyed by request and helper path (7.454709ms)
✔ native defaults and ordinary resolved numeric values satisfy structural checks (2.448709ms)
✔ native minimum diameter, layer, clearance and flow checks retain exact boundaries (1.062875ms)
✔ CLI vase restrictions include hidden support layers while GUI validation permits its correction flow (2.331792ms)
✔ line widths resolve percentages against largest nozzle and bridge widths are bounded by smallest nozzle (0.439ms)
✔ firmware retraction rejects wipe even at 100 percent and invalid enums and nonfinite values are reported (0.391959ms)
✔ native cover applies all three relationships and designer metadata atomically without changing opaque attachments or source state (106.196167ms)
✔ incomplete, foreign, stale and wrongly sized native cover results fail without a partial project edit (283.546834ms)
✔ text attachment preserves one imported native object identity through edit and native export (48.5365ms)
✔ text attachment preserves multiple linked native object identity through edit and native export (15.306875ms)
✔ svg attachment preserves one imported native object identity through edit and native export (20.353583ms)
✔ svg attachment preserves multiple linked native object identity through edit and native export (15.984208ms)
✔ legacy attachment preserves one imported native object identity through edit and native export (21.353834ms)
✔ legacy attachment preserves multiple linked native object identity through edit and native export (9.713417ms)
✔ standalone native creations stay independent of the selected native family (0.501291ms)
✔ Cut captures the detached model snapshot and erases only its selected groups without changing source state (2.092542ms)
✔ Cut parts retain the remaining normal volume; removing the last normal part rejects atomically (0.853791ms)
✔ Clipboard survives independently restored project history and subsequent paste uses fresh identities (2.254125ms)
✔ Cut rejects locked/generated projects and explicitly invalidates surviving processed cut correspondence (0.460125ms)
✔ native part invalidation is its own geometry-preserving operation and family equality includes checksum/count (0.738375ms)
✔ delete-all-connectors removes matching family connectors and empty connector objects while retaining cut identities (0.417667ms)
✔ removing a helper promotes the final volume overrides into native object settings (0.199834ms)
✔ original Units formatting: zero (0.786083ms)
✔ original Units formatting: small (0.113333ms)
✔ original Units formatting: fraction (0.259333ms)
✔ original Units formatting: native-ounces (0.146667ms)
✔ original Units formatting: minute-rounding (0.09525ms)
✔ original Units formatting: large (0.057ms)
✔ original Units formatting: percent-boundary (0.046917ms)
✔ original Units formatting: percent-below (0.0385ms)
✔ native role imperial conversion quirk remains isolated from once-converted Summary weight (0.074583ms)
✔ Units preference defaults to native metric, persists exact native string values, and rejects malformed storage (0.251542ms)
✔ storage failure is surfaced on save without changing native default read behavior (0.141709ms)
✔ source platform Preferences shortcut respects text input/modal and composition guards (0.138375ms)
✔ original formatting reference retains pinned commit and source hash (4.688334ms)
✔ native fixed decimals match printf for exact and false half ties, signed zero, subnormals and large values (0.331209ms)
✔ regenerated glyph bounding box preserves its exact prior world frame and native JSON/3MF metadata (61.47075ms)
✔ native surface request includes only same-group normal parts and preserves reflected source transforms (31.703042ms)
✔ native regeneration requires painting-loss consent and leaves source input untouched (23.411333ms)
✔ native per-glyph metadata requests the real layout with its source geometry (16.193875ms)
✔ native request validates typed font settings, matrices, geometry totals and explicit unsupported features (2.143125ms)
✔ native response requires pinned engine identity and bounded valid indices (0.417333ms)
✔ wrapper uses only opaque font ID with trusted resolver and returns parsed mesh (41.160125ms)
✔ worker errors and malformed output cannot become successful geometry (72.641709ms)
✔ active cancellation kills uncooperative child, clears queue slot and subsequent job runs (335.991625ms)
✔ queued cancellation never resolves a font or spawns a child, and queue bounds reject overload (1.76175ms)
✔ wall deadline includes pending font resolution and queued wait, without late spawn (75.537542ms)
✔ stdout and stderr overflow stop child and preserve bounded diagnostics (76.466417ms)
✔ closing cancels active and queued work and rejects future requests (1.728083ms)
✔ fresh native GUI planar fixture retains text/shape attributes, exact overlap and independent regeneration plane (94.478542ms)
✔ fresh native GUI surface fixture retains text/shape attributes, exact overlap and independent regeneration plane (33.066125ms)
✔ native metadata roundtrip retains all source font attributes and explicit alignments (38.928959ms)
✔ baked native groups, reflected painting frames, brim centering and multiple plates preserve regeneration placement (28.841416ms)
✔ single-part face placement, group rebasing, multiple-selection baking and duplicate preserve native frame (97.128167ms)
✔ topology rewrites remove stale native regeneration data and expose an explicit loss message (18.559708ms)
✔ self-contained native SVG shape archive survives without filesystem access (46.510834ms)
✔ malformed text, nonaffine/singular frames and active SVG metadata are rejected before export (17.327542ms)
✔ deleting a neighboring part preserves a transformed native text frame without rebaking it (48.823333ms)
✔ native XML legacy inline shapes and numeric alignment values follow the pinned loader (0.294542ms)
✔ retained native source stays bounded and rejects stale geometry, hidden vertices and invalid indices (43.311ms)
✔ face placement of a retained plain parent mesh keeps its precision source bound (33.937958ms)
✔ native Filament and Summary colors match original C++ for palette wrapping, travels, wipes and pause/custom layers (0.86325ms)
✔ native filament category presence, float row totals, double column totals and imported cost match original GUI source (0.518ms)
✔ compact native weight formatting matches original g/kg/t and imperial boundaries (0.1805ms)
✔ old metadata and invalid material properties remain unavailable; empty maps do not invent categories or tool identities (0.837916ms)
✔ additive native material schema bounds maps, identities, counts and provenance while accepting old helpers (2.416125ms)
✔ native compact counts truncate suffix tenths and two-line usage retains native unit formatting (0.118666ms)
✔ Fill applies original and added instance frames atomically, retains selection, geometry and painting (7.243083ms)
✔ Repeated Fill reconstructs genuine shared instances; native and JSON roundtrips retain that identity (15.323333ms)
✔ Native Clone creates an independent model object instead of extending the Fill instance family (2.198417ms)
✔ A diverged instance is explicit and cannot silently replace peer settings or surfaces (1.131292ms)
✔ All scene instances participate including hidden/off-plate members; selected instance determines native plate (0.26825ms)
✔ Fill without additions is a strict no-op and malformed output cannot enter history (0.312459ms)
✔ Selection, vendor, locked plate and generated calibration failures are actionable (0.151458ms)
✔ Shared-instance export preserves brim ears in each instance frame (5.542791ms)
✔ Imported native text regeneration metadata remains equivalent across linked instance frames (102.069708ms)
✔ Fill HTTP validates whole project and effective native settings before dispatch, then rejects invalid output (37.425334ms)
✔ Fill derives its tower from the selected plate and complete project without mutating either input (4.780375ms)
✔ disabled Fill towers need no redundant geometry; enabled towers reject missing native palette (0.557875ms)
✔ Fill shares bounded native queue, validates outputs, cancels active/queued work and cleans request files (220.359834ms)
✔ native font catalog retains bundled IDs, includes trusted TTCs and excludes escaped links (11.558125ms)
✔ worker validates native identity and output while every successful/failed request cleans its files (389.006125ms)
✔ worker enforces input, result and console byte limits (112.337083ms)
✔ worker retains its short deadline for stalled native code independently of byte-limit checks (191.217625ms)
✔ worker cancels active and queued requests, enforces queue capacity and drains on shutdown (67.707334ms)
✔ operation deadlines include queue wait rather than granting every queued job another full execution window (332.0565ms)
✔ geometry import preserves linked instances, exact meshes, painting and per-layer data while dropping object and part overrides (8.758875ms)
✔ all source plates merge onto the active plate using native global coordinates without importing plate events (22.423959ms)
✔ native role order and model-only placement keep outside modifiers from moving the solid off center (17.561875ms)
✔ geometry material and painted requirements grow current slots without adopting imported materials or replacing existing purge values (15.4735ms)
✔ painting alone allocates its assigned material while imported extruder zero becomes the native default (4.155ms)
✔ repeated imports allocate independent families and preserve existing geometry and native processed cut metadata (3.132333ms)
✔ locked plate, invalid roles, invalid slots, broken families and exhausted identities reject atomically (10.921667ms)
✔ geometry-only Open retains material colors, purge tables and native preset context by value (0.143875ms)
✔ geometry export retains actual linked model references and native painting after import (18.918333ms)
✔ geometry-only placement matches ten compiled native first-instance auto-drop and double-precision centering cases (5.109792ms)
✔ geometry placement reference has reproducible original-source and generator provenance (1.581125ms)
✔ geometry-only native text and SVG retain their regeneration frames and embedded vector source through export (144.879375ms)
✔ geometry-only import retains printable flags, brim attachment positions and processed cut identifiers across export (14.384542ms)
✔ FPS caps match original native std::stoi and clamping across malformed values and signed overflow (0.964916ms)
✔ frame-start pacing matches the original native millisecond wait calculation (0.27675ms)
✔ completed-frame samples match original RenderStats including its strict1000ms boundary and idle interval (0.42925ms)
✔ graphics preferences normalize stored caps and retain explicit persistence errors (1.78475ms)
✔ graphics reference retains the pinned source, extracted C++ and generator provenance (1.573083ms)
✔ native hotend client uses only the owned job route and verifies the returned asset hash (12.436542ms)
✔ old endpoint fallback is explicit and server/missing/changed assets do not silently substitute a model (2.262042ms)
✔ native image HTTP capability and errors are bounded explicit responses with a clean shutdown (37.797375ms)
✔ native image capabilities require the complete pinned identity and explain a missing helper (224.538958ms)
✔ cover input rejects invalid bytes, paths and extreme native intermediate surfaces before spawning (0.618375ms)
✔ active and queued image work obey cancellation, capacity and cleanup without spawning an extra child (205.834042ms)
✔ native image deadlines and excessive child logs terminate work and remove private files (1396.697542ms)
✔ worker errors and malformed result descriptions cannot publish an incomplete cover set (469.366459ms)
✔ relative configured helper paths still resolve after entering a private work directory (236.264917ms)
✔ inspection preserves canonical volume frames, roles and all linked instances, with source plate origins (3.700542ms)
✔ independent model IDs remain independent even for equal historical source IDs and processed cuts (0.609875ms)
✔ filtering removes a complete model family while retaining original parts, metadata, plate and preset context (1.203375ms)
✔ all-empty results carry no stale selected IDs and leave source/history objects untouched (17.912167ms)
✔ native results must account for every original identity once, in order, at the original zero threshold (1.866542ms)
✔ non-retained geometry retains original coordinates and a separate native volume transform (8.782041ms)
✔ empty, excessive, divergent and stale retained geometry is rejected before native admission (9.154ms)
✔ linked Cut replaces every shared instance with two new ModelObject families, one immutable transaction (16.963958ms)
✔ analytic horizontal frame geometry grounds upper and lower independently and keeps peer XY/Z rotation (4.457125ms)
✔ cut native archive retains shared object identity, source frames, processed connector metadata and independent families (224.095833ms)
✔ two-plate Cut sends global native offsets and returns plate-local geometry without moving peers to the selected plate (7.844292ms)
✔ no-auto-drop flags preserve original height while native first-instance grounding shifts eligible peers equally (2.698375ms)
✔ dowels discard the old preview grounding before native per-instance placement, including disabled auto-drop (105.374875ms)
✔ only explicit instance families share a Cut; unrelated cut-family peers are preserved and painting changes require the existing consent flow (2.447375ms)
✔ strict response validation rejects altered identity, XY, scale, auto-drop and stale topology before applying (4.389167ms)
✔ oversized native load scaling dialog is explicit instead of silently inventing a scaling decision (5.242709ms)
✔ browser min/max bed contract retains exact two-plate native frames and local results (5.669041ms)
✔ browser bed dimensions enforce native oversized dialog boundary and reject invalid dimensions (2.781834ms)
✔ shared object/part settings propagate with one immutable transaction, preserving exact raw mesh and frame (18.331959ms)
✔ part translation uses one shared component frame even with rotated and mirrored peer instances (9.776459ms)
✔ paint, filament, volume role, name and height metadata are shared but visibility and printable flags are instance-local (1.033541ms)
✔ world-Z rotation and XY translation remain local; tilt/scale synchronize peers without copying XY or Z rotation (16.2515ms)
✔ deleting a part removes that volume from all peers; deleting a whole instance leaves its peers (2.292541ms)
✔ adding a part to a linked group creates one corresponding part in every instance (4.360209ms)
✔ incompatible concurrent part edits reject atomically; stale geometry carriers are never silently accepted (1.906417ms)
✔ topology replacement without a stale carrier propagates actual geometry, keeps peer placement and export identity (3.159875ms)
✔ native no-auto-drop peer synchronizes Z; ordinary selected instance auto-drop leaves peer Z unchanged (0.278958ms)
✔ unrelated project edits and untouched instance metadata remain strict no-ops (1.304875ms)
✔ native auto_drop survives both archive and JSON roundtrips and rejects forged nonboolean values (3.476959ms)
✔ brim ears and imported text regeneration frames follow shared edits in model coordinates (128.022167ms)
✔ native matrix rules match independent unchanged C++ Selection method in all six cases and both auto-drop states (1.135708ms)
✔ nonconflicting edits to different shared volumes merge instead of overwriting one another (4.51475ms)
✔ native parts normalization does not create false peer conflicts from absent empty override arrays (5.853667ms)
✔ mirroring synchronizes linked instance handedness without detaching shared paint or indexed geometry (5.015ms)
✔ native manipulation conversion: metric-0-valid (0.685625ms)
✔ native manipulation conversion: metric-1-valid (0.068417ms)
✔ native manipulation conversion: metric-2-valid (0.107708ms)
✔ native manipulation conversion: metric-3-valid (0.098834ms)
✔ native manipulation conversion: imperial-0-valid (0.071458ms)
✔ native manipulation conversion: imperial-1-valid (0.04325ms)
✔ native manipulation conversion: imperial-2-valid (0.047375ms)
✔ native manipulation conversion: imperial-3-valid (0.046125ms)
✔ conversion reference records pinned unchanged methods and generator provenance (0.953959ms)
✔ unit conversions reject invalid numeric values and unknown manipulation fields (0.307791ms)
✔ all 19 original native geometry captures preserve travel/wipe solids, corner angles, endpoint positions and bias through the adapter and GPU buffers (5.611459ms)
✔ native Travel takes its actual tool color in Tool mode; Wipe retains native yellow (0.214083ms)
✔ source fallback does not acquire native travel tubes and its three-component extrusion HWA receives zero bias (0.306042ms)
✔ native multipart predicate respects one ModelObject per family, multiple volumes, first-instance height and epsilon (25.627208ms)
✔ native ordered multipart decision returns at the first differing height, before a later complex object (0.08025ms)
✔ Yes preserves stacked native part geometry and painting while No grounds separate objects independently (35.937625ms)
✔ merged parts use native volume-over-object material priority and discard former object state (3.949042ms)
✔ multipart conversion expands linked mirrored instances into independent volume copies in one retained model frame (15.202958ms)
✔ multipart decisions and affine/config/name conversion match original compiled native methods (3.306166ms)
✔ multipart native reference retains source and generator provenance (1.989083ms)
✖ multipart warning uses the unmodified installed native asset with pinned attribution (0.818833ms)
✔ source object and region memberships reject global options and decode native percent/vector values (7.391042ms)
✔ object edits propagate within one native group and part edits remain independent (0.563417ms)
✔ joining a group adopts its settings; changing role requires a visible normal part (0.399375ms)
✔ one native object owns shared volumes, sorted Layers then Instances, painted/height flags and assigned plate root (2.024458ms)
✔ a missing native extruder key omits the range row while retaining Layers and untouched metadata (0.32275ms)
✔ cut connector predicate hides processed connectors and exposes dedicated selection even when volumes collapse (0.756583ms)
✔ native source categories exclude restricted roles, parent-equal layer height and unsupported scope keys (0.1045ms)
✔ object selects current-plate instances; instance chooses one group; part row follows selected instance (0.559958ms)
✔ cross-plate instance selection switches plate explicitly; object selection stays on that plate (0.533625ms)
✔ printability is per instance or all shared instances and survives strict native 3MF roundtrip (15.090875ms)
✔ native action reset preserves extruder and object-only part compensation, applies linked parts atomically (0.50575ms)
✔ layer reset retains extruder and restores parent layer_height without modifying other ranges; stale rows reject (0.42475ms)
✔ unchanged pinned C++ predicate and SetIdx reference match exhaustive connector/type combinations and renumber labels (1.875667ms)
✔ role icons, inherited filament values and reset action availability follow native volume roles (0.236791ms)
✔ Hide/Show preserves native printability and other instances, and does not mutate the source (1.320708ms)
✔ native 3MF preserves all four painted channels and exact mirrored two-edge subfacets (40.328292ms)
✔ raw 3MF safety gate rejects dangerous malformed native facet trees before the CLI sees them (30.365833ms)
✔ mirrored subfacet regions coexist with centered native brim frames and project persistence (8.734041ms)
✔ geometry edits preserve valid facet correspondence or clear painting when topology changes (8.0725ms)
✔ project service rejects missing painted filament slots and helper-volume paint (58.826958ms)
✔ original native all-plate extruder collection: default-one (1.183834ms)
✔ original native all-plate extruder collection: volume-role-and-paint (0.31575ms)
✔ original native all-plate extruder collection: nested-painted-subdivision (0.081416ms)
✔ original native all-plate extruder collection: global-support-and-raft (0.057083ms)
✔ original native all-plate extruder collection: object-raft-zero-stops-inherited-support (0.136916ms)
✔ original native all-plate extruder collection: object-support-overrides (0.056583ms)
✔ original native all-plate extruder collection: wall-surface-fallbacks (0.050708ms)
✔ original native all-plate extruder collection: object-wall-surface-fallbacks (0.042959ms)
✔ original native all-plate extruder collection: height-ranges-and-tool-events (0.053417ms)
✔ original native all-plate extruder collection: only-instance-zero-is-contained (0.072125ms)
✔ original native all-plate extruder collection: tool-event-outside-instance-zero-still-counts (0.043542ms)
✔ original native all-plate extruder collection: empty-model-does-not-count-events (0.033958ms)
✔ project adapter matches native exported part roles, object-level ranges and explicit filament slots (0.321583ms)
✔ shared families retain original first-instance containment across active-plate requests (0.108916ms)
✔ unresolved or malformed global settings cannot silently produce guessed collection (0.714333ms)
✔ pointer press and first400ms repeat match8 original C++ sequences, including clamped boundary events (0.451334ms)
✔ release, replacement press and disposal cancel stale repeat callbacks (0.337958ms)
✔ spin reference retains the pinned native source and compiled extraction provenance (0.582334ms)
✔ native preference declaration export has unique IDs, explicit unimplemented plans, source guards and honest existing test references (2.1065ms)
✔ editor context copies and normalizes only bounded native palette/property/event data (0.656125ms)
✔ editor context rejects invalid or mismatched native properties and event assignments (0.20775ms)
✔ job snapshot retains resolved defaults and strips event commands without guessing missing values (0.395541ms)
✔ native smart default changes only between single and multi extruder categories (3.068166ms)
✔ native viewer preferences retain visibility and copy mutable arrays across reloads (0.113833ms)
✔ unsupported remembered native capability falls back to feature without fabricating data (0.073916ms)
✔ optional editor statistics and custom overview validate capabilities, bounds and provenance (0.807833ms)
✔ bounded preview snapshot failure remains explicit without blocking the slicing pipeline (0.10825ms)
✔ native schema rejects non-finite geometry, invalid adjacency, names, colors and unbounded output collections (1.268541ms)
✔ native render IDs, raw commands and per-endpoint geometry remain distinct from old parsed indices (1.333ms)
✔ native adapter refuses missing, incomplete or out-of-range command mapping and unavailable modes (0.350334ms)
✔ native fetch requires matching full source bytes and provides explicit fallback on unavailable/error/mismatched output (12.016375ms)
✔ all-plate association ignores only selection state and binds every nonempty plate (2.304417ms)
✔ geometry, project settings, native preset edits and default tower positions invalidate old cohorts (1.768792ms)
✔ embedded selected tower vectors share a cohort only when the complete source project matches (0.329583ms)
✔ association normalizer rejects forged/malformed descriptors and returns defensive copies (0.276875ms)
✔ ordinary multi-plate projects use the complete native project request instead of losing other plates in STL upload (5.578291ms)
✔ native range, retained hidden ticks and enabled geometry match 94 compiled original cases (3.818ms)
✔ stationary events keep their original vertex and source line without inventing a segment (0.39525ms)
✔ top-only playback keeps lower geometry gray until the full native endpoint is reached (0.078ms)
✔ native ID selection is independent of spatial indices and control input is bounded (0.180625ms)
✔ native shortcut composition counts hidden event ticks and crosses layer ranges with original vertex identities (0.261834ms)
✔ scalar reference retains original source provenance and four distinct visibility combinations (2.506458ms)
✔ all seven scalar colors match original C++ for every native motion/event and Travel/Wipe combination (2.305208ms)
✔ scalar ranges honor Travel/Wipe controls but retain normal-role and Custom native range semantics (0.378041ms)
✔ PA before its first command is gray and absent from the native range; native raw cursor values remain exact (0.222459ms)
✔ additive capability preserves old helper compatibility and rejects malformed scalar collections (2.27275ms)
✔ tower worker validates result and bounds output (264.698625ms)
✔ tower worker cancellation, queue limits and deadlines clean temporary geometry (312.27575ms)
✔ tower request preserves geometry, invisible objects and per-plate native placement without mutation (2.684083ms)
✔ linked instance zero order is preserved even when objects are interleaved across plates (1.488541ms)
✔ native assignments include height ranges, support and valid nested paint, never topology-unsafe facet strings (0.740166ms)
✔ malformed plate geometry, missing extruder heights and wrong printer technology fail explicitly (0.456834ms)
✔ all source reference requests stay reproducible and response identities/counts are checked (2.327417ms)
✔ renderer matches all original native cube bands exactly, including float division and vertex order (1.388834ms)
✔ variant scopes are distinguished from ordinary profile vectors and native differences exclude metadata and hidden settings (0.619208ms)
✔ malformed editor context is rejected before catalog or native process access (0.527167ms)
✔ embedded native settings drive bed dimensions and process values independently of catalog matches (1.481417ms)
✔ embedded slicing merges current process edits into a snapshot without mixing catalog overrides (0.745ms)
✔ catalog native export carries ordered filament slots and validated process edits (0.145708ms)
✔ native request preserves source snapshots and forwards process decisions without accepting arbitrary hidden edits (0.708083ms)
✔ native 3MF preference decisions distinguish explicit Open from adding to a nonempty model (0.711708ms)
✔ project-load preferences persist exact native keys and reject corrupt storage without silently accepting writes (0.195167ms)
✔ opening geometry preserves effective presets but clears model, plates, attachments and calibration state (0.116958ms)
✔ native project-load reference retains source and reproducible generator provenance (0.654083ms)
✔ reads actual OrcaSlicer 2.4.2 project settings, production components, names and exact surfaces (12.990792ms)
✔ native archive roundtrip preserves plate-local geometry, part roles, per-object overrides and filament slots (24.914917ms)
✔ native plate grid and filament merging preserve independent arrays and reject ambiguous profile vectors (0.712833ms)
✔ native parser rejects unsafe XML, component cycles, missing meshes, duplicate IDs and excessive instancing (19.676625ms)
✔ nonprinting build instances remain visible project geometry with their native printable flag (6.528625ms)
✔ connection credentials are omitted and invalid assignments fail before export (4.176542ms)
✔ native layer events preserve pauses, color/tool changes and multiline custom text per plate (16.324709ms)
✔ server archive safety rejects embedded post-process commands in every native settings carrier (40.17725ms)
✔ native service matches installed preset names without silently substituting missing names (50.264ms)
✔ native service validates embedded settings and catalog overrides as separate explicit modes (75.411833ms)
✔ single-plate preparation preserves local placement, slot order and plate-specific events/tower values (43.761875ms)
✔ object/part setting membership follows native static config classes and rejects global-only controls (6.111042ms)
✔ native service rejects host hooks, unknown settings, mismatched slots, invalid events and build-volume errors (15.501667ms)
✔ native filament colors are complete when imported metadata omits them, and unsafe nozzle mappings are rejected (12.740583ms)
✔ fresh GUI project color metadata survives strict preparation while invalid vectors are rejected (27.359958ms)
✔ one active Prusa import and at most four pending are shared fairly (2.879ms)
✔ queued cancellation removes its entry immediately without starting its task (0.203ms)
✔ queue time consumes the same deadline; expired entries never execute (63.578167ms)
✔ actual import helper shares the global queue across callers and reduces child timeout after waiting (65.989542ms)
✔ Prusa inspector identifies exact importer route and reports only native-whitelisted model metadata (17.935292ms)
✔ Prusa inspector rejects malformed facets, XML entities, unsupported provenance paths and host scripts before executing native code (9.055542ms)
✔ Prusa bridge requires pinned executable identity and cleans its private directory on failure (4.111625ms)
✔ Prusa bridge shares one deadline and abort signal, and rejects oversized or malformed output (48.167833ms)
✔ strict project preparation and native serialization retain physical-nozzle tables, multipliers and assignments (38.349ms)
✔ strict project preparation rejects a single table for multiple physical nozzles instead of discarding a table (8.42325ms)
✔ embedded and catalog slot resize preserve two nozzle tables and enforce native minimum physical-nozzle slots (3.140709ms)
✔ C++ literals preserve units, escaped text, adjacent strings, constants, and unknown expressions without execution (1.310791ms)
✔ extracts only authoritative membership, native enum aliases, page groups, and dependency references (1.946083ms)
✔ fails on missing member definitions and reports unresolved metadata instead of guessing (0.558833ms)
✔ known hidden process changes are accepted only through an applicable source-derived correction (6.711ms)
✔ declining a native group applies only the native alternative and retains existing hidden values (2.001458ms)
✔ arbitrary values, duplicate decisions, unknown scope, and cross-scope proposals are rejected atomically (2.282125ms)
✔ stale current values and forged proposal signatures cannot change hidden settings (2.431084ms)
✔ automatic proposals apply only when requested and preserve native scalar/array shapes (2.565708ms)
✔ plans are defensive and exact current native values normalize equivalent display shapes (1.897833ms)
✔ native tower disable follows smooth warning then clumping warning only when keeping the disabled tower (8.704541ms)
✔ precise Z, wrapping and geometry edit dialogs preserve no-op acceptance and revert choices (11.100208ms)
✔ only native i3 by-object and Simple support-type edit conditions produce their dialogs (2.232917ms)
✔ infill rotation warning requires the first nonempty edit and an unsafe native pattern (3.760375ms)
✔ layer edit uses all printer limits and permits the native ignore choice before passive correction checks (2.82775ms)
✔ long-retraction native warning is an acknowledgment-only event and does not alter configuration (2.425208ms)
✔ process Copy captures object then part overrides without global defaults or later source mutation (7.780459ms)
✔ process clipboard scopes and single-source bounds match context-menu availability (0.549583ms)
✔ native process Paste updates every destination part atomically and preserves filament, other groups and source snapshot (0.709583ms)
✔ source-defined compensating object options survive native part storage while part editor validation stays region-only (0.22175ms)
✔ selected layer copying accumulates and overwrites equal bounds; root copy replaces; draft index survives sorting (0.617959ms)
✔ layer Paste preserves destination equal-bound values and adds overlapping ranges to every grouped part (0.586791ms)
✔ unions declared keys and value types without mixing machine/process keys or exporting values (13.11175ms)
✔ excludes metadata and user presets, warns on malformed JSON, and keeps scanning (3.783709ms)
✔ CSV quotes keys correctly and exports a stable order without adding unseen GUI options (2.057917ms)
✔ schema membership and native UI ordering are complete for the pinned 2.4.2 process source (1.023ms)
✔ legacy process overrides retain their native representations and invalid-value rejection (0.525792ms)
✔ float-or-percent settings retain unit semantics and use authoritative native ranges (0.328083ms)
✔ complete native enum values and readable labels come from source definitions (0.085791ms)
✔ native vector options remain vectors, strings are bounded, and profile plumbing is rejected (0.3375ms)
✔ post-processing host scripts are disabled by default and only an explicit caller opt-in permits values (0.074458ms)
✔ native defaults fill only when requested, preserving legacy sparse display behavior (1.4265ms)
✔ native project/import/slice and delete-all mappings are distinct from browser defaults and old duplicate alias (0.444125ms)
✔ native tools, camera views and arrow increments respect Prepare context and modifier combinations (0.653583ms)
✔ modal, composing, handled and text-editing keys cannot mutate the underlying scene (0.072833ms)
✔ delete all preserves project attachments, plate definitions and presets while clearing geometry/custom events/calibration as one immutable state (0.161292ms)
✔ Cut clipboard keys leave text fields, modal editors and non-Prepare pages unchanged (0.065959ms)
✔ startup preference persists native Home/Prepare values without leaking unrelated input fields (1.18675ms)
✔ corrupt, future, invalid and denied startup storage recovers to the native Home default (0.1345ms)
✔ invalid startup writes do not overwrite storage and real storage failures propagate to the UI (0.579875ms)
✔ SVG request has bounded self-contained source, strict fields and no font or host path (6.720667ms)
✔ SVG worker bypasses font resolution and shares bounded queue cancellation and stdout validation (46.124ms)
✔ standalone native SVG retains exact embedded source and frame through web/native roundtrip (12.59875ms)
✔ native SVG source grouping, world-scale tessellation and paint-loss consent preserve placement (1.47325ms)
✔ SVG unchanged close is exact source/settings comparison and invalid attachments reject (0.27975ms)
✔ native surface frame follows independently expected upright bases including bottom and angled faces (1.267083ms)
✔ standalone native creation rests on bed and roundtrips native text editing data without a placeholder (11.66925ms)
✔ native engraved or modifier text adopts its object group without mutating the source and supplies only normal sources (1.256ms)
✔ native creation rejects detached per-glyph/surface modes and invalid attachment before submitting a worker job (0.197208ms)
✔ unchanged native settings preserve semantic zero defaults and do not hide an actual edit or font substitution (0.228958ms)
✔ native tool reference retains source identity, enabled speed profile and excluded CoG release switches (2.464ms)
✔ native tool marker appears only after scrubbing begins, remains on return to full range, and hides without paths (0.101875ms)
✔ tool properties preserve seam geometry but use previous native vertex outside Feature view and never invent PA (1.038042ms)
✔ native format, float accumulation and profile boundaries retain exact source behavior (0.534041ms)
✔ native default hotend mesh normals and marker matrices match compiled original source (4.30275ms)
✔ native hotend asset rejects truncation, forged counts and nonfinite coordinates (0.937958ms)
✔ native toolbar raster inputs and generator retain the pinned provenance (4.611666ms)
✔ all light 36px icon strips exactly preserve the original native state atlas (5.790125ms)
✔ all light 72px icon strips exactly preserve the original native state atlas (6.232ms)
✔ all dark 36px icon strips exactly preserve the original native state atlas (3.504042ms)
✔ all dark 72px icon strips exactly preserve the original native state atlas (6.017542ms)
✔ Move light has distinct native normal, selected and disabled states with preserved alpha (0.629584ms)
✔ Move dark has distinct native normal, selected and disabled states with preserved alpha (0.32475ms)
✔ tower request keeps distinct native models: family token equals a standalone group key (2.860625ms)
✔ tower request keeps distinct native models: standalone group precedes a colliding family token (0.431542ms)
✔ tower request keeps distinct native models: long plate and object IDs compose beyond the worker bound (0.434917ms)
✔ tower request keeps distinct native models: escaped group IDs exceed the bound only after JSON encoding (0.382917ms)
✔ tower request keeps distinct native models: multibyte group IDs exceed the worker byte bound (0.387416ms)
✔ tower request keeps distinct native models: multibyte family token exceeds the worker byte bound (0.295041ms)
✔ tower request keeps distinct native models: user family token collides with an allocated worker ID (0.606333ms)
✔ tower request keeps distinct native models: allocated worker ID skips an existing user family token (0.331542ms)
✔ user-preset projection validates native scopes, metadata and dangerous settings before the helper (1.0405ms)
✔ ordinary native values are canonicalized while explicit dependency empties and nil strings stay meaningful (0.461667ms)
✔ full native vectors retain distinct material/nozzle/stride-two alternatives (1.066875ms)
✔ expanded vectors require complete bounded unambiguous source identities (0.29075ms)
✔ expanded arrays cannot silently fall back to a different variant or truncate machine mode pairs (0.21425ms)
✔ ordinary native one-value/default vectors remain accepted without invented identities (0.082334ms)
✔ slot growth/removal and native import expansion preserve whole variant groups and reindex ownership (0.892083ms)
✔ PA generator ordered geometry/extrusion/feed calls match independent pinned C++ source fixture: three-labelled (7.198292ms)
✔ PA generator ordered geometry/extrusion/feed calls match independent pinned C++ source fixture: full-labelled (7.239709ms)
✔ PA generator ordered geometry/extrusion/feed calls match independent pinned C++ source fixture: eight-absolute (1.603ms)
✔ native line speed truncation, bed-height clipping and optional labels stay source-defined (4.602667ms)
✔ source template context handles modern expressions and legacy placeholders without changing source values (0.336375ms)
✔ PA line inputs reject malformed booleans, unmappable labels, small beds, firmware retraction and context-dependent filament code (1.190916ms)
✔ postprocessing replaces only the verified carrier body, emits real PA/feed/extrusion and removes stale estimates (1.919875ms)
✔ absolute extrusion output resets before generated paths and before native end code (0.624792ms)
✔ measured PA line result is bounded to actually printed lines and writes fixed PA native fields (0.784958ms)
✔ PA line generated motion limits and pressure commands follow native firmware syntax (3.776083ms)
✔ Bambu PA carrier boundaries preserve templates and generated native tag style with identical motions (2.216667ms)
✔ PA pattern geometry/extrusion/feeds match original compiled C++ source calls: three-relative (7.761208ms)
✔ PA pattern geometry/extrusion/feeds match original compiled C++ source calls: full-absolute (5.26525ms)
✔ batch cross-product ordering, native settings and nonoverlapping complete footprints are preserved (5.985917ms)
✔ bounded batch inputs and unsupported hardware/settings fail before producing calibrated geometry (2.175375ms)
✔ empty speed/acceleration lists use source optimal flow speed and acceleration fallback (0.608917ms)
✔ native output verification tolerates feed deduplication/progress but rejects changed or missing physical commands (10.846417ms)
✔ manual PA pattern results preserve fixed-PA settings and the source-tested range (0.902292ms)
✔ native Bambu Z tags verify the same exact source-generated four-layer PA pattern (8.862292ms)
✔ PA batch adds plates without splitting source speed/acceleration combinations or overlapping full footprints (15.481292ms)
✔ complete and selected archives retain four commands per plate and local handle positions (127.007708ms)
✔ imported complete multi-plate pattern permits plate selection but rejects edits anywhere in the bound scene (787.275041ms)
✔ display clipping caps preserve nested holes, disconnected shells and exact plane orientation (5.456542ms)
✔ world transforms and on-plane edges retain accurate sections, while invalid open contours fail (1.07875ms)
✔ view-aligned clipping fixes camera-facing normal and moves through the selected world bounding sphere (0.286125ms)
✔ circle cursor is the actual world-radius plane and sphere stays isotropic on a scaled model (3.186625ms)
✔ height cursor uses real transformed mesh contours at the pointer range and clamps the upper limit (2.355333ms)
✔ smart-fill hover retains current leaf states while selecting exactly the committed original-facet footprint (4.213209ms)
✔ bucket and pointer hover preserve existing state boundaries and agree with committed changes (3.224417ms)
✔ unequal subdivided shared edges have no false contour and partial sharing retains only uncovered intervals (2.002125ms)
✔ clipping, overhang restriction and angle changes use the same selector constraints without metadata writes (1.61525ms)
✔ hover targets only the actual visible normal part in the selected native object (0.415708ms)
✔ hover brightens each existing state RGB by the source 1.25 clamp and ignores the requested new paint state (0.319583ms)
✔ fill renderer replaces and disposes prior hover geometry without retaining old object highlights (1.071375ms)
✔ native right-button and Shift erase states retain navigation for color paint (0.627875ms)
✔ modifier wheel steps native float controls, bounds and clipping priority without inventing zoom actions (0.481875ms)
✔ native vertical and horizontal constraints operate in pointer screen space and start afresh after a miss (0.634167ms)
✔ native object height paint visits every visible normal part while leaving unrelated groups, plates and helpers intact (53.377417ms)
✔ ordinary brush targets the actual normal-part hit and never joins strokes across different meshes (0.796333ms)
✔ height cursor draws both native object parts at a common world range and preserves scene data (3.643916ms)
✔ checked-in inventory validates and every feature has an actionable acceptance and test plan (31.790625ms)
✔ rejects duplicate IDs, unknown statuses and missing acceptance or planned tests (0.992208ms)
✔ verified rejects code-only and mock/unit-only evidence, even with an existing file (0.613542ms)
✔ verified requires passed acceptance evidence and an existing matching native/manual reference (0.57025ms)
✔ rejects references outside the repository and code inspection labeled as a passing test (0.5565ms)
✔ a later native acceptance failure prevents verification based on a historical pass (0.938792ms)
✔ reports recorded and passing evidence separately without turning test plans into executed tests (1.419625ms)
✔ exports deterministic CSV and Markdown with escaped cells and does not mutate inventory (4.157ms)
✔ CLI --check is read-only and fails invalid inventory without generating reports (193.665084ms)
✔ plate scope excludes hidden, nonprintable and other-plate objects; unused slots do not disable compensation (7.599ms)
✔ mixed XY alone or mixed Z disables every axis; equality uses native exact values and get_at first-element fallback (5.365542ms)
✔ subdivided color leaves, modifier base slots and declared height slots participate; negative and support-volume slots do not (10.530833ms)
✔ native feature precedence respects walls/infill gates, modifier intersections and height-range intersections (5.829209ms)
✔ print-wide brim forces wall region use, raft suppresses brim, and support/raft/enforce include both support slots (2.09375ms)
✔ tower uses native pre-dedup gate and selected-plate spiral flag; layer tool events never add shrinkage slots (0.83475ms)
✔ unresolved materials, invalid percentages and malformed painting fail explicitly (2.097625ms)
✔ catalog resolver deduplicates requests, restores slot order and ignores displayed first-slot vectors (2.105042ms)
✔ catalog resolution reports failed/missing settings and propagates cancellation (0.44825ms)
✔ native modifier extents retain Z separation and use ancestor unions for chained candidate regions (1.987375ms)
✔ sparse catalog settings resolve structured native percent defaults before region validation (0.752ms)
✔ camera-space arrows project inverse-view movement to XY without renormalizing the vertical component (0.850542ms)
✔ camera arrows and material digits are context guarded; Shift+A is not the old incorrect deselect alias (0.187ms)
✔ native 500 ms filament sequence distinguishes a delayed 1,10–16,7–9,and default0 with cancellable timers (0.576083ms)
✔ object material assignment updates every selected group and normal part while preserving modifier overrides and geometry (0.685833ms)
✔ part default inherits the parent; modifier0 stays inherited and negative/support parts cannot receive materials (0.423292ms)
✔ out-of-range and empty-selection assignments leave the project untouched; object0 resets to first filament (0.102708ms)
✔ native printable toggle makes mixed selected groups uniform and leaves part selections unchanged (0.186708ms)
✔ native dependency metadata retains both explicit list and dormant expression (1.0885ms)
✔ inheritance distinguishes an omitted dependency from a deliberately empty list (0.887167ms)
✔ dependency metadata is bounded and cannot carry settings, execution policy or wrong-scope fields (0.440291ms)
✔ native Set semantics normalize all or zero checked entries to All without changing conditions (0.287958ms)
✔ selection context uses the native machine-model vendor and capability resource, not preset names or folders (17.967125ms)
✔ missing native capability property or file matches native false; malformed resources remain explicitly unresolved (12.916958ms)
✔ capability model IDs cannot traverse paths and absent resource roots remain unresolved (10.62425ms)
✔ custom frozen machine selections retain native model context and wrapper metadata stays defensive (12.036667ms)
✔ editor inspection requires a paired helper with an explicit inspection response (9.94275ms)
✔ resolves inheritance within the vendor and preserves native arrays without mutating sources (0.735625ms)
✔ resolves multiple parents left to right and supports unambiguous cross-vendor inheritance (0.1025ms)
✔ rejects missing parents, ambiguous parents, cycles, and unknown IDs (0.249416ms)
✔ catalog defaults and compatibility follow actual native presets (12.832084ms)
✔ compatibility is conservative about unevaluated expressions (0.180958ms)
✔ process overrides use native types and reject unsupported or invalid settings (1.166458ms)
✔ editing another setting preserves the selected preset layer defaults and unsupported native values (4.372167ms)
✔ native vectors replace their value without becoming nested extruder arrays (0.319541ms)
✔ real orbit and pan damping settle in wall-clock time at 4–144 FPS without changing the final view (7.157584ms)
ℹ {"gesture":"orbit","fps":4,"frames":16,"elapsedMs":4000}
ℹ {"gesture":"orbit","fps":10,"frames":35,"elapsedMs":3500}
ℹ {"gesture":"orbit","fps":30,"frames":89,"elapsedMs":2966.666666666669}
ℹ {"gesture":"orbit","fps":60,"frames":163,"elapsedMs":2716.6666666666642}
ℹ {"gesture":"orbit","fps":144,"frames":348,"elapsedMs":2416.666666666648}
ℹ {"gesture":"pan","fps":4,"frames":13,"elapsedMs":3250}
ℹ {"gesture":"pan","fps":10,"frames":28,"elapsedMs":2800}
ℹ {"gesture":"pan","fps":30,"frames":69,"elapsedMs":2299.999999999999}
ℹ {"gesture":"pan","fps":60,"frames":123,"elapsedMs":2050.0000000000036}
ℹ {"gesture":"pan","fps":144,"frames":252,"elapsedMs":1749.999999999991}
✔ default frame-based controls demonstrate the slow-render regression (0.284042ms)
✔ a new gesture resets a long idle gap; Fit drains momentum without disabling future damping (0.139958ms)
✔ option geometry exactly retains original C++ float vertices, normal vectors and outward triangle winding (1.200958ms)
✔ native marker instances use worker HWA/bias and platform scale, retain event IDs and dispose GPU resources (0.858833ms)
✔ preview renders invalidated frames once and remains idle until a new change (1.341875ms)
✔ preview drains OrbitControls damping including change events without an endless animation loop (0.162375ms)
✔ disposed previews cancel pending frames and cannot draw into a detached canvas (0.178208ms)
✔ a capped viewport coalesces continuous invalidation and leaves no timer while idle (0.718917ms)
✔ changing the cap releases a waiting frame and disposal cancels all scheduled work (0.10425ms)
✔ render duration consumes the native frame budget and a trailing damped frame still draws (0.087125ms)
✔ 44 layer/move/single-layer transitions match independently compiled pinned native methods (0.804375ms)
✔ preview key predicates protect editing, modal dialogs, composition, already-handled keys and browser Alt navigation (0.198542ms)
✔ one-layer backup, thumb crossing and native wheel platform predicates retain exact clamp behavior (0.126875ms)
✔ command stops group real arc/acceleration subdivisions and never mix display indices with native vertices (0.303334ms)
✔ native segment topology is eight logical vertices/eight triangles and connected corners preserve float turn angles (1.033417ms)
✔ native role and mm3/mm changes insert phantom endpoints instead of joining unrelated scalar paths (0.507041ms)
✔ endpoint dimensions can vary within a source path while each top stays at its commanded Z (0.10475ms)
✔ missing data, arcs and omitted stationary extrusion events cannot silently join solid paths (0.345708ms)
✔ current preview bounds contain every rendered native band and independent rotated shell corner (8.337084ms)
✔ missing or hidden tower has no camera extent (0.076167ms)
✔ original native tower drag arithmetic: two-material rectangle (1.072542ms)
✔ original native tower drag arithmetic: single smooth timelapse (0.144209ms)
✔ original native tower drag arithmetic: single wrapping detection (0.090792ms)
✔ original native tower drag arithmetic: sequential one nonprintable (0.087666ms)
✔ original native tower drag arithmetic: sinking exclusion original limitation (0.095792ms)
✔ original native tower drag arithmetic: nonrectangular native nonsinking bounds (0.084542ms)
✔ original native tower drag arithmetic: linked remote instance extends native height (0.078209ms)
✔ original native tower drag arithmetic: ranges and support assignments (0.223958ms)
✔ original native tower drag arithmetic: painted second filament (0.140292ms)
✔ original native tower drag arithmetic: tool change third filament (0.299334ms)
✔ original native tower drag arithmetic: rib wall tall tower (0.265375ms)
✔ original native tower drag arithmetic: dual nozzle change volume (0.415958ms)
✔ original native tower drag arithmetic: float narrowed rotated offset (0.215ms)
✔ original native tower drag arithmetic: second plate native origins (0.251208ms)
✔ original native tower drag arithmetic: native default single exclusion sentinel (0.195125ms)
✔ original native tower drag arithmetic: brim 0 (0.216417ms)
✔ original native tower drag arithmetic: brim 0.1 (0.107125ms)
✔ original native tower drag arithmetic: brim 0.333333333333 (0.063625ms)
✔ original native tower drag arithmetic: brim 20 (0.264208ms)
✔ original native tower drag arithmetic: brim 1000 (0.275833ms)
✔ original native tower drag arithmetic: shared extruder printable area (0.253458ms)
✔ original native tower drag arithmetic: oversize or exact edge width 193 (0.19075ms)
✔ original native tower drag arithmetic: oversize or exact edge width 194 (0.121333ms)
✔ original native tower drag arithmetic: oversize or exact edge width 250 (0.138667ms)
✔ original native tower drag arithmetic: remote fractional origin [240, -240, 0] (0.084167ms)
✔ original native tower drag arithmetic: remote fractional origin [96000.333, -48000.777, 0] (0.062125ms)
✔ drag needs native context and rejects invalid displacement (0.442167ms)
✔ the server opts into native drag context from effective settings and validates supplied context (3.894791ms)
✔ tower gizmo reference is bound to original source and native movement restrictions (5.927583ms)
✔ native move projection: axis-0-delta--15.75-snap-False (0.384208ms)
✔ native move projection: axis-0-delta--15.75-snap-True (0.063333ms)
✔ native move projection: axis-0-delta--0.5-snap-False (0.045375ms)
✔ native move projection: axis-0-delta--0.5-snap-True (0.042875ms)
✔ native move projection: axis-0-delta-0.5-snap-False (0.028083ms)
✔ native move projection: axis-0-delta-0.5-snap-True (0.027375ms)
✔ native move projection: axis-0-delta-15.75-snap-False (0.026292ms)
✔ native move projection: axis-0-delta-15.75-snap-True (0.127542ms)
✔ native move projection: perspective-axis-0-delta--40 (0.134708ms)
✔ native move projection: perspective-axis-0-delta--0.75 (0.046417ms)
✔ native move projection: perspective-axis-0-delta-30 (0.088709ms)
✔ native move projection: axis-1-delta--15.75-snap-False (0.03725ms)
✔ native move projection: axis-1-delta--15.75-snap-True (0.062292ms)
✔ native move projection: axis-1-delta--0.5-snap-False (0.025958ms)
✔ native move projection: axis-1-delta--0.5-snap-True (0.021042ms)
✔ native move projection: axis-1-delta-0.5-snap-False (0.072916ms)
✔ native move projection: axis-1-delta-0.5-snap-True (0.027291ms)
✔ native move projection: axis-1-delta-15.75-snap-False (0.021292ms)
✔ native move projection: axis-1-delta-15.75-snap-True (0.019084ms)
✔ native move projection: perspective-axis-1-delta--40 (0.019583ms)
✔ native move projection: perspective-axis-1-delta--0.75 (0.02075ms)
✔ native move projection: perspective-axis-1-delta-30 (0.0155ms)
✔ native move projection: zero axis (0.015417ms)
✔ native move projection: parallel axis ray (0.017167ms)
✔ native move projection: remote fractional origin (0.017792ms)
✔ native move projection: configured snap step (0.031959ms)
✔ invalid or degenerate camera rays are rejected (0.169292ms)
✔ tower lost capture discards preview displacement, restores controls, and closes the gesture (5.473625ms)
✔ tower window blur discards preview displacement, restores controls, and closes the gesture (2.291208ms)
✔ tower hidden page discards preview displacement, restores controls, and closes the gesture (1.645625ms)
✔ tower preview replacement discards preview displacement, restores controls, and closes the gesture (0.806167ms)
✔ tower tool switch discards preview displacement, restores controls, and closes the gesture (0.603166ms)
✔ tower released button discards preview displacement, restores controls, and closes the gesture (0.96375ms)
✔ foreign pointer events cannot move, replace or commit an active tower gesture (1.086708ms)
✔ normal release commits once despite synchronous lost capture and retains prior control availability (1.0365ms)
✔ disposal cancels movement and removes interruption listeners without selecting into an unmounted owner (1.251708ms)
✔ prime tower placement expands native vectors by plate and preserves other plate coordinates and process overrides (1.179209ms)
✔ embedded tower edits retain project metadata and native fallback coordinates while invalid input cannot mutate a project (0.259834ms)
✔ automatic native adjustments resolve dependent options without accepting confirmation choices (7.174083ms)
✔ native capabilities and filament count affect process constraints independently of UI search (1.270458ms)
✔ accepted vase choices materialize visible edits and retain exact hidden native decisions for submission (8.119167ms)
✔ declining vase preserves the hidden source, while stale or injected decisions are rejected (7.473708ms)
✔ legacy scalar arrays and flattened project scalars share signatures and do not cause repeated corrections (8.277083ms)
✔ pinned source covers every machine and filament membership and exposes native groups (0.657792ms)
✔ all editor native defaults round-trip with native scalar/vector shapes (1.209625ms)
✔ point and polygon normalization follows Config.hpp native JSON serialization (0.19675ms)
✔ validators reject wrong scopes, overflow, malformed vectors, unknown enums, and unsafe imports (0.463959ms)
✔ ordinary machine and filament G-code strings survive exactly; native vectors replace instead of nesting (0.098083ms)
✔ native project closed enums include serialized bed, mapping, and nozzle choices (0.145084ms)
✔ selection is transient while geometry, settings, plates and metadata affect saved state (1.367375ms)
✔ initial native preset resolution does not dirty an empty unnamed document (0.069ms)
✔ project roundtrip preserves geometry, transforms, visibility, plates, selection, presets and metadata (1.425ms)
✔ projects reject duplicate IDs, missing plates, nonfinite coordinates and nonpositive scales (1.100166ms)
✔ project restore repairs stale selection and handles an empty project (0.172583ms)
✔ 3MF ZIP escapes XML and contains transformed vertices plus a complete restorable web project (3.822958ms)
✔ 3MF default export honors active plate and visibility; allPlates expands only visible objects (1.542084ms)
✔ current full embedded vectors remain untouched when native import needs no added slot (0.693666ms)
✔ native material expansion repeats last material, preserves old purge cells, and derives new cells from first load/unload pair (0.41725ms)
✔ malformed material contexts fail explicitly (0.296709ms)
✔ missing current display color uses the pinned native project default before adding the native cycle color (0.084958ms)
✔ imported multi-nozzle material expansion retains every nozzle matrix and multiplier (0.084917ms)
✔ native Prusa conversion retains parts, exact frames, material assignment and facet indices (2.413584ms)
✔ mirrored native Prusa instances preserve outward winding and precise source geometry (0.28275ms)
✔ Prusa model conversion rejects unsupported process activation, malformed frames and missing material slots (0.534208ms)
✔ catalog context maps material ID lists into the stable project preset identity shape (0.197458ms)
✔ Prusa ignored metadata roundtrips as inert bytes and reports native filtering (1.508834ms)
✔ Prusa provenance rejects unknown fields, unsafe paths, collisions and noncanonical base64 (0.452542ms)
✔ Prusa provenance archive rejects missing, extra, duplicate and oversized manifests (0.494458ms)
✔ Prusa provenance enforces exact cumulative16MiB and entry-count limits (2958.841833ms)
✔ native nozzle-major tables and multipliers preserve distinct source values (0.695208ms)
✔ adding material retains each physical table and fills only new transitions from first load/unload pair (0.187584ms)
✔ removing a material preserves nozzle boundaries and all unrelated values (0.102167ms)
✔ adding a physical nozzle initializes its full table independently and defaults only its multiplier to1 (0.057166ms)
✔ known native unused four-material defaults normalize, while arbitrary malformed layouts fail (0.197667ms)
✔ native displayed-volume and raw-volume rounding preserves multiplier semantics includingzero (0.068958ms)
✔ typed project settings permit the bounded native64-material dual-nozzle matrix beyond the generic vector limit (3.997375ms)
✔ raw native warmup preserves original mesh resources, part metadata and embedded assets (140.959ms)
✔ native merged material vectors control initialization, including embedded slots after slot one (22.233375ms)
✔ multiple build instances of one source resource receive distinct appended instance IDs (12.401292ms)
✔ raw warmup rejects unsafe scripts and missing native plate membership before slicing (12.082917ms)
✔ raw context follows native single-volume extruder normalization without mutating the source (1.547542ms)
✔ raw settings resolution preserves native arguments, cancellation and bounded output validation (23.02425ms)
✔ non-native3MF normalization uses a relative archive export, preserves source input and shares the deadline (179.967958ms)
✔ Prusa configuration carriers cannot silently enter the BBS-only CLI normalization path (4.563417ms)
✔ recent preferences retain native defaults and effective bounds, rejecting unsafe draft numbers (1.057291ms)
✔ model recent history is opt-in and supported extensions are explicit (0.287416ms)
✔ damaged recent metadata is isolated without suppressing valid ordered records (0.464ms)
✔ recent thumbnails accept only bounded validated PNG data and timestamps retain file modification time (0.865917ms)
✔ retraction uses pinned native tower height, nozzle layer height and writer schedule (5.71375ms)
✔ relative E changes pre-wipe distribution and balances old retraction across layer anchors (1.602125ms)
✔ zero-length retraction with no hop emits zero E for wipes and matching unretractions (0.507792ms)
✔ wipe capacity moves excess retraction before the wipe rather than increasing its physical E rate (0.467ms)
✔ absolute E coordinates preserve deposition deltas through changed retractions and G92 resets (0.571333ms)
✔ unproven native couplings and invalid ranges are rejected explicitly (3.464959ms)
✔ missing native guards, unknown body retractions and incomplete wipe data fail closed (1.494708ms)
✔ Bambu wipe and custom role tags preserve retraction bookkeeping and leave end macros untouched (0.63575ms)
✔ object transform proxy uses a common pivot and keeps every native part aligned (3.712417ms)
✔ explicit part edits preserve other world surfaces and clear the obsolete shared frame (0.710833ms)
✔ object duplication gives an independent group and part duplication intentionally stays grouped (1.96875ms)
✔ arrange, center, drop and place-on-face move whole groups without shifting negative volumes independently (3.771667ms)
✔ mirror and cut invalidate baked group frames while preserving native roles and settings (4.377166ms)
✔ native volume roles use translucent materials while normal parts retain filament colors (0.12125ms)
✔ disabled, manual, normal tree, organic tree, and raft support states match native conditions (6.376167ms)
✔ ironing and support-interface dependencies include the native solid-interface rule (1.741791ms)
✔ infill conditions preserve native overwrite order, pattern restrictions, and rotation-template behavior (2.910041ms)
✔ vase mode produces a reviewable correction group and never mutates user input or decides its native dialog (3.00775ms)
✔ prime towers use machine type, vendor, purge mode, and wall shape without guessing missing vendor context (2.078416ms)
✔ line widths, acceleration, and jerk depend on native extrusion and firmware settings (2.217667ms)
✔ smoothing, scarf, support styles, and native GUI numeric corrections keep exact boundary behavior (0.489042ms)
✔ filament pressure advance, cooling, heater bounds, and machine capabilities follow native conditions (0.555167ms)
✔ coverage distinguishes evaluated fields, missing native context, and remaining native behavior (0.458708ms)
✔ machine vendor, multimaterial, and firmware rules expose native supported controls and options (2.781334ms)
✔ machine extruder controls use native variant maps while preserving per-extruder differences (1.979167ms)
✔ firmware retraction conflicts preserve the actual native confirmation and alternative without silent edits (0.627042ms)
✔ nullable filament override states preserve inherit values, disabled checkboxes, and variant differences (1.292292ms)
✔ project bed selection and material temperature recommendations follow native tables (1.6235ms)
✔ SEMM nozzle edit confirmation requires an actual edit context and keeps both native choices (1.748375ms)
✔ supported process controls use native enum, boolean, percent, and numeric representations (1.031ms)
✔ rejects unknown, non-finite, fractional integer, out-of-range, and invalid enum settings (0.182667ms)
✔ display values reflect native preset values, including false strings and vector speeds (0.304625ms)
✔ only a positively advertised native initialization capability suppresses the raw CLI diagnostic (0.969ms)
✔ second-apply archive reuses exact geometry/settings and places only a second instance on the internal plate (109.5575ms)
✔ warmup activates only for exact installed version and nonunity used-slot compensation (148.544792ms)
✔ painting, brim auxiliaries and layer event/filament sequence metadata survive both initialization instances (16.592666ms)
✔ adapter returns target plate1 only and removes all internal files (225.682583ms)
✔ adapter rejects missing or extra plate outputs and cleans temporary data without publishing a download (432.217542ms)
✔ adapter rejects mixing initialized embedded settings with external preset flags (2.341584ms)
✔ cancelling native initialization deletes partial outputs and never publishes plate1 (104.801542ms)
✔ single-volume native import exposes the material the actual native importer uses (35.1605ms)
✔ explicit inspector single-volume material survives native export despite stale parent metadata (9.767792ms)
✔ explicit part-editor single-volume material survives native export despite stale parent metadata (8.852708ms)
✔ multi-volume groups retain a distinct parent material and independent part choices (12.24425ms)
✔ passes explicit machine, process, filament and isolated data paths to native CLI (1.148958ms)
✔ preservePosition opts out of automatic native arrangement and orientation without changing the default (0.089708ms)
✔ cancelling a slicing operation removes native partial output and working directories (111.029708ms)
✔ concurrent native adapters isolate identical output names and preserve each input result (308.290792ms)
✔ drains large stdout while slicing instead of blocking on a full pipe (212.315584ms)
✔ reports child failures, missing output, and multiple plates without choosing arbitrary G-code (864.817041ms)
✔ terminates timed-out and cancelled processes, including a process ignoring SIGTERM (205.639833ms)
✔ health detects missing binary and identifies the configured executable (204.893541ms)
✔ native path-conflict exit retains diagnostics, explains the failure and discards partial output (203.259625ms)
✔ 100 concurrent writes remain valid JSON and survive reopening (41.447667ms)
✔ restart durably fails queued and slicing jobs and preserves completed jobs (1.911959ms)
✔ concurrent deletes and updates commit in call order without losing unrelated jobs (3.8465ms)
✔ input, returned values, and read snapshots cannot mutate stored jobs (2.172375ms)
✔ corrupt or structurally invalid indexes reject initialization without overwriting data (3.65025ms)
✔ an unreadable index error is surfaced instead of being treated as an empty index (1.358375ms)
✔ failed atomic replacement preserves memory and disk, removes temp files, and allows retry (5.586084ms)
✔ serialization failures leave the previous index intact and do not poison the write queue (1.725709ms)
✔ conditional transitions serialize cancellation against completion and preserve terminal jobs (3.654792ms)
✔ support preview uses only actual support extrusion and preserves source layer/path metrics (2.117084ms)
✔ preview lifecycle polls and downloads only its created job and does not cancel completed work (15.382375ms)
✔ cancellation during creation waits for its ID then cancels only that job; polling cancellation is bounded (0.988875ms)
✔ preview errors retain native validation text, cancel an active polling failure, and bound G-code reads (1.075042ms)
✔ text outline counters remain closed and exact em scaling controls volume and dimensions (14.418333ms)
✔ multiline text alignment, spacing and world-normal rotation are effective geometric operations (4.908542ms)
✔ emboss and engrave create coherent native groups, preserve existing part geometry, and edit in place through transforms (4.726667ms)
✔ text validation bounds workload and rejects invalid geometry parameters without silently substituting (1.92075ms)
✔ text regeneration preserves placement after repeated object/part rebasing and face placement (3.972ms)
✔ native brush increase, fixture 0, matches independently compiled C++ at every control point (0.937ms)
✔ native brush decrease, fixture 0, matches independently compiled C++ at every control point (0.50425ms)
✔ native brush reduce, fixture 0, matches independently compiled C++ at every control point (0.069292ms)
✔ native brush smooth, fixture 0, matches independently compiled C++ at every control point (0.047709ms)
✔ native brush increase, fixture 1, matches independently compiled C++ at every control point (0.064208ms)
✔ native brush decrease, fixture 1, matches independently compiled C++ at every control point (0.053084ms)
✔ native brush reduce, fixture 1, matches independently compiled C++ at every control point (0.047458ms)
✔ native brush smooth, fixture 1, matches independently compiled C++ at every control point (0.060583ms)
✔ native brush increase, fixture 2, matches independently compiled C++ at every control point (0.053459ms)
✔ native brush decrease, fixture 2, matches independently compiled C++ at every control point (0.080875ms)
✔ native brush reduce, fixture 2, matches independently compiled C++ at every control point (0.062833ms)
✔ native brush smooth, fixture 2, matches independently compiled C++ at every control point (0.050667ms)
✔ native brush increase, fixture 3, matches independently compiled C++ at every control point (0.072458ms)
✔ native brush decrease, fixture 3, matches independently compiled C++ at every control point (0.060125ms)
✔ native brush reduce, fixture 3, matches independently compiled C++ at every control point (0.061334ms)
✔ native brush smooth, fixture 3, matches independently compiled C++ at every control point (0.087125ms)
✔ layer brush protects native first layer, closed range margins and max/min saturation (0.169292ms)
✔ empty profile initializes a real editable native curve while malformed brushes reject (0.400625ms)
✔ band-local reset converges toward the configured height and smooth preserves distant points (0.513792ms)
✔ the first brush preserves native height-range initialization, including guarded range bands (0.261584ms)
✔ adaptive and smoothing match independently compiled native cube quality 0 (2.724791ms)
✔ adaptive and smoothing match independently compiled native cube quality 0.25 (0.782542ms)
✔ adaptive and smoothing match independently compiled native cube quality 0.5 (0.761042ms)
✔ adaptive and smoothing match independently compiled native cube quality 1 (0.596125ms)
✔ adaptive and smoothing match independently compiled native pyramid quality 0 (0.878792ms)
✔ adaptive and smoothing match independently compiled native pyramid quality 0.25 (0.570292ms)
✔ adaptive and smoothing match independently compiled native pyramid quality 0.5 (0.379792ms)
✔ adaptive and smoothing match independently compiled native pyramid quality 1 (0.374625ms)
✔ profile boundary validates scalar pairs, finite heights, order, native first height and current normal-part height (0.52875ms)
✔ source layer limits fall back for zero bounds, include default layer height and preserve raft semantics (0.81675ms)
✔ adaptive source incorporates sorted height ranges and smoothing keep-min never increases a point (7.674458ms)
✔ native profile codec uses model-object indices, preserves decimal values and refuses malformed metadata (0.311458ms)
✔ profiles roundtrip over component groups and selected plates, including joint height-range metadata (36.970625ms)
✔ server preserves profiles and rejects stale geometry/first-layer changes instead of native silent fallback (29.076333ms)
✔ VFA follows native model, height, spiral settings and preserves selected volumetric limits (2.051208ms)
✔ VFA honors native first layer, gradual slowdown and whole-number speed rounding (1.300792ms)
✔ VFA rejects invalid ranges, oversized towers and speed-dependent unsupported native settings (1.391292ms)
✔ VFA changes only outer-wall feedrates with relative extrusion and preserves modal travel (1.919416ms)
✔ VFA changes only outer-wall feedrates with absolute extrusion and preserves modal travel (0.455791ms)
✔ VFA rejects mismatched native baselines, missing object boundaries and unit changes (0.66575ms)
✔ Bambu native role and layer tags retain identical scheduled moves without rewriting the tags (0.556875ms)
✔ bounded ZIP64 reader accepts stored/deflated small files and regular ZIP remains compatible (3.10675ms)
✔ ZIP64 rejects oversized counts, integer overflow, directory lengths and multi-disk metadata before inflating (1.362292ms)
✔ ZIP64 rejects missing/truncated extras, overlapping directory bounds, forged expansions and inconsistent headers (17.9585ms)
ℹ tests 1139
ℹ suites 0
ℹ pass 1138
ℹ fail 1
ℹ cancelled 0
ℹ skipped 0
ℹ todo 0
ℹ duration_ms 34598.093458

✖ failing tests:

test at tests/unit/native-multipart-import.test.js:23:1
✖ multipart warning uses the unmodified installed native asset with pinned attribution (0.818833ms)
  AssertionError [ERR_ASSERTION]: Expected values to be strictly equal:
  
  2 !== 1
  
      at TestContext.<anonymous> (file:///private/tmp/orca-implementation/m48-import-preflight-stage/tests/unit/native-multipart-import.test.js:23:349)
      at async Test.run (node:internal/test_runner/test:1113:7)
      at async Test.processPendingSubtests (node:internal/test_runner/test:788:7) {
    generatedMessage: true,
    code: 'ERR_ASSERTION',
    actual: 2,
    expected: 1,
    operator: 'strictEqual',
    diff: 'simple'
  }
