"native_version","category","key","observed_value_types","profiles_declaring","web_editable","web_group","status","feature_id","related_test_refs"
"2.4.2","machine","_comment","string","13","false","","native-preset-pass-through","settings.printer",""
"2.4.2","machine","active_feeder_motor_name","array","1","false","","native-preset-pass-through","settings.printer",""
"2.4.2","machine","adaptive_bed_mesh_margin","string","79","true","Basic information","web-editable-partial","settings.printer","tests/unit/profile-settings.test.js; tests/e2e/profile-editor.spec.js"
"2.4.2","machine","apply_top_surface_compensation","string","1","false","","native-preset-pass-through","settings.printer",""
"2.4.2","machine","auto_disable_filter_on_overheat","string","1","false","","native-preset-pass-through","settings.printer",""
"2.4.2","machine","auto_toolchange_command","string","3","false","","native-preset-pass-through","settings.printer",""
"2.4.2","machine","auxiliary_fan","string","448","true","Basic information","web-editable-partial","settings.printer","tests/unit/profile-settings.test.js; tests/e2e/profile-editor.spec.js"
"2.4.2","machine","bbl_use_printhost","string","89","false","","native-preset-pass-through","settings.printer",""
"2.4.2","machine","bed_custom_model","string","57","false","","native-preset-pass-through","settings.printer",""
"2.4.2","machine","bed_custom_texture","string","58","false","","native-preset-pass-through","settings.printer",""
"2.4.2","machine","bed_exclude_area","array; string","227","true","Basic information","web-editable-partial","settings.printer","tests/unit/profile-settings.test.js; tests/e2e/profile-editor.spec.js"
"2.4.2","machine","bed_mesh_max","array; string","100","true","Basic information","web-editable-partial","settings.printer","tests/unit/profile-settings.test.js; tests/e2e/profile-editor.spec.js"
"2.4.2","machine","bed_mesh_min","array; string","100","true","Basic information","web-editable-partial","settings.printer","tests/unit/profile-settings.test.js; tests/e2e/profile-editor.spec.js"
"2.4.2","machine","bed_mesh_probe_distance","array; string","96","true","Basic information","web-editable-partial","settings.printer","tests/unit/profile-settings.test.js; tests/e2e/profile-editor.spec.js"
"2.4.2","machine","bed_model","string","7","false","","native-preset-pass-through","settings.printer",""
"2.4.2","machine","bed_shape","string","1","false","","native-preset-pass-through","settings.printer",""
"2.4.2","machine","bed_temperature_formula","string","5","true","Multimaterial","web-editable-partial","settings.printer","tests/unit/profile-settings.test.js; tests/e2e/profile-editor.spec.js"
"2.4.2","machine","bed_texture","string","19","false","","native-preset-pass-through","settings.printer",""
"2.4.2","machine","bed_texture_area","array","7","false","","native-preset-pass-through","settings.printer",""
"2.4.2","machine","before_layer_change_gcode","array; string","386","true","Machine G-code","web-editable-partial","settings.printer","tests/unit/profile-settings.test.js; tests/e2e/profile-editor.spec.js"
"2.4.2","machine","best_object_pos","string","104","true","Basic information","web-editable-partial","settings.printer","tests/unit/profile-settings.test.js; tests/e2e/profile-editor.spec.js"
"2.4.2","machine","box_id","string","3","false","","native-preset-pass-through","settings.printer",""
"2.4.2","machine","change_extrusion_role_gcode","string","59","true","Machine G-code","web-editable-partial","settings.printer","tests/unit/profile-settings.test.js; tests/e2e/profile-editor.spec.js"
"2.4.2","machine","change_filament_gcode","array; string","463","true","Machine G-code","web-editable-partial","settings.printer","tests/unit/profile-settings.test.js; tests/e2e/profile-editor.spec.js"
"2.4.2","machine","color_bed_exclude_area","string","12","false","","native-preset-pass-through","settings.printer",""
"2.4.2","machine","cooling_filter_enabled","string","1","false","","native-preset-pass-through","settings.printer",""
"2.4.2","machine","cooling_tube_length","array; string","137","true","Multimaterial","web-editable-partial","settings.printer","tests/unit/profile-settings.test.js; tests/e2e/profile-editor.spec.js"
"2.4.2","machine","cooling_tube_retraction","array; string","135","true","Multimaterial","web-editable-partial","settings.printer","tests/unit/profile-settings.test.js; tests/e2e/profile-editor.spec.js"
"2.4.2","machine","creality_flush_time","string","35","false","","native-preset-pass-through","settings.printer",""
"2.4.2","machine","default_bed_type","string","18","false","","native-preset-pass-through","settings.printer",""
"2.4.2","machine","default_filament_profile","array; string","631","false","","native-preset-pass-through","settings.printer",""
"2.4.2","machine","default_materials","string","6","false","","native-preset-pass-through","settings.printer",""
"2.4.2","machine","default_nozzle_volume_type","array","3","false","","native-preset-pass-through","settings.printer",""
"2.4.2","machine","default_print_profile","string","918","false","","native-preset-pass-through","settings.printer",""
"2.4.2","machine","deretract_speed_extruder_change","array","2","false","","native-preset-pass-through","settings.printer",""
"2.4.2","machine","deretraction_speed","array; string","522","true","Extruder","web-editable-partial","settings.printer","tests/unit/profile-settings.test.js; tests/e2e/profile-editor.spec.js"
"2.4.2","machine","detraction_speed","string","4","false","","native-preset-pass-through","settings.printer",""
"2.4.2","machine","disable_m73","string","110","true","Basic information","web-editable-partial","settings.printer","tests/unit/profile-settings.test.js; tests/e2e/profile-editor.spec.js"
"2.4.2","machine","emit_machine_limits_to_gcode","array; string","116","true","Motion ability","web-editable-partial","settings.printer","tests/unit/profile-settings.test.js; tests/e2e/profile-editor.spec.js"
"2.4.2","machine","enable_filament_ramming","array; string","154","true","Multimaterial","web-editable-partial","settings.printer","tests/unit/profile-settings.test.js; tests/e2e/profile-editor.spec.js"
"2.4.2","machine","enable_long_retraction_when_cut","array; string","90","false","","native-preset-pass-through","settings.printer",""
"2.4.2","machine","enable_power_loss_recovery","string","1","true","Basic information","web-editable-partial","settings.printer","tests/unit/profile-settings.test.js; tests/e2e/profile-editor.spec.js"
"2.4.2","machine","enable_pre_heating","string","4","false","","native-preset-pass-through","settings.printer",""
"2.4.2","machine","extra_loading_move","array; string","148","true","Multimaterial","web-editable-partial","settings.printer","tests/unit/profile-settings.test.js; tests/e2e/profile-editor.spec.js"
"2.4.2","machine","extruder_clearance_dist_to_rod","string","13","false","","native-preset-pass-through","settings.printer",""
"2.4.2","machine","extruder_clearance_height_to_lid","array; string","379","true","Basic information","web-editable-partial","settings.printer","tests/unit/profile-settings.test.js; tests/e2e/profile-editor.spec.js"
"2.4.2","machine","extruder_clearance_height_to_rod","array; string","386","true","Basic information","web-editable-partial","settings.printer","tests/unit/profile-settings.test.js; tests/e2e/profile-editor.spec.js"
"2.4.2","machine","extruder_clearance_max_radius","string","18","false","","native-preset-pass-through","settings.printer",""
"2.4.2","machine","extruder_clearance_radius","array; string","362","true","Basic information","web-editable-partial","settings.printer","tests/unit/profile-settings.test.js; tests/e2e/profile-editor.spec.js"
"2.4.2","machine","extruder_colour","array; string","202","false","","native-preset-pass-through","settings.printer",""
"2.4.2","machine","extruder_height_gap","string","1","false","","native-preset-pass-through","settings.printer",""
"2.4.2","machine","extruder_max_nozzle_count","array","1","false","","native-preset-pass-through","settings.printer",""
"2.4.2","machine","extruder_offset","array; string","244","true","Extruder","web-editable-partial","settings.printer","tests/unit/profile-settings.test.js; tests/e2e/profile-editor.spec.js"
"2.4.2","machine","extruder_printable_area","array","5","true","Extruder","web-editable-partial","settings.printer","tests/unit/profile-settings.test.js; tests/e2e/profile-editor.spec.js"
"2.4.2","machine","extruder_printable_height","array","3","true","Extruder","web-editable-partial","settings.printer","tests/unit/profile-settings.test.js; tests/e2e/profile-editor.spec.js"
"2.4.2","machine","extruder_type","array","47","false","","native-preset-pass-through","settings.printer",""
"2.4.2","machine","extruder_variant_list","array","16","false","","native-preset-pass-through","settings.printer",""
"2.4.2","machine","extruders_count","array; string","13","false","","native-preset-pass-through","settings.printer",""
"2.4.2","machine","family","string","1","false","","native-preset-pass-through","settings.printer",""
"2.4.2","machine","fan_direction","string","5","false","","native-preset-pass-through","settings.printer",""
"2.4.2","machine","fan_kickstart","string","113","true","Basic information","web-editable-partial","settings.printer","tests/unit/profile-settings.test.js; tests/e2e/profile-editor.spec.js"
"2.4.2","machine","fan_speedup_overhangs","array; string","114","true","Basic information","web-editable-partial","settings.printer","tests/unit/profile-settings.test.js; tests/e2e/profile-editor.spec.js"
"2.4.2","machine","fan_speedup_time","array; string","122","true","Basic information","web-editable-partial","settings.printer","tests/unit/profile-settings.test.js; tests/e2e/profile-editor.spec.js"
"2.4.2","machine","filament_dev_ams_drying_ams_limitations","array","1","false","","native-preset-pass-through","settings.printer",""
"2.4.2","machine","filament_dev_ams_drying_heat_distortion_temperature","array","1","false","","native-preset-pass-through","settings.printer",""
"2.4.2","machine","filament_dev_ams_drying_temperature","array","1","false","","native-preset-pass-through","settings.printer",""
"2.4.2","machine","filament_dev_ams_drying_time","array","1","false","","native-preset-pass-through","settings.printer",""
"2.4.2","machine","filament_dev_chamber_drying_bed_temperature","array","1","false","","native-preset-pass-through","settings.printer",""
"2.4.2","machine","filament_dev_chamber_drying_time","array","1","false","","native-preset-pass-through","settings.printer",""
"2.4.2","machine","filament_dev_drying_cooling_temperature","array","1","false","","native-preset-pass-through","settings.printer",""
"2.4.2","machine","filament_dev_drying_softening_temperature","array","1","false","","native-preset-pass-through","settings.printer",""
"2.4.2","machine","file_start_gcode","string","8","true","Machine G-code","web-editable-partial","settings.printer","tests/unit/profile-settings.test.js; tests/e2e/profile-editor.spec.js"
"2.4.2","machine","gcode_flavor","string","387","true","Basic information","web-editable-partial","settings.printer","tests/unit/profile-settings.test.js; tests/e2e/profile-editor.spec.js"
"2.4.2","machine","grab_length","array","4","false","","native-preset-pass-through","settings.printer",""
"2.4.2","machine","group_algo_with_time","string","2","false","","native-preset-pass-through","settings.printer",""
"2.4.2","machine","head_wrap_detect_zone","array","63","false","","native-preset-pass-through","settings.printer",""
"2.4.2","machine","high_current_on_filament_swap","array; string","112","true","Multimaterial","web-editable-partial","settings.printer","tests/unit/profile-settings.test.js; tests/e2e/profile-editor.spec.js"
"2.4.2","machine","host_type","string","171","false","","native-preset-pass-through","settings.printer",""
"2.4.2","machine","hotend_cooling_rate","array","4","false","","native-preset-pass-through","settings.printer",""
"2.4.2","machine","hotend_heating_rate","array","7","false","","native-preset-pass-through","settings.printer",""
"2.4.2","machine","is_artillery","string","1","false","","native-preset-pass-through","settings.printer",""
"2.4.2","machine","is_support_3mf","string","3","false","","native-preset-pass-through","settings.printer",""
"2.4.2","machine","is_support_air_condition","string","1","false","","native-preset-pass-through","settings.printer",""
"2.4.2","machine","is_support_mqtt","string","1","false","","native-preset-pass-through","settings.printer",""
"2.4.2","machine","is_support_multi_box","string","4","false","","native-preset-pass-through","settings.printer",""
"2.4.2","machine","is_support_timelapse","string","3","false","","native-preset-pass-through","settings.printer",""
"2.4.2","machine","layer_change_gcode","array; string","320","true","Machine G-code","web-editable-partial","settings.printer","tests/unit/profile-settings.test.js; tests/e2e/profile-editor.spec.js"
"2.4.2","machine","long_retractions_when_cut","array; string","100","true","Extruder","web-editable-partial","settings.printer","tests/unit/profile-settings.test.js; tests/e2e/profile-editor.spec.js"
"2.4.2","machine","machine_end_gcode","array; string","513","true","Machine G-code","web-editable-partial","settings.printer","tests/unit/profile-settings.test.js; tests/e2e/profile-editor.spec.js"
"2.4.2","machine","machine_hotend_change_time","string","1","false","","native-preset-pass-through","settings.printer",""
"2.4.2","machine","machine_LED_light_exist","string","35","false","","native-preset-pass-through","settings.printer",""
"2.4.2","machine","machine_load_filament_time","string","159","true","Multimaterial","web-editable-partial","settings.printer","tests/unit/profile-settings.test.js; tests/e2e/profile-editor.spec.js"
"2.4.2","machine","machine_max_acceleration_e","array; string","411","true","Motion ability","web-editable-partial","settings.printer","tests/unit/profile-settings.test.js; tests/e2e/profile-editor.spec.js"
"2.4.2","machine","machine_max_acceleration_extruding","array; string","495","true","Motion ability","web-editable-partial","settings.printer","tests/unit/profile-settings.test.js; tests/e2e/profile-editor.spec.js"
"2.4.2","machine","machine_max_acceleration_retracting","array; string","487","true","Motion ability","web-editable-partial","settings.printer","tests/unit/profile-settings.test.js; tests/e2e/profile-editor.spec.js"
"2.4.2","machine","machine_max_acceleration_travel","array; string","429","true","Motion ability","web-editable-partial","settings.printer","tests/unit/profile-settings.test.js; tests/e2e/profile-editor.spec.js"
"2.4.2","machine","machine_max_acceleration_x","array; string","527","true","Motion ability","web-editable-partial","settings.printer","tests/unit/profile-settings.test.js; tests/e2e/profile-editor.spec.js"
"2.4.2","machine","machine_max_acceleration_y","array; string","527","true","Motion ability","web-editable-partial","settings.printer","tests/unit/profile-settings.test.js; tests/e2e/profile-editor.spec.js"
"2.4.2","machine","machine_max_acceleration_z","array; string","520","true","Motion ability","web-editable-partial","settings.printer","tests/unit/profile-settings.test.js; tests/e2e/profile-editor.spec.js"
"2.4.2","machine","machine_max_jerk_e","array; string","469","true","Motion ability","web-editable-partial","settings.printer","tests/unit/profile-settings.test.js; tests/e2e/profile-editor.spec.js"
"2.4.2","machine","machine_max_jerk_x","array; string","471","true","Motion ability","web-editable-partial","settings.printer","tests/unit/profile-settings.test.js; tests/e2e/profile-editor.spec.js"
"2.4.2","machine","machine_max_jerk_y","array; string","479","true","Motion ability","web-editable-partial","settings.printer","tests/unit/profile-settings.test.js; tests/e2e/profile-editor.spec.js"
"2.4.2","machine","machine_max_jerk_z","array; string","469","true","Motion ability","web-editable-partial","settings.printer","tests/unit/profile-settings.test.js; tests/e2e/profile-editor.spec.js"
"2.4.2","machine","machine_max_junction_deviation","array","89","true","Motion ability","web-editable-partial","settings.printer","tests/unit/profile-settings.test.js; tests/e2e/profile-editor.spec.js"
"2.4.2","machine","machine_max_speed_e","array; string","484","true","Motion ability","web-editable-partial","settings.printer","tests/unit/profile-settings.test.js; tests/e2e/profile-editor.spec.js"
"2.4.2","machine","machine_max_speed_x","array; string","484","true","Motion ability","web-editable-partial","settings.printer","tests/unit/profile-settings.test.js; tests/e2e/profile-editor.spec.js"
"2.4.2","machine","machine_max_speed_y","array; string","484","true","Motion ability","web-editable-partial","settings.printer","tests/unit/profile-settings.test.js; tests/e2e/profile-editor.spec.js"
"2.4.2","machine","machine_max_speed_z","array; string","488","true","Motion ability","web-editable-partial","settings.printer","tests/unit/profile-settings.test.js; tests/e2e/profile-editor.spec.js"
"2.4.2","machine","machine_min_extruding_rate","array; string","232","false","","native-preset-pass-through","settings.printer",""
"2.4.2","machine","machine_min_travel_rate","array; string","232","false","","native-preset-pass-through","settings.printer",""
"2.4.2","machine","machine_pause_gcode","string","427","true","Machine G-code","web-editable-partial","settings.printer","tests/unit/profile-settings.test.js; tests/e2e/profile-editor.spec.js"
"2.4.2","machine","machine_platform_motion_enable","string","35","false","","native-preset-pass-through","settings.printer",""
"2.4.2","machine","machine_prepare_compensation_time","string","2","false","","native-preset-pass-through","settings.printer",""
"2.4.2","machine","machine_ptc_exist","string","22","false","","native-preset-pass-through","settings.printer",""
"2.4.2","machine","machine_start_gcode","array; string","602","true","Machine G-code","web-editable-partial","settings.printer","tests/unit/profile-settings.test.js; tests/e2e/profile-editor.spec.js"
"2.4.2","machine","machine_switch_extruder_time","string","6","false","","native-preset-pass-through","settings.printer",""
"2.4.2","machine","machine_tech","string","12","false","","native-preset-pass-through","settings.printer",""
"2.4.2","machine","machine_tool_change_time","array; string","69","true","Multimaterial","web-editable-partial","settings.printer","tests/unit/profile-settings.test.js; tests/e2e/profile-editor.spec.js"
"2.4.2","machine","machine_unload_filament_time","string","157","true","Multimaterial","web-editable-partial","settings.printer","tests/unit/profile-settings.test.js; tests/e2e/profile-editor.spec.js"
"2.4.2","machine","manual_filament_change","string","180","true","Multimaterial","web-editable-partial","settings.printer","tests/unit/profile-settings.test.js; tests/e2e/profile-editor.spec.js"
"2.4.2","machine","master_extruder_id","string","4","false","","native-preset-pass-through","settings.printer",""
"2.4.2","machine","max_layer_height","array; string","945","true","Extruder","web-editable-partial","settings.printer","tests/unit/profile-settings.test.js; tests/e2e/profile-editor.spec.js"
"2.4.2","machine","max_resonance_avoidance_speed","string","8","true","Motion ability","web-editable-partial","settings.printer","tests/unit/profile-settings.test.js; tests/e2e/profile-editor.spec.js"
"2.4.2","machine","min_layer_height","array; string","922","true","Extruder","web-editable-partial","settings.printer","tests/unit/profile-settings.test.js; tests/e2e/profile-editor.spec.js"
"2.4.2","machine","min_resonance_avoidance_speed","string","8","true","Motion ability","web-editable-partial","settings.printer","tests/unit/profile-settings.test.js; tests/e2e/profile-editor.spec.js"
"2.4.2","machine","model_id","string","12","false","","native-preset-pass-through","settings.printer",""
"2.4.2","machine","multi_zone","string","1","false","","native-preset-pass-through","settings.printer",""
"2.4.2","machine","multi_zone_number","string","1","false","","native-preset-pass-through","settings.printer",""
"2.4.2","machine","multicolor_method","string","4","false","","native-preset-pass-through","settings.printer",""
"2.4.2","machine","nozzle_diameter","array; string","1050","true","Extruder","web-editable-partial","settings.printer","tests/unit/profile-settings.test.js; tests/e2e/profile-editor.spec.js"
"2.4.2","machine","nozzle_flush_dataset","array","4","false","","native-preset-pass-through","settings.printer",""
"2.4.2","machine","nozzle_height","string","98","false","","native-preset-pass-through","settings.printer",""
"2.4.2","machine","nozzle_hrc","string","115","true","Basic information","web-editable-partial","settings.printer","tests/unit/profile-settings.test.js; tests/e2e/profile-editor.spec.js"
"2.4.2","machine","nozzle_type","array; string","490","true","Basic information","web-editable-partial","settings.printer","tests/unit/profile-settings.test.js; tests/e2e/profile-editor.spec.js"
"2.4.2","machine","nozzle_volume","array; string","155","true","Extruder","web-editable-partial","settings.printer","tests/unit/profile-settings.test.js; tests/e2e/profile-editor.spec.js"
"2.4.2","machine","parallel_printheads_bed_exclude_areas","array","1","false","","native-preset-pass-through","settings.printer",""
"2.4.2","machine","parallel_printheads_count","string","1","true","Basic information","web-editable-partial","settings.printer","tests/unit/profile-settings.test.js; tests/e2e/profile-editor.spec.js"
"2.4.2","machine","parking_pos_retraction","array; string","134","true","Multimaterial","web-editable-partial","settings.printer","tests/unit/profile-settings.test.js; tests/e2e/profile-editor.spec.js"
"2.4.2","machine","pause_gcode","string","1","false","","native-preset-pass-through","settings.printer",""
"2.4.2","machine","pellet_modded_printer","string","59","true","Basic information","web-editable-partial","settings.printer","tests/unit/profile-settings.test.js; tests/e2e/profile-editor.spec.js"
"2.4.2","machine","physical_extruder_map","array","3","false","","native-preset-pass-through","settings.printer",""
"2.4.2","machine","preferred_orientation","string","95","true","Basic information","web-editable-partial","settings.printer","tests/unit/profile-settings.test.js; tests/e2e/profile-editor.spec.js"
"2.4.2","machine","prime_tower_position_type","string","35","false","","native-preset-pass-through","settings.printer",""
"2.4.2","machine","print_host","string","63","false","","native-preset-pass-through","settings.printer",""
"2.4.2","machine","print_host_webui","string","34","false","","native-preset-pass-through","settings.printer",""
"2.4.2","machine","print_in_clockwise","string","1","false","","native-preset-pass-through","settings.printer",""
"2.4.2","machine","printable_area","array; string","670","true","Basic information","web-editable-partial","settings.printer","tests/unit/profile-settings.test.js; tests/e2e/profile-editor.spec.js"
"2.4.2","machine","printable_height","string","764","true","Basic information","web-editable-partial","settings.printer","tests/unit/profile-settings.test.js; tests/e2e/profile-editor.spec.js"
"2.4.2","machine","printer_agent","string","22","false","","native-preset-pass-through","settings.printer",""
"2.4.2","machine","printer_extruder_id","array","15","false","","native-preset-pass-through","settings.printer",""
"2.4.2","machine","printer_extruder_variant","array","17","false","","native-preset-pass-through","settings.printer",""
"2.4.2","machine","printer_flush_multiplier","string","5","false","","native-preset-pass-through","settings.printer",""
"2.4.2","machine","printer_model","string","982","false","","native-preset-pass-through","settings.printer",""
"2.4.2","machine","printer_notes","array; string","137","true","Notes","web-editable-partial","settings.printer","tests/unit/profile-settings.test.js; tests/e2e/profile-editor.spec.js"
"2.4.2","machine","printer_structure","string","146","true","Basic information","web-editable-partial","settings.printer","tests/unit/profile-settings.test.js; tests/e2e/profile-editor.spec.js"
"2.4.2","machine","printer_technology","string","210","false","","native-preset-pass-through","settings.printer",""
"2.4.2","machine","printer_variant","string","961","false","","native-preset-pass-through","settings.printer",""
"2.4.2","machine","printhost_apikey","string","32","false","","native-preset-pass-through","settings.printer",""
"2.4.2","machine","printhost_authorization_type","string","103","false","","native-preset-pass-through","settings.printer",""
"2.4.2","machine","printhost_cafile","string","32","false","","native-preset-pass-through","settings.printer",""
"2.4.2","machine","printhost_password","string","32","false","","native-preset-pass-through","settings.printer",""
"2.4.2","machine","printhost_port","string","32","false","","native-preset-pass-through","settings.printer",""
"2.4.2","machine","printhost_ssl_ignore_revoke","string","102","false","","native-preset-pass-through","settings.printer",""
"2.4.2","machine","printhost_user","string","32","false","","native-preset-pass-through","settings.printer",""
"2.4.2","machine","printing_by_object_gcode","string","118","true","Machine G-code","web-editable-partial","settings.printer","tests/unit/profile-settings.test.js; tests/e2e/profile-editor.spec.js"
"2.4.2","machine","purge_in_prime_tower","string","128","true","Multimaterial","web-editable-partial","settings.printer","tests/unit/profile-settings.test.js; tests/e2e/profile-editor.spec.js"
"2.4.2","machine","ramming_pressure_advance_value","string","1","false","","native-preset-pass-through","settings.printer",""
"2.4.2","machine","remaining_times","string","1","false","","native-preset-pass-through","settings.printer",""
"2.4.2","machine","renamed_from","string","24","false","","native-preset-pass-through","settings.printer",""
"2.4.2","machine","resonance_avoidance","string","8","true","Motion ability","web-editable-partial","settings.printer","tests/unit/profile-settings.test.js; tests/e2e/profile-editor.spec.js"
"2.4.2","machine","retract_before_wipe","array; string","455","true","Extruder","web-editable-partial","settings.printer","tests/unit/profile-settings.test.js; tests/e2e/profile-editor.spec.js"
"2.4.2","machine","retract_length_toolchange","array; string","454","true","Extruder","web-editable-partial","settings.printer","tests/unit/profile-settings.test.js; tests/e2e/profile-editor.spec.js"
"2.4.2","machine","retract_lift_above","array; string","146","true","Extruder","web-editable-partial","settings.printer","tests/unit/profile-settings.test.js; tests/e2e/profile-editor.spec.js"
"2.4.2","machine","retract_lift_below","array; string","301","true","Extruder","web-editable-partial","settings.printer","tests/unit/profile-settings.test.js; tests/e2e/profile-editor.spec.js"
"2.4.2","machine","retract_lift_enforce","array; string","125","true","Extruder","web-editable-partial","settings.printer","tests/unit/profile-settings.test.js; tests/e2e/profile-editor.spec.js"
"2.4.2","machine","retract_on_top_layer","array","18","false","","native-preset-pass-through","settings.printer",""
"2.4.2","machine","retract_restart_extra","array; string","258","true","Extruder","web-editable-partial","settings.printer","tests/unit/profile-settings.test.js; tests/e2e/profile-editor.spec.js"
"2.4.2","machine","retract_restart_extra_toolchange","array; string","247","true","Extruder","web-editable-partial","settings.printer","tests/unit/profile-settings.test.js; tests/e2e/profile-editor.spec.js"
"2.4.2","machine","retract_when_changing_layer","array; string","274","true","Extruder","web-editable-partial","settings.printer","tests/unit/profile-settings.test.js; tests/e2e/profile-editor.spec.js"
"2.4.2","machine","retraction_distances_when_cut","array; string","99","true","Extruder","web-editable-partial","settings.printer","tests/unit/profile-settings.test.js; tests/e2e/profile-editor.spec.js"
"2.4.2","machine","retraction_length","array; string","715","true","Extruder","web-editable-partial","settings.printer","tests/unit/profile-settings.test.js; tests/e2e/profile-editor.spec.js"
"2.4.2","machine","retraction_minimum_travel","array; string","538","true","Extruder","web-editable-partial","settings.printer","tests/unit/profile-settings.test.js; tests/e2e/profile-editor.spec.js"
"2.4.2","machine","retraction_speed","array; string","505","true","Extruder","web-editable-partial","settings.printer","tests/unit/profile-settings.test.js; tests/e2e/profile-editor.spec.js"
"2.4.2","machine","scan_first_layer","string","281","true","Basic information","web-editable-partial","settings.printer","tests/unit/profile-settings.test.js; tests/e2e/profile-editor.spec.js"
"2.4.2","machine","silent_mode","string","204","false","","native-preset-pass-through","settings.printer",""
"2.4.2","machine","single_extruder_multi_material","array; string","377","true","Multimaterial","web-editable-partial","settings.printer","tests/unit/profile-settings.test.js; tests/e2e/profile-editor.spec.js"
"2.4.2","machine","support_air_filtration","array; string","145","true","Basic information","web-editable-partial","settings.printer","tests/unit/profile-settings.test.js; tests/e2e/profile-editor.spec.js"
"2.4.2","machine","support_box_temp_control","string","14","false","","native-preset-pass-through","settings.printer",""
"2.4.2","machine","support_chamber_temp_control","string","137","true","Basic information","web-editable-partial","settings.printer","tests/unit/profile-settings.test.js; tests/e2e/profile-editor.spec.js"
"2.4.2","machine","support_cooling_filter","string","1","false","","native-preset-pass-through","settings.printer",""
"2.4.2","machine","support_multi_bed_types","string","116","true","Basic information","web-editable-partial","settings.printer","tests/unit/profile-settings.test.js; tests/e2e/profile-editor.spec.js"
"2.4.2","machine","support_multi_filament","string","4","false","","native-preset-pass-through","settings.printer",""
"2.4.2","machine","support_object_skip_flush","string","5","false","","native-preset-pass-through","settings.printer",""
"2.4.2","machine","support_parallel_printheads","string","1","false","","native-preset-pass-through","settings.printer",""
"2.4.2","machine","support_wan_network","string","2","false","","native-preset-pass-through","settings.printer",""
"2.4.2","machine","template_custom_gcode","string","75","true","Machine G-code","web-editable-partial","settings.printer","tests/unit/profile-settings.test.js; tests/e2e/profile-editor.spec.js"
"2.4.2","machine","thumbnail_size","array","5","false","","native-preset-pass-through","settings.printer",""
"2.4.2","machine","thumbnails","array; string","333","true","Basic information","web-editable-partial","settings.printer","tests/unit/profile-settings.test.js; tests/e2e/profile-editor.spec.js"
"2.4.2","machine","thumbnails_format","string","158","false","","native-preset-pass-through","settings.printer",""
"2.4.2","machine","thumbnails_internal","string","9","false","","native-preset-pass-through","settings.printer",""
"2.4.2","machine","thumbnails_internal_switch","string","9","false","","native-preset-pass-through","settings.printer",""
"2.4.2","machine","time_cost","string","96","true","Basic information","web-editable-partial","settings.printer","tests/unit/profile-settings.test.js; tests/e2e/profile-editor.spec.js"
"2.4.2","machine","time_lapse_gcode","string","136","true","Machine G-code","web-editable-partial","settings.printer","tests/unit/profile-settings.test.js; tests/e2e/profile-editor.spec.js"
"2.4.2","machine","tool_change_temprature_wait","string","1","false","","native-preset-pass-through","settings.printer",""
"2.4.2","machine","toolchange_gcode","string","6","false","","native-preset-pass-through","settings.printer",""
"2.4.2","machine","travel_slope","array; string","77","true","Extruder","web-editable-partial","settings.printer","tests/unit/profile-settings.test.js; tests/e2e/profile-editor.spec.js"
"2.4.2","machine","upward_compatible_machine","array","148","false","","native-preset-pass-through","settings.printer",""
"2.4.2","machine","use_3mf","string","12","true","Basic information","web-editable-partial","settings.printer","tests/unit/profile-settings.test.js; tests/e2e/profile-editor.spec.js"
"2.4.2","machine","use_active_pellet_feeding","string","1","false","","native-preset-pass-through","settings.printer",""
"2.4.2","machine","use_extruder_rotation_volume","string","1","false","","native-preset-pass-through","settings.printer",""
"2.4.2","machine","use_firmware_retraction","string","119","true","Basic information","web-editable-partial","settings.printer","tests/unit/profile-settings.test.js; tests/e2e/profile-editor.spec.js"
"2.4.2","machine","use_relative_e_distances","string","125","true","Basic information","web-editable-partial","settings.printer","tests/unit/profile-settings.test.js; tests/e2e/profile-editor.spec.js"
"2.4.2","machine","wipe","array; string","339","true","Extruder","web-editable-partial","settings.printer","tests/unit/profile-settings.test.js; tests/e2e/profile-editor.spec.js"
"2.4.2","machine","wipe_distance","array; string","271","true","Extruder","web-editable-partial","settings.printer","tests/unit/profile-settings.test.js; tests/e2e/profile-editor.spec.js"
"2.4.2","machine","wipe_tower_type","string","5","true","Multimaterial","web-editable-partial","settings.printer","tests/unit/profile-settings.test.js; tests/e2e/profile-editor.spec.js"
"2.4.2","machine","wrapping_detection_gcode","string","4","true","Machine G-code","web-editable-partial","settings.printer","tests/unit/profile-settings.test.js; tests/e2e/profile-editor.spec.js"
"2.4.2","machine","wrapping_exclude_area","array","4","false","","native-preset-pass-through","settings.printer",""
"2.4.2","machine","z_hop","array; string","410","true","Extruder","web-editable-partial","settings.printer","tests/unit/profile-settings.test.js; tests/e2e/profile-editor.spec.js"
"2.4.2","machine","z_hop_types","array; string","247","true","Extruder","web-editable-partial","settings.printer","tests/unit/profile-settings.test.js; tests/e2e/profile-editor.spec.js"
"2.4.2","machine","z_hop_when_prime","array","1","false","","native-preset-pass-through","settings.printer",""
"2.4.2","machine","z_lift_type","string","18","false","","native-preset-pass-through","settings.printer",""
"2.4.2","machine","z_offset","string","98","true","Basic information","web-editable-partial","settings.printer","tests/unit/profile-settings.test.js; tests/e2e/profile-editor.spec.js"
"2.4.2","process","accel_to_decel","string","2","false","","native-preset-pass-through","settings.process",""
"2.4.2","process","accel_to_decel_enable","string","285","true","Speed","web-editable-partial","settings.speed","tests/unit/settings.test.js; tests/unit/presets.test.js"
"2.4.2","process","accel_to_decel_factor","string","252","true","Speed","web-editable-partial","settings.speed","tests/unit/settings.test.js; tests/unit/presets.test.js"
"2.4.2","process","acceleration_limit_mess","string","82","false","","native-preset-pass-through","settings.process",""
"2.4.2","process","acceleration_limit_mess_enable","string","114","false","","native-preset-pass-through","settings.process",""
"2.4.2","process","adaptive_layer_height","string","476","false","","native-preset-pass-through","settings.process",""
"2.4.2","process","ai_infill","string","86","false","","native-preset-pass-through","settings.process",""
"2.4.2","process","align_infill_direction_to_model","string","6","true","Strength","web-editable-partial","settings.strength","tests/unit/settings.test.js; tests/unit/presets.test.js"
"2.4.2","process","alternate_extra_wall","string","206","true","Strength","web-editable-partial","settings.strength","tests/unit/settings.test.js; tests/unit/presets.test.js"
"2.4.2","process","apply_top_surface_compensation","string","1","false","","native-preset-pass-through","settings.process",""
"2.4.2","process","avoid_crossing_wall_includes_support","string","1","false","","native-preset-pass-through","settings.process",""
"2.4.2","process","bottom_color_penetration_layers","string","33","false","","native-preset-pass-through","settings.process",""
"2.4.2","process","bottom_shell_layers","string","1554","true","Strength","web-editable-partial","settings.strength","tests/unit/settings.test.js; tests/unit/presets.test.js"
"2.4.2","process","bottom_shell_thickness","string","805","true","Strength","web-editable-partial","settings.strength","tests/unit/settings.test.js; tests/unit/presets.test.js"
"2.4.2","process","bottom_solid_infill_flow_ratio","string","268","true","Quality","web-editable-partial","settings.quality","tests/unit/settings.test.js; tests/unit/presets.test.js"
"2.4.2","process","bottom_surface_density","string","7","true","Strength","web-editable-partial","settings.strength","tests/unit/settings.test.js; tests/unit/presets.test.js"
"2.4.2","process","bottom_surface_filament_id","string","86","true","Multimaterial","web-editable-partial","multimaterial.category","tests/unit/settings.test.js; tests/unit/presets.test.js"
"2.4.2","process","bottom_surface_pattern","string","691","true","Strength","web-editable-partial","settings.strength","tests/unit/settings.test.js; tests/unit/presets.test.js"
"2.4.2","process","bridge_acceleration","array; string","523","true","Speed","web-editable-partial","settings.speed","tests/unit/settings.test.js; tests/unit/presets.test.js"
"2.4.2","process","bridge_angle","string","236","true","Strength","web-editable-partial","settings.strength","tests/unit/settings.test.js; tests/unit/presets.test.js"
"2.4.2","process","bridge_density","string","229","true","Quality","web-editable-partial","settings.quality","tests/unit/settings.test.js; tests/unit/presets.test.js"
"2.4.2","process","bridge_flow","string","1193","true","Quality","web-editable-partial","settings.quality","tests/unit/settings.test.js; tests/unit/presets.test.js"
"2.4.2","process","bridge_infill_acceleration","string","13","false","","native-preset-pass-through","settings.process",""
"2.4.2","process","bridge_no_support","string","704","true","Support","web-editable-partial","settings.support","tests/unit/settings.test.js; tests/unit/presets.test.js"
"2.4.2","process","bridge_speed","array; string","1236","true","Speed","web-editable-partial","settings.speed","tests/unit/settings.test.js; tests/unit/presets.test.js"
"2.4.2","process","brim_ears_detection_length","string","220","true","Others","web-editable-partial","settings.others","tests/unit/settings.test.js; tests/unit/presets.test.js"
"2.4.2","process","brim_ears_max_angle","string","222","true","Others","web-editable-partial","settings.others","tests/unit/settings.test.js; tests/unit/presets.test.js"
"2.4.2","process","brim_object_gap","string","746","true","Others","web-editable-partial","settings.others","tests/unit/settings.test.js; tests/unit/presets.test.js"
"2.4.2","process","brim_type","string","342","true","Others","web-editable-partial","settings.others","tests/unit/settings.test.js; tests/unit/presets.test.js"
"2.4.2","process","brim_use_efc_outline","string","5","true","Others","web-editable-partial","settings.others","tests/unit/settings.test.js; tests/unit/presets.test.js"
"2.4.2","process","brim_width","string","724","true","Others","web-editable-partial","settings.others","tests/unit/settings.test.js; tests/unit/presets.test.js"
"2.4.2","process","calib_flowrate_topinfill_special_order","string","5","false","","native-preset-pass-through","settings.process",""
"2.4.2","process","circle_compensation_manual_offset","string","2","false","","native-preset-pass-through","settings.process",""
"2.4.2","process","counterbore_hole_bridging","string","190","true","Quality","web-editable-partial","settings.quality","tests/unit/settings.test.js; tests/unit/presets.test.js"
"2.4.2","process","default_acceleration","array; string","1365","true","Speed","web-editable-partial","settings.speed","tests/unit/settings.test.js; tests/unit/presets.test.js"
"2.4.2","process","default_jerk","string","342","true","Speed","web-editable-partial","settings.speed","tests/unit/settings.test.js; tests/unit/presets.test.js"
"2.4.2","process","default_junction_deviation","string","5","true","Speed","web-editable-partial","settings.speed","tests/unit/settings.test.js; tests/unit/presets.test.js"
"2.4.2","process","detect_floating_vertical_shell","string","2","false","","native-preset-pass-through","settings.process",""
"2.4.2","process","detect_narrow_internal_solid_infill","string","230","true","Strength","web-editable-partial","settings.strength","tests/unit/settings.test.js; tests/unit/presets.test.js"
"2.4.2","process","detect_overhang_wall","string","730","true","Quality","web-editable-partial","settings.quality","tests/unit/settings.test.js; tests/unit/presets.test.js"
"2.4.2","process","detect_thin_wall","string","695","true","Strength","web-editable-partial","settings.strength","tests/unit/settings.test.js; tests/unit/presets.test.js"
"2.4.2","process","dont_filter_internal_bridges","string","184","true","Quality","web-editable-partial","settings.quality","tests/unit/settings.test.js; tests/unit/presets.test.js"
"2.4.2","process","draft_shield","string","652","true","Others","web-editable-partial","settings.others","tests/unit/settings.test.js; tests/unit/presets.test.js"
"2.4.2","process","elefant_foot_compensation","string","1339","true","Quality","web-editable-partial","settings.quality","tests/unit/settings.test.js; tests/unit/presets.test.js"
"2.4.2","process","elefant_foot_compensation_layers","string","232","true","Quality","web-editable-partial","settings.quality","tests/unit/settings.test.js; tests/unit/presets.test.js"
"2.4.2","process","embedding_wall_into_infill","string","1","false","","native-preset-pass-through","settings.process",""
"2.4.2","process","enable_arc_fitting","string","749","true","Quality","web-editable-partial","settings.quality","tests/unit/settings.test.js; tests/unit/presets.test.js"
"2.4.2","process","enable_circle_compensation","string","2","false","","native-preset-pass-through","settings.process",""
"2.4.2","process","enable_extra_bridge_layer","string","59","true","Quality","web-editable-partial","settings.quality","tests/unit/settings.test.js; tests/unit/presets.test.js"
"2.4.2","process","enable_height_slowdown","array","95","false","","native-preset-pass-through","settings.process",""
"2.4.2","process","enable_overhang_speed","array; string","363","true","Speed","web-editable-partial","settings.speed","tests/unit/settings.test.js; tests/unit/presets.test.js"
"2.4.2","process","enable_prime_tower","string","802","true","Multimaterial","web-editable-partial","multimaterial.category","tests/unit/settings.test.js; tests/unit/presets.test.js"
"2.4.2","process","enable_support","string","729","true","Support","web-editable-partial","settings.support","tests/unit/settings.test.js; tests/unit/presets.test.js"
"2.4.2","process","enable_support_ironing","string","2","false","","native-preset-pass-through","settings.process",""
"2.4.2","process","enable_tower_interface_cooldown_during_tower","string","6","true","Multimaterial","web-editable-partial","multimaterial.category","tests/unit/settings.test.js; tests/unit/presets.test.js"
"2.4.2","process","enable_tower_interface_features","string","24","true","Multimaterial","web-editable-partial","multimaterial.category","tests/unit/settings.test.js; tests/unit/presets.test.js"
"2.4.2","process","enable_wrapping_detection","string","8","true","Others","web-editable-partial","settings.others","tests/unit/settings.test.js; tests/unit/presets.test.js"
"2.4.2","process","end_gcode","string","48","false","","native-preset-pass-through","settings.process",""
"2.4.2","process","enforce_support_layers","string","233","false","","native-preset-pass-through","settings.process",""
"2.4.2","process","ensure_vertical_shell_thickness","string","233","true","Strength","web-editable-partial","settings.strength","tests/unit/settings.test.js; tests/unit/presets.test.js"
"2.4.2","process","exclude_object","string","388","true","Others","web-editable-partial","settings.others","tests/unit/settings.test.js; tests/unit/presets.test.js"
"2.4.2","process","extra_perimeters_on_overhangs","string","257","true","Quality","web-editable-partial","settings.quality","tests/unit/settings.test.js; tests/unit/presets.test.js"
"2.4.2","process","extra_solid_infills","string","5","true","Strength","web-editable-partial","settings.strength","tests/unit/settings.test.js; tests/unit/presets.test.js"
"2.4.2","process","extrusion_rate_smoothing_external_perimeter_only","string","47","true","Speed","web-editable-partial","settings.speed","tests/unit/settings.test.js; tests/unit/presets.test.js"
"2.4.2","process","filename_format","string","857","true","Others","web-editable-partial","settings.others","tests/unit/settings.test.js; tests/unit/presets.test.js"
"2.4.2","process","fill_multiline","string","6","true","Strength","web-editable-partial","settings.strength","tests/unit/settings.test.js; tests/unit/presets.test.js"
"2.4.2","process","filter_out_gap_fill","string","326","true","Strength","web-editable-partial","settings.strength","tests/unit/settings.test.js; tests/unit/presets.test.js"
"2.4.2","process","first_layer_flow_ratio","string","5","true","Quality","web-editable-partial","settings.quality","tests/unit/settings.test.js; tests/unit/presets.test.js"
"2.4.2","process","first_layer_jerk","string","1","false","","native-preset-pass-through","settings.process",""
"2.4.2","process","flush_into_infill","string","222","true","Multimaterial","web-editable-partial","multimaterial.category","tests/unit/settings.test.js; tests/unit/presets.test.js"
"2.4.2","process","flush_into_objects","string","222","true","Multimaterial","web-editable-partial","multimaterial.category","tests/unit/settings.test.js; tests/unit/presets.test.js"
"2.4.2","process","flush_into_support","string","265","true","Multimaterial","web-editable-partial","multimaterial.category","tests/unit/settings.test.js; tests/unit/presets.test.js"
"2.4.2","process","fuzzy_skin","string","223","true","Others","web-editable-partial","settings.others","tests/unit/settings.test.js; tests/unit/presets.test.js"
"2.4.2","process","fuzzy_skin_first_layer","string","210","true","Others","web-editable-partial","settings.others","tests/unit/settings.test.js; tests/unit/presets.test.js"
"2.4.2","process","fuzzy_skin_mode","string","5","true","Others","web-editable-partial","settings.others","tests/unit/settings.test.js; tests/unit/presets.test.js"
"2.4.2","process","fuzzy_skin_noise_type","string","47","true","Others","web-editable-partial","settings.others","tests/unit/settings.test.js; tests/unit/presets.test.js"
"2.4.2","process","fuzzy_skin_octaves","string","47","true","Others","web-editable-partial","settings.others","tests/unit/settings.test.js; tests/unit/presets.test.js"
"2.4.2","process","fuzzy_skin_persistence","string","47","true","Others","web-editable-partial","settings.others","tests/unit/settings.test.js; tests/unit/presets.test.js"
"2.4.2","process","fuzzy_skin_point_distance","string","224","true","Others","web-editable-partial","settings.others","tests/unit/settings.test.js; tests/unit/presets.test.js"
"2.4.2","process","fuzzy_skin_scale","string","47","true","Others","web-editable-partial","settings.others","tests/unit/settings.test.js; tests/unit/presets.test.js"
"2.4.2","process","fuzzy_skin_thickness","string","224","true","Others","web-editable-partial","settings.others","tests/unit/settings.test.js; tests/unit/presets.test.js"
"2.4.2","process","gap_fill_enabled","string","1","false","","native-preset-pass-through","settings.process",""
"2.4.2","process","gap_fill_flow_ratio","string","5","true","Quality","web-editable-partial","settings.quality","tests/unit/settings.test.js; tests/unit/presets.test.js"
"2.4.2","process","gap_fill_target","string","268","true","Strength","web-editable-partial","settings.strength","tests/unit/settings.test.js; tests/unit/presets.test.js"
"2.4.2","process","gap_infill_speed","array; string","1435","true","Speed","web-editable-partial","settings.speed","tests/unit/settings.test.js; tests/unit/presets.test.js"
"2.4.2","process","gcode_add_line_number","string","223","true","Others","web-editable-partial","settings.others","tests/unit/settings.test.js; tests/unit/presets.test.js"
"2.4.2","process","gcode_comments","string","225","true","Others","web-editable-partial","settings.others","tests/unit/settings.test.js; tests/unit/presets.test.js"
"2.4.2","process","gcode_label_objects","string","324","true","Others","web-editable-partial","settings.others","tests/unit/settings.test.js; tests/unit/presets.test.js"
"2.4.2","process","hole_to_polyhole","string","213","true","Quality","web-editable-partial","settings.quality","tests/unit/settings.test.js; tests/unit/presets.test.js"
"2.4.2","process","hole_to_polyhole_threshold","string","213","true","Quality","web-editable-partial","settings.quality","tests/unit/settings.test.js; tests/unit/presets.test.js"
"2.4.2","process","hole_to_polyhole_twisted","string","213","true","Quality","web-editable-partial","settings.quality","tests/unit/settings.test.js; tests/unit/presets.test.js"
"2.4.2","process","independent_support_layer_height","string","231","true","Support","web-editable-partial","settings.support","tests/unit/settings.test.js; tests/unit/presets.test.js"
"2.4.2","process","ineternal_bridge_speed","string","1","false","","native-preset-pass-through","settings.process",""
"2.4.2","process","infill_anchor","string","350","true","Strength","web-editable-partial","settings.strength","tests/unit/settings.test.js; tests/unit/presets.test.js"
"2.4.2","process","infill_anchor_max","string","318","true","Strength","web-editable-partial","settings.strength","tests/unit/settings.test.js; tests/unit/presets.test.js"
"2.4.2","process","infill_combination","string","747","true","Strength","web-editable-partial","settings.strength","tests/unit/settings.test.js; tests/unit/presets.test.js"
"2.4.2","process","infill_combination_max_layer_height","string","59","true","Strength","web-editable-partial","settings.strength","tests/unit/settings.test.js; tests/unit/presets.test.js"
"2.4.2","process","infill_direction","string","706","true","Strength","web-editable-partial","settings.strength","tests/unit/settings.test.js; tests/unit/presets.test.js"
"2.4.2","process","infill_instead_top_bottom_surfaces","string","1","false","","native-preset-pass-through","settings.process",""
"2.4.2","process","infill_jerk","string","341","true","Speed","web-editable-partial","settings.speed","tests/unit/settings.test.js; tests/unit/presets.test.js"
"2.4.2","process","infill_layer_acceleration","string","2","false","","native-preset-pass-through","settings.process",""
"2.4.2","process","infill_lock_depth","string","7","true","Strength","web-editable-partial","settings.strength","tests/unit/settings.test.js; tests/unit/presets.test.js"
"2.4.2","process","infill_overhang_angle","string","5","true","Strength","web-editable-partial","settings.strength","tests/unit/settings.test.js; tests/unit/presets.test.js"
"2.4.2","process","infill_rotate_step","string","2","false","","native-preset-pass-through","settings.process",""
"2.4.2","process","infill_shift_step","string","7","true","Strength","web-editable-partial","settings.strength","tests/unit/settings.test.js; tests/unit/presets.test.js"
"2.4.2","process","infill_wall_overlap","string","930","true","Strength","web-editable-partial","settings.strength","tests/unit/settings.test.js; tests/unit/presets.test.js"
"2.4.2","process","inital_layer_height","string","102","false","","native-preset-pass-through","settings.process",""
"2.4.2","process","inital_travel_speed","string","3","false","","native-preset-pass-through","settings.process",""
"2.4.2","process","initial_layer_acceleration","array; string","1011","true","Speed","web-editable-partial","settings.speed","tests/unit/settings.test.js; tests/unit/presets.test.js"
"2.4.2","process","initial_layer_infill_speed","array; string","1532","true","Speed","web-editable-partial","settings.speed","tests/unit/settings.test.js; tests/unit/presets.test.js"
"2.4.2","process","initial_layer_jerk","string","339","true","Speed","web-editable-partial","settings.speed","tests/unit/settings.test.js; tests/unit/presets.test.js"
"2.4.2","process","initial_layer_line_width","string","1348","true","Quality","web-editable-partial","settings.quality","tests/unit/settings.test.js; tests/unit/presets.test.js"
"2.4.2","process","initial_layer_min_bead_width","string","228","true","Quality","web-editable-partial","settings.quality","tests/unit/settings.test.js; tests/unit/presets.test.js"
"2.4.2","process","initial_layer_print_height","string","1391","true","Quality","web-editable-partial","settings.quality","tests/unit/settings.test.js; tests/unit/presets.test.js"
"2.4.2","process","initial_layer_speed","array; string","1623","true","Speed","web-editable-partial","settings.speed","tests/unit/settings.test.js; tests/unit/presets.test.js"
"2.4.2","process","initial_layer_travel_acceleration","array; string","96","true","Speed","web-editable-partial","settings.speed","tests/unit/settings.test.js; tests/unit/presets.test.js"
"2.4.2","process","initial_layer_travel_speed","string","375","true","Speed","web-editable-partial","settings.speed","tests/unit/settings.test.js; tests/unit/presets.test.js"
"2.4.2","process","initial_solid_infill_acceleration","string","4","false","","native-preset-pass-through","settings.process",""
"2.4.2","process","initial_travel_speed","string","13","false","","native-preset-pass-through","settings.process",""
"2.4.2","process","inner_wall_acceleration","array; string","1206","true","Speed","web-editable-partial","settings.speed","tests/unit/settings.test.js; tests/unit/presets.test.js"
"2.4.2","process","inner_wall_filament_id","string","85","true","Multimaterial","web-editable-partial","multimaterial.category","tests/unit/settings.test.js; tests/unit/presets.test.js"
"2.4.2","process","inner_wall_flow_ratio","string","5","true","Quality","web-editable-partial","settings.quality","tests/unit/settings.test.js; tests/unit/presets.test.js"
"2.4.2","process","inner_wall_jerk","string","340","true","Speed","web-editable-partial","settings.speed","tests/unit/settings.test.js; tests/unit/presets.test.js"
"2.4.2","process","inner_wall_line_width","string","1349","true","Quality","web-editable-partial","settings.quality","tests/unit/settings.test.js; tests/unit/presets.test.js"
"2.4.2","process","inner_wall_speed","array; string","1530","true","Speed","web-editable-partial","settings.speed","tests/unit/settings.test.js; tests/unit/presets.test.js"
"2.4.2","process","interface_shells","string","682","true","Multimaterial","web-editable-partial","multimaterial.category","tests/unit/settings.test.js; tests/unit/presets.test.js"
"2.4.2","process","interlocking_beam","string","59","true","Multimaterial","web-editable-partial","multimaterial.category","tests/unit/settings.test.js; tests/unit/presets.test.js"
"2.4.2","process","interlocking_beam_layer_count","string","57","true","Multimaterial","web-editable-partial","multimaterial.category","tests/unit/settings.test.js; tests/unit/presets.test.js"
"2.4.2","process","interlocking_beam_width","string","59","true","Multimaterial","web-editable-partial","multimaterial.category","tests/unit/settings.test.js; tests/unit/presets.test.js"
"2.4.2","process","interlocking_boundary_avoidance","string","57","true","Multimaterial","web-editable-partial","multimaterial.category","tests/unit/settings.test.js; tests/unit/presets.test.js"
"2.4.2","process","interlocking_depth","string","57","true","Multimaterial","web-editable-partial","multimaterial.category","tests/unit/settings.test.js; tests/unit/presets.test.js"
"2.4.2","process","interlocking_orientation","string","57","true","Multimaterial","web-editable-partial","multimaterial.category","tests/unit/settings.test.js; tests/unit/presets.test.js"
"2.4.2","process","internal_bridge_angle","string","48","true","Strength","web-editable-partial","settings.strength","tests/unit/settings.test.js; tests/unit/presets.test.js"
"2.4.2","process","internal_bridge_density","string","49","true","Quality","web-editable-partial","settings.quality","tests/unit/settings.test.js; tests/unit/presets.test.js"
"2.4.2","process","internal_bridge_flow","string","247","true","Quality","web-editable-partial","settings.quality","tests/unit/settings.test.js; tests/unit/presets.test.js"
"2.4.2","process","internal_bridge_speed","string","466","true","Speed","web-editable-partial","settings.speed","tests/unit/settings.test.js; tests/unit/presets.test.js"
"2.4.2","process","internal_bridge_support_thickness","string","98","false","","native-preset-pass-through","settings.process",""
"2.4.2","process","internal_solid_filament_id","string","86","true","Multimaterial","web-editable-partial","multimaterial.category","tests/unit/settings.test.js; tests/unit/presets.test.js"
"2.4.2","process","internal_solid_infill_acceleration","array; string","606","true","Speed","web-editable-partial","settings.speed","tests/unit/settings.test.js; tests/unit/presets.test.js"
"2.4.2","process","internal_solid_infill_flow_ratio","string","5","true","Quality","web-editable-partial","settings.quality","tests/unit/settings.test.js; tests/unit/presets.test.js"
"2.4.2","process","internal_solid_infill_line_width","string","1414","true","Quality","web-editable-partial","settings.quality","tests/unit/settings.test.js; tests/unit/presets.test.js"
"2.4.2","process","internal_solid_infill_pattern","string","236","true","Strength","web-editable-partial","settings.strength","tests/unit/settings.test.js; tests/unit/presets.test.js"
"2.4.2","process","internal_solid_infill_speed","array; string","1515","true","Speed","web-editable-partial","settings.speed","tests/unit/settings.test.js; tests/unit/presets.test.js"
"2.4.2","process","ironing_angle","string","213","true","Quality","web-editable-partial","settings.quality","tests/unit/settings.test.js; tests/unit/presets.test.js"
"2.4.2","process","ironing_angle_fixed","string","5","true","Quality","web-editable-partial","settings.quality","tests/unit/settings.test.js; tests/unit/presets.test.js"
"2.4.2","process","ironing_flow","string","692","true","Quality","web-editable-partial","settings.quality","tests/unit/settings.test.js; tests/unit/presets.test.js"
"2.4.2","process","ironing_inset","string","187","true","Quality","web-editable-partial","settings.quality","tests/unit/settings.test.js; tests/unit/presets.test.js"
"2.4.2","process","ironing_pattern","string","224","true","Quality","web-editable-partial","settings.quality","tests/unit/settings.test.js; tests/unit/presets.test.js"
"2.4.2","process","ironing_spacing","string","676","true","Quality","web-editable-partial","settings.quality","tests/unit/settings.test.js; tests/unit/presets.test.js"
"2.4.2","process","ironing_speed","string","688","true","Speed","web-editable-partial","settings.speed","tests/unit/settings.test.js; tests/unit/presets.test.js"
"2.4.2","process","ironing_support_layer","string","112","false","","native-preset-pass-through","settings.process",""
"2.4.2","process","ironing_type","string","666","true","Quality","web-editable-partial","settings.quality","tests/unit/settings.test.js; tests/unit/presets.test.js"
"2.4.2","process","is_custom_defined","string","2","false","","native-preset-pass-through","settings.process",""
"2.4.2","process","is_infill_first","string","225","true","Quality","web-editable-partial","settings.quality","tests/unit/settings.test.js; tests/unit/presets.test.js"
"2.4.2","process","lateral_lattice_angle_1","string","5","true","Strength","web-editable-partial","settings.strength","tests/unit/settings.test.js; tests/unit/presets.test.js"
"2.4.2","process","lateral_lattice_angle_2","string","5","true","Strength","web-editable-partial","settings.strength","tests/unit/settings.test.js; tests/unit/presets.test.js"
"2.4.2","process","lattice_angle_1","string","42","false","","native-preset-pass-through","settings.process",""
"2.4.2","process","lattice_angle_2","string","42","false","","native-preset-pass-through","settings.process",""
"2.4.2","process","layer_height","string","2138","true","Quality","web-editable-partial","settings.quality","tests/unit/settings.test.js; tests/unit/presets.test.js"
"2.4.2","process","layer_heigth","string","1","false","","native-preset-pass-through","settings.process",""
"2.4.2","process","layer_time_smoothing","string","1","false","","native-preset-pass-through","settings.process",""
"2.4.2","process","layer_time_smoothing_threshold","string","1","false","","native-preset-pass-through","settings.process",""
"2.4.2","process","line_width","string","1400","true","Quality","web-editable-partial","settings.quality","tests/unit/settings.test.js; tests/unit/presets.test.js"
"2.4.2","process","locked_skeleton_infill_pattern","string","2","false","","native-preset-pass-through","settings.process",""
"2.4.2","process","locked_skin_infill_pattern","string","2","false","","native-preset-pass-through","settings.process",""
"2.4.2","process","machine_prepare_compensation_time","string","1","false","","native-preset-pass-through","settings.process",""
"2.4.2","process","make_overhang_printable","string","220","true","Quality","web-editable-partial","settings.quality","tests/unit/settings.test.js; tests/unit/presets.test.js"
"2.4.2","process","make_overhang_printable_angle","string","223","true","Quality","web-editable-partial","settings.quality","tests/unit/settings.test.js; tests/unit/presets.test.js"
"2.4.2","process","make_overhang_printable_hole_size","string","220","true","Quality","web-editable-partial","settings.quality","tests/unit/settings.test.js; tests/unit/presets.test.js"
"2.4.2","process","material_flow_dependent_temperature","string","53","false","","native-preset-pass-through","settings.process",""
"2.4.2","process","material_flow_temp_graph","string","53","false","","native-preset-pass-through","settings.process",""
"2.4.2","process","max_bridge_length","string","229","true","Support","web-editable-partial","settings.support","tests/unit/settings.test.js; tests/unit/presets.test.js"
"2.4.2","process","max_travel_detour_distance","string","689","true","Quality","web-editable-partial","settings.quality","tests/unit/settings.test.js; tests/unit/presets.test.js"
"2.4.2","process","max_volumetric_extrusion_rate_slope","string","213","true","Speed","web-editable-partial","settings.speed","tests/unit/settings.test.js; tests/unit/presets.test.js"
"2.4.2","process","max_volumetric_extrusion_rate_slope_segment_length","string","213","true","Speed","web-editable-partial","settings.speed","tests/unit/settings.test.js; tests/unit/presets.test.js"
"2.4.2","process","min_bead_width","string","242","true","Quality","web-editable-partial","settings.quality","tests/unit/settings.test.js; tests/unit/presets.test.js"
"2.4.2","process","min_feature_size","string","235","true","Quality","web-editable-partial","settings.quality","tests/unit/settings.test.js; tests/unit/presets.test.js"
"2.4.2","process","min_length_factor","string","185","true","Quality","web-editable-partial","settings.quality","tests/unit/settings.test.js; tests/unit/presets.test.js"
"2.4.2","process","min_skirt_length","string","79","true","Others","web-editable-partial","settings.others","tests/unit/settings.test.js; tests/unit/presets.test.js"
"2.4.2","process","min_width_top_surface","string","260","true","Quality","web-editable-partial","settings.quality","tests/unit/settings.test.js; tests/unit/presets.test.js"
"2.4.2","process","minimum_sparse_infill_area","string","721","true","Strength","web-editable-partial","settings.strength","tests/unit/settings.test.js; tests/unit/presets.test.js"
"2.4.2","process","minimum_sparse_infill_threshold","string","8","false","","native-preset-pass-through","settings.process",""
"2.4.2","process","minimum_support_area","string","112","false","","native-preset-pass-through","settings.process",""
"2.4.2","process","mmu_segmented_region_interlocking_depth","string","210","true","Multimaterial","web-editable-partial","multimaterial.category","tests/unit/settings.test.js; tests/unit/presets.test.js"
"2.4.2","process","mmu_segmented_region_max_width","string","210","true","Multimaterial","web-editable-partial","multimaterial.category","tests/unit/settings.test.js; tests/unit/presets.test.js"
"2.4.2","process","notes","array; string","113","true","Others","web-editable-partial","settings.others","tests/unit/settings.test.js; tests/unit/presets.test.js"
"2.4.2","process","only_one_wall_first_layer","string","238","true","Quality","web-editable-partial","settings.quality","tests/unit/settings.test.js; tests/unit/presets.test.js"
"2.4.2","process","only_one_wall_top","string","405","true","Quality","web-editable-partial","settings.quality","tests/unit/settings.test.js; tests/unit/presets.test.js"
"2.4.2","process","ooze_prevention","string","306","true","Multimaterial","web-editable-partial","multimaterial.category","tests/unit/settings.test.js; tests/unit/presets.test.js"
"2.4.2","process","outer_wall_acceleration","array; string","1049","true","Speed","web-editable-partial","settings.speed","tests/unit/settings.test.js; tests/unit/presets.test.js"
"2.4.2","process","outer_wall_filament_id","string","85","true","Multimaterial","web-editable-partial","multimaterial.category","tests/unit/settings.test.js; tests/unit/presets.test.js"
"2.4.2","process","outer_wall_flow_ratio","string","5","true","Quality","web-editable-partial","settings.quality","tests/unit/settings.test.js; tests/unit/presets.test.js"
"2.4.2","process","outer_wall_jerk","string","342","true","Speed","web-editable-partial","settings.speed","tests/unit/settings.test.js; tests/unit/presets.test.js"
"2.4.2","process","outer_wall_line_width","string","1402","true","Quality","web-editable-partial","settings.quality","tests/unit/settings.test.js; tests/unit/presets.test.js"
"2.4.2","process","outer_wall_speed","array; string","1529","true","Speed","web-editable-partial","settings.speed","tests/unit/settings.test.js; tests/unit/presets.test.js"
"2.4.2","process","overhang_1_4_speed","array; string","1043","true","Speed","web-editable-partial","settings.speed","tests/unit/settings.test.js; tests/unit/presets.test.js"
"2.4.2","process","overhang_2_4_speed","array; string","1108","true","Speed","web-editable-partial","settings.speed","tests/unit/settings.test.js; tests/unit/presets.test.js"
"2.4.2","process","overhang_3_4_speed","array; string","1250","true","Speed","web-editable-partial","settings.speed","tests/unit/settings.test.js; tests/unit/presets.test.js"
"2.4.2","process","overhang_4_4_speed","array; string","1005","true","Speed","web-editable-partial","settings.speed","tests/unit/settings.test.js; tests/unit/presets.test.js"
"2.4.2","process","overhang_flow_ratio","string","5","true","Quality","web-editable-partial","settings.quality","tests/unit/settings.test.js; tests/unit/presets.test.js"
"2.4.2","process","overhang_reverse","string","222","true","Quality","web-editable-partial","settings.quality","tests/unit/settings.test.js; tests/unit/presets.test.js"
"2.4.2","process","overhang_reverse_internal_only","string","217","true","Quality","web-editable-partial","settings.quality","tests/unit/settings.test.js; tests/unit/presets.test.js"
"2.4.2","process","overhang_reverse_threshold","string","220","true","Quality","web-editable-partial","settings.quality","tests/unit/settings.test.js; tests/unit/presets.test.js"
"2.4.2","process","overhang_speed_classic","string","260","false","","native-preset-pass-through","settings.process",""
"2.4.2","process","overhang_totally_speed","array; string","393","false","","native-preset-pass-through","settings.process",""
"2.4.2","process","override_filament_scarf_seam_setting","string","2","false","","native-preset-pass-through","settings.process",""
"2.4.2","process","percise_outer_wall","string","1","false","","native-preset-pass-through","settings.process",""
"2.4.2","process","percise_z_height","string","1","false","","native-preset-pass-through","settings.process",""
"2.4.2","process","post_process","array; string","153","true","Others","web-editable-partial","settings.others","tests/unit/settings.test.js; tests/unit/presets.test.js"
"2.4.2","process","pre_start_fan_time","array","1","false","","native-preset-pass-through","settings.process",""
"2.4.2","process","precise_outer_wall","string","317","true","Quality","web-editable-partial","settings.quality","tests/unit/settings.test.js; tests/unit/presets.test.js"
"2.4.2","process","precise_z_height","string","87","true","Quality","web-editable-partial","settings.quality","tests/unit/settings.test.js; tests/unit/presets.test.js"
"2.4.2","process","preheat_steps","string","64","true","Multimaterial","web-editable-partial","multimaterial.category","tests/unit/settings.test.js; tests/unit/presets.test.js"
"2.4.2","process","preheat_time","string","105","true","Multimaterial","web-editable-partial","multimaterial.category","tests/unit/settings.test.js; tests/unit/presets.test.js"
"2.4.2","process","prime_tower_brim_width","string","415","true","Multimaterial","web-editable-partial","multimaterial.category","tests/unit/settings.test.js; tests/unit/presets.test.js"
"2.4.2","process","prime_tower_enable_framework","string","7","true","Multimaterial","web-editable-partial","multimaterial.category","tests/unit/settings.test.js; tests/unit/presets.test.js"
"2.4.2","process","prime_tower_enhance_type","string","87","false","","native-preset-pass-through","settings.process",""
"2.4.2","process","prime_tower_extra_rib_length","string","15","false","","native-preset-pass-through","settings.process",""
"2.4.2","process","prime_tower_fillet_wall","string","15","false","","native-preset-pass-through","settings.process",""
"2.4.2","process","prime_tower_flat_ironing","string","39","false","","native-preset-pass-through","settings.process",""
"2.4.2","process","prime_tower_infill_gap","string","20","true","Multimaterial","web-editable-partial","multimaterial.category","tests/unit/settings.test.js; tests/unit/presets.test.js"
"2.4.2","process","prime_tower_lift_height","string","2","false","","native-preset-pass-through","settings.process",""
"2.4.2","process","prime_tower_lift_speed","string","2","false","","native-preset-pass-through","settings.process",""
"2.4.2","process","prime_tower_max_speed","string","17","false","","native-preset-pass-through","settings.process",""
"2.4.2","process","prime_tower_rib_wall","string","15","false","","native-preset-pass-through","settings.process",""
"2.4.2","process","prime_tower_rib_width","string","15","false","","native-preset-pass-through","settings.process",""
"2.4.2","process","prime_tower_skip_points","string","20","true","Multimaterial","web-editable-partial","multimaterial.category","tests/unit/settings.test.js; tests/unit/presets.test.js"
"2.4.2","process","prime_tower_width","string","881","true","Multimaterial","web-editable-partial","multimaterial.category","tests/unit/settings.test.js; tests/unit/presets.test.js"
"2.4.2","process","prime_volume","string","327","true","Multimaterial","web-editable-partial","multimaterial.category","tests/unit/settings.test.js; tests/unit/presets.test.js"
"2.4.2","process","print_extruder_id","array","111","false","","native-preset-pass-through","settings.process",""
"2.4.2","process","print_extruder_variant","array","127","false","","native-preset-pass-through","settings.process",""
"2.4.2","process","print_flow_ratio","string","233","true","Quality","web-editable-partial","settings.quality","tests/unit/settings.test.js; tests/unit/presets.test.js"
"2.4.2","process","print_order","string","183","true","Others","web-editable-partial","settings.others","tests/unit/settings.test.js; tests/unit/presets.test.js"
"2.4.2","process","print_sequence","string","671","true","Others","web-editable-partial","settings.others","tests/unit/settings.test.js; tests/unit/presets.test.js"
"2.4.2","process","raft_contact_distance","string","341","true","Support","web-editable-partial","settings.support","tests/unit/settings.test.js; tests/unit/presets.test.js"
"2.4.2","process","raft_expansion","string","234","false","","native-preset-pass-through","settings.process",""
"2.4.2","process","raft_first_layer_density","string","329","true","Support","web-editable-partial","settings.support","tests/unit/settings.test.js; tests/unit/presets.test.js"
"2.4.2","process","raft_first_layer_expansion","string","319","true","Support","web-editable-partial","settings.support","tests/unit/settings.test.js; tests/unit/presets.test.js"
"2.4.2","process","raft_layers","string","680","true","Support","web-editable-partial","settings.support","tests/unit/settings.test.js; tests/unit/presets.test.js"
"2.4.2","process","reduce_crossing_wall","string","701","true","Quality","web-editable-partial","settings.quality","tests/unit/settings.test.js; tests/unit/presets.test.js"
"2.4.2","process","reduce_infill_retraction","string","726","true","Others","web-editable-partial","settings.others","tests/unit/settings.test.js; tests/unit/presets.test.js"
"2.4.2","process","renamed_from","string","140","false","","native-preset-pass-through","settings.process",""
"2.4.2","process","resolution","string","779","true","Quality","web-editable-partial","settings.quality","tests/unit/settings.test.js; tests/unit/presets.test.js"
"2.4.2","process","role_based_wipe_speed","string","255","true","Quality","web-editable-partial","settings.quality","tests/unit/settings.test.js; tests/unit/presets.test.js"
"2.4.2","process","rotate_solid_infill_direction","string","77","false","","native-preset-pass-through","settings.process",""
"2.4.2","process","scarf_angle_threshold","string","189","true","Quality","web-editable-partial","settings.quality","tests/unit/settings.test.js; tests/unit/presets.test.js"
"2.4.2","process","scarf_joint_flow_ratio","string","184","true","Quality","web-editable-partial","settings.quality","tests/unit/settings.test.js; tests/unit/presets.test.js"
"2.4.2","process","scarf_joint_speed","string","184","true","Quality","web-editable-partial","settings.quality","tests/unit/settings.test.js; tests/unit/presets.test.js"
"2.4.2","process","scarf_overhang_threshold","string","184","true","Quality","web-editable-partial","settings.quality","tests/unit/settings.test.js; tests/unit/presets.test.js"
"2.4.2","process","seam_gap","string","353","true","Quality","web-editable-partial","settings.quality","tests/unit/settings.test.js; tests/unit/presets.test.js"
"2.4.2","process","seam_placement_away_from_overhangs","string","2","false","","native-preset-pass-through","settings.process",""
"2.4.2","process","seam_position","string","738","true","Quality","web-editable-partial","settings.quality","tests/unit/settings.test.js; tests/unit/presets.test.js"
"2.4.2","process","seam_slope_conditional","string","226","true","Quality","web-editable-partial","settings.quality","tests/unit/settings.test.js; tests/unit/presets.test.js"
"2.4.2","process","seam_slope_entire_loop","string","216","true","Quality","web-editable-partial","settings.quality","tests/unit/settings.test.js; tests/unit/presets.test.js"
"2.4.2","process","seam_slope_gap","string","2","false","","native-preset-pass-through","settings.process",""
"2.4.2","process","seam_slope_inner_walls","string","226","true","Quality","web-editable-partial","settings.quality","tests/unit/settings.test.js; tests/unit/presets.test.js"
"2.4.2","process","seam_slope_min_length","string","188","true","Quality","web-editable-partial","settings.quality","tests/unit/settings.test.js; tests/unit/presets.test.js"
"2.4.2","process","seam_slope_start_height","string","187","true","Quality","web-editable-partial","settings.quality","tests/unit/settings.test.js; tests/unit/presets.test.js"
"2.4.2","process","seam_slope_steps","string","184","true","Quality","web-editable-partial","settings.quality","tests/unit/settings.test.js; tests/unit/presets.test.js"
"2.4.2","process","seam_slope_type","string","183","true","Quality","web-editable-partial","settings.quality","tests/unit/settings.test.js; tests/unit/presets.test.js"
"2.4.2","process","set_other_flow_ratios","string","5","true","Quality","web-editable-partial","settings.quality","tests/unit/settings.test.js; tests/unit/presets.test.js"
"2.4.2","process","single_extruder_multi_material_priming","string","223","true","Multimaterial","web-editable-partial","multimaterial.category","tests/unit/settings.test.js; tests/unit/presets.test.js"
"2.4.2","process","single_loop_draft_shield","string","48","true","Others","web-editable-partial","settings.others","tests/unit/settings.test.js; tests/unit/presets.test.js"
"2.4.2","process","skeleton_infill_density","string","15","true","Strength","web-editable-partial","settings.strength","tests/unit/settings.test.js; tests/unit/presets.test.js"
"2.4.2","process","skeleton_infill_line_width","string","64","true","Strength","web-editable-partial","settings.strength","tests/unit/settings.test.js; tests/unit/presets.test.js"
"2.4.2","process","skin_infill_density","string","15","true","Strength","web-editable-partial","settings.strength","tests/unit/settings.test.js; tests/unit/presets.test.js"
"2.4.2","process","skin_infill_depth","string","8","true","Strength","web-editable-partial","settings.strength","tests/unit/settings.test.js; tests/unit/presets.test.js"
"2.4.2","process","skin_infill_line_width","string","65","true","Strength","web-editable-partial","settings.strength","tests/unit/settings.test.js; tests/unit/presets.test.js"
"2.4.2","process","skirt_distance","string","735","true","Others","web-editable-partial","settings.others","tests/unit/settings.test.js; tests/unit/presets.test.js"
"2.4.2","process","skirt_height","string","730","true","Others","web-editable-partial","settings.others","tests/unit/settings.test.js; tests/unit/presets.test.js"
"2.4.2","process","skirt_loops","string","790","true","Others","web-editable-partial","settings.others","tests/unit/settings.test.js; tests/unit/presets.test.js"
"2.4.2","process","skirt_speed","string","380","true","Others","web-editable-partial","settings.others","tests/unit/settings.test.js; tests/unit/presets.test.js"
"2.4.2","process","skirt_start_angle","string","59","true","Others","web-editable-partial","settings.others","tests/unit/settings.test.js; tests/unit/presets.test.js"
"2.4.2","process","skirt_type","string","57","true","Others","web-editable-partial","settings.others","tests/unit/settings.test.js; tests/unit/presets.test.js"
"2.4.2","process","slice_closing_radius","string","235","true","Quality","web-editable-partial","settings.quality","tests/unit/settings.test.js; tests/unit/presets.test.js"
"2.4.2","process","slicing_mode","string","223","true","Others","web-editable-partial","settings.others","tests/unit/settings.test.js; tests/unit/presets.test.js"
"2.4.2","process","slow_down_curled_perimeters","string","1","false","","native-preset-pass-through","settings.process",""
"2.4.2","process","slow_down_layers","string","338","true","Speed","web-editable-partial","settings.speed","tests/unit/settings.test.js; tests/unit/presets.test.js"
"2.4.2","process","slow_layers_count","string","13","false","","native-preset-pass-through","settings.process",""
"2.4.2","process","slowdown_end_acc","array","95","false","","native-preset-pass-through","settings.process",""
"2.4.2","process","slowdown_end_height","array","95","false","","native-preset-pass-through","settings.process",""
"2.4.2","process","slowdown_end_speed","array","95","false","","native-preset-pass-through","settings.process",""
"2.4.2","process","slowdown_for_curled_perimeters","string","344","true","Speed","web-editable-partial","settings.speed","tests/unit/settings.test.js; tests/unit/presets.test.js"
"2.4.2","process","slowdown_start_acc","array","95","false","","native-preset-pass-through","settings.process",""
"2.4.2","process","slowdown_start_height","array","95","false","","native-preset-pass-through","settings.process",""
"2.4.2","process","slowdown_start_speed","array","95","false","","native-preset-pass-through","settings.process",""
"2.4.2","process","small_area_infill_flow_compensation","string","182","true","Quality","web-editable-partial","settings.quality","tests/unit/settings.test.js; tests/unit/presets.test.js"
"2.4.2","process","small_area_infill_flow_compensation_model","array; string","182","true","Quality","web-editable-partial","settings.quality","tests/unit/settings.test.js; tests/unit/presets.test.js"
"2.4.2","process","small_perimeter_speed","array; string","638","true","Speed","web-editable-partial","settings.speed","tests/unit/settings.test.js; tests/unit/presets.test.js"
"2.4.2","process","small_perimeter_threshold","array; string","372","true","Speed","web-editable-partial","settings.speed","tests/unit/settings.test.js; tests/unit/presets.test.js"
"2.4.2","process","smooth_coefficient","string","313","false","","native-preset-pass-through","settings.process",""
"2.4.2","process","smooth_speed_discontinuity_area","string","57","false","","native-preset-pass-through","settings.process",""
"2.4.2","process","solid_infill_direction","string","86","true","Strength","web-editable-partial","settings.strength","tests/unit/settings.test.js; tests/unit/presets.test.js"
"2.4.2","process","solid_infill_filament","string","141","false","","native-preset-pass-through","settings.process",""
"2.4.2","process","solid_infill_rotate_template","string","7","true","Strength","web-editable-partial","settings.strength","tests/unit/settings.test.js; tests/unit/presets.test.js"
"2.4.2","process","sparse_infill_acceleration","array; string","684","true","Speed","web-editable-partial","settings.speed","tests/unit/settings.test.js; tests/unit/presets.test.js"
"2.4.2","process","sparse_infill_anchor","string","2","false","","native-preset-pass-through","settings.process",""
"2.4.2","process","sparse_infill_density","string","916","true","Strength","web-editable-partial","settings.strength","tests/unit/settings.test.js; tests/unit/presets.test.js"
"2.4.2","process","sparse_infill_filament","string","141","false","","native-preset-pass-through","settings.process",""
"2.4.2","process","sparse_infill_filament_id","string","86","true","Multimaterial","web-editable-partial","multimaterial.category","tests/unit/settings.test.js; tests/unit/presets.test.js"
"2.4.2","process","sparse_infill_flow_ratio","string","5","true","Quality","web-editable-partial","settings.quality","tests/unit/settings.test.js; tests/unit/presets.test.js"
"2.4.2","process","sparse_infill_lattice_angle_1","string","2","false","","native-preset-pass-through","settings.process",""
"2.4.2","process","sparse_infill_lattice_angle_2","string","2","false","","native-preset-pass-through","settings.process",""
"2.4.2","process","sparse_infill_line_width","string","1349","true","Quality","web-editable-partial","settings.quality","tests/unit/settings.test.js; tests/unit/presets.test.js"
"2.4.2","process","sparse_infill_patter","string","13","false","","native-preset-pass-through","settings.process",""
"2.4.2","process","sparse_infill_pattern","string","903","true","Strength","web-editable-partial","settings.strength","tests/unit/settings.test.js; tests/unit/presets.test.js"
"2.4.2","process","sparse_infill_rotate_template","string","5","true","Strength","web-editable-partial","settings.strength","tests/unit/settings.test.js; tests/unit/presets.test.js"
"2.4.2","process","sparse_infill_speed","array; string","1665","true","Speed","web-editable-partial","settings.speed","tests/unit/settings.test.js; tests/unit/presets.test.js"
"2.4.2","process","speed_limit_to_height","string","82","false","","native-preset-pass-through","settings.process",""
"2.4.2","process","speed_limit_to_height_enable","string","114","false","","native-preset-pass-through","settings.process",""
"2.4.2","process","spiral_finishing_flow_ratio","string","47","true","Others","web-editable-partial","settings.others","tests/unit/settings.test.js; tests/unit/presets.test.js"
"2.4.2","process","spiral_mode","string","651","true","Others","web-editable-partial","settings.others","tests/unit/settings.test.js; tests/unit/presets.test.js"
"2.4.2","process","spiral_mode_max_xy_smoothing","string","210","true","Others","web-editable-partial","settings.others","tests/unit/settings.test.js; tests/unit/presets.test.js"
"2.4.2","process","spiral_mode_smooth","string","211","true","Others","web-editable-partial","settings.others","tests/unit/settings.test.js; tests/unit/presets.test.js"
"2.4.2","process","spiral_starting_flow_ratio","string","47","true","Others","web-editable-partial","settings.others","tests/unit/settings.test.js; tests/unit/presets.test.js"
"2.4.2","process","staggered_inner_seams","string","249","true","Quality","web-editable-partial","settings.quality","tests/unit/settings.test.js; tests/unit/presets.test.js"
"2.4.2","process","standby_temperature_delta","string","751","true","Multimaterial","web-editable-partial","multimaterial.category","tests/unit/settings.test.js; tests/unit/presets.test.js"
"2.4.2","process","start_gcode","string","48","false","","native-preset-pass-through","settings.process",""
"2.4.2","process","support_angle","string","241","true","Support","web-editable-partial","settings.support","tests/unit/settings.test.js; tests/unit/presets.test.js"
"2.4.2","process","support_base_pattern","string","718","true","Support","web-editable-partial","settings.support","tests/unit/settings.test.js; tests/unit/presets.test.js"
"2.4.2","process","support_base_pattern_spacing","string","866","true","Support","web-editable-partial","settings.support","tests/unit/settings.test.js; tests/unit/presets.test.js"
"2.4.2","process","support_bottom_interface_spacing","string","290","true","Support","web-editable-partial","settings.support","tests/unit/settings.test.js; tests/unit/presets.test.js"
"2.4.2","process","support_bottom_z_distance","string","775","true","Support","web-editable-partial","settings.support","tests/unit/settings.test.js; tests/unit/presets.test.js"
"2.4.2","process","support_critical_regions_only","string","222","true","Support","web-editable-partial","settings.support","tests/unit/settings.test.js; tests/unit/presets.test.js"
"2.4.2","process","support_expansion","string","314","true","Support","web-editable-partial","settings.support","tests/unit/settings.test.js; tests/unit/presets.test.js"
"2.4.2","process","support_filament","string","692","true","Support","web-editable-partial","settings.support","tests/unit/settings.test.js; tests/unit/presets.test.js"
"2.4.2","process","support_flow_ratio","string","5","true","Quality","web-editable-partial","settings.quality","tests/unit/settings.test.js; tests/unit/presets.test.js"
"2.4.2","process","support_interface_bottom_layers","string","715","true","Support","web-editable-partial","settings.support","tests/unit/settings.test.js; tests/unit/presets.test.js"
"2.4.2","process","support_interface_bottom_spacing","string","1","false","","native-preset-pass-through","settings.process",""
"2.4.2","process","support_interface_filament","string","725","true","Support","web-editable-partial","settings.support","tests/unit/settings.test.js; tests/unit/presets.test.js"
"2.4.2","process","support_interface_flow_ratio","string","5","true","Quality","web-editable-partial","settings.quality","tests/unit/settings.test.js; tests/unit/presets.test.js"
"2.4.2","process","support_interface_loop_pattern","string","689","false","","native-preset-pass-through","settings.process",""
"2.4.2","process","support_interface_not_for_body","string","211","true","Support","web-editable-partial","settings.support","tests/unit/settings.test.js; tests/unit/presets.test.js"
"2.4.2","process","support_interface_pattern","string","323","true","Support","web-editable-partial","settings.support","tests/unit/settings.test.js; tests/unit/presets.test.js"
"2.4.2","process","support_interface_spacing","string","882","true","Support","web-editable-partial","settings.support","tests/unit/settings.test.js; tests/unit/presets.test.js"
"2.4.2","process","support_interface_speed","array; string","1114","true","Speed","web-editable-partial","settings.speed","tests/unit/settings.test.js; tests/unit/presets.test.js"
"2.4.2","process","support_interface_top_layers","string","912","true","Support","web-editable-partial","settings.support","tests/unit/settings.test.js; tests/unit/presets.test.js"
"2.4.2","process","support_ironing","string","5","true","Support","web-editable-partial","settings.support","tests/unit/settings.test.js; tests/unit/presets.test.js"
"2.4.2","process","support_ironing_direction","string","2","false","","native-preset-pass-through","settings.process",""
"2.4.2","process","support_ironing_flow","string","7","true","Support","web-editable-partial","settings.support","tests/unit/settings.test.js; tests/unit/presets.test.js"
"2.4.2","process","support_ironing_inset","string","2","false","","native-preset-pass-through","settings.process",""
"2.4.2","process","support_ironing_pattern","string","7","true","Support","web-editable-partial","settings.support","tests/unit/settings.test.js; tests/unit/presets.test.js"
"2.4.2","process","support_ironing_spacing","string","7","true","Support","web-editable-partial","settings.support","tests/unit/settings.test.js; tests/unit/presets.test.js"
"2.4.2","process","support_ironing_speed","string","2","false","","native-preset-pass-through","settings.process",""
"2.4.2","process","support_line_width","string","1405","true","Quality","web-editable-partial","settings.quality","tests/unit/settings.test.js; tests/unit/presets.test.js"
"2.4.2","process","support_material_synchronize_layers","string","2","false","","native-preset-pass-through","settings.process",""
"2.4.2","process","support_object_first_layer_gap","string","50","true","Support","web-editable-partial","settings.support","tests/unit/settings.test.js; tests/unit/presets.test.js"
"2.4.2","process","support_object_xy_distance","string","888","true","Support","web-editable-partial","settings.support","tests/unit/settings.test.js; tests/unit/presets.test.js"
"2.4.2","process","support_on_build_plate_only","string","725","true","Support","web-editable-partial","settings.support","tests/unit/settings.test.js; tests/unit/presets.test.js"
"2.4.2","process","support_remove_small_overhang","string","220","true","Support","web-editable-partial","settings.support","tests/unit/settings.test.js; tests/unit/presets.test.js"
"2.4.2","process","support_speed","array; string","1197","true","Speed","web-editable-partial","settings.speed","tests/unit/settings.test.js; tests/unit/presets.test.js"
"2.4.2","process","support_style","string","641","true","Support","web-editable-partial","settings.support","tests/unit/settings.test.js; tests/unit/presets.test.js"
"2.4.2","process","support_threshold_angle","string","948","true","Support","web-editable-partial","settings.support","tests/unit/settings.test.js; tests/unit/presets.test.js"
"2.4.2","process","support_threshold_overlap","string","48","true","Support","web-editable-partial","settings.support","tests/unit/settings.test.js; tests/unit/presets.test.js"
"2.4.2","process","support_top_z_distance","string","1152","true","Support","web-editable-partial","settings.support","tests/unit/settings.test.js; tests/unit/presets.test.js"
"2.4.2","process","support_type","string","741","true","Support","web-editable-partial","settings.support","tests/unit/settings.test.js; tests/unit/presets.test.js"
"2.4.2","process","support_wall_loops","string","5","false","","native-preset-pass-through","settings.process",""
"2.4.2","process","support_xy_overrides_z","string","112","false","","native-preset-pass-through","settings.process",""
"2.4.2","process","symmetric_infill_y_axis","string","8","true","Strength","web-editable-partial","settings.strength","tests/unit/settings.test.js; tests/unit/presets.test.js"
"2.4.2","process","thic_birdges","string","1","false","","native-preset-pass-through","settings.process",""
"2.4.2","process","thick_bridges","string","320","true","Quality","web-editable-partial","settings.quality","tests/unit/settings.test.js; tests/unit/presets.test.js"
"2.4.2","process","thick_internal_bridges","string","238","true","Quality","web-editable-partial","settings.quality","tests/unit/settings.test.js; tests/unit/presets.test.js"
"2.4.2","process","timelapse_type","string","223","true","Others","web-editable-partial","settings.others","tests/unit/settings.test.js; tests/unit/presets.test.js"
"2.4.2","process","top_bottom_infill_wall_overlap","string","112","true","Strength","web-editable-partial","settings.strength","tests/unit/settings.test.js; tests/unit/presets.test.js"
"2.4.2","process","top_color_penetration_layers","string","51","false","","native-preset-pass-through","settings.process",""
"2.4.2","process","top_shell_layers","string","1658","true","Strength","web-editable-partial","settings.strength","tests/unit/settings.test.js; tests/unit/presets.test.js"
"2.4.2","process","top_shell_thickness","string","1090","true","Strength","web-editable-partial","settings.strength","tests/unit/settings.test.js; tests/unit/presets.test.js"
"2.4.2","process","top_solid_infill_flow_ratio","string","317","true","Quality","web-editable-partial","settings.quality","tests/unit/settings.test.js; tests/unit/presets.test.js"
"2.4.2","process","top_surface_acceleration","array; string","1165","true","Speed","web-editable-partial","settings.speed","tests/unit/settings.test.js; tests/unit/presets.test.js"
"2.4.2","process","top_surface_density","string","7","true","Strength","web-editable-partial","settings.strength","tests/unit/settings.test.js; tests/unit/presets.test.js"
"2.4.2","process","top_surface_filament_id","string","86","true","Multimaterial","web-editable-partial","multimaterial.category","tests/unit/settings.test.js; tests/unit/presets.test.js"
"2.4.2","process","top_surface_flow_ratio","string","5","false","","native-preset-pass-through","settings.process",""
"2.4.2","process","top_surface_jerk","string","340","true","Speed","web-editable-partial","settings.speed","tests/unit/settings.test.js; tests/unit/presets.test.js"
"2.4.2","process","top_surface_line_width","string","1473","true","Quality","web-editable-partial","settings.quality","tests/unit/settings.test.js; tests/unit/presets.test.js"
"2.4.2","process","top_surface_pattern","string","750","true","Strength","web-editable-partial","settings.strength","tests/unit/settings.test.js; tests/unit/presets.test.js"
"2.4.2","process","top_surface_speed","array; string","1510","true","Speed","web-editable-partial","settings.speed","tests/unit/settings.test.js; tests/unit/presets.test.js"
"2.4.2","process","travel_acceleration","array; string","1118","true","Speed","web-editable-partial","settings.speed","tests/unit/settings.test.js; tests/unit/presets.test.js"
"2.4.2","process","travel_jerk","string","334","true","Speed","web-editable-partial","settings.speed","tests/unit/settings.test.js; tests/unit/presets.test.js"
"2.4.2","process","travel_short_distance_acceleration","array","2","false","","native-preset-pass-through","settings.process",""
"2.4.2","process","travel_speed","array; string","1360","true","Speed","web-editable-partial","settings.speed","tests/unit/settings.test.js; tests/unit/presets.test.js"
"2.4.2","process","travel_speed_z","array; string","328","false","","native-preset-pass-through","settings.process",""
"2.4.2","process","tree_support_adaptive_layer_height","string","219","false","","native-preset-pass-through","settings.process",""
"2.4.2","process","tree_support_angle_slow","string","233","true","Support","web-editable-partial","settings.support","tests/unit/settings.test.js; tests/unit/presets.test.js"
"2.4.2","process","tree_support_auto_brim","string","223","true","Support","web-editable-partial","settings.support","tests/unit/settings.test.js; tests/unit/presets.test.js"
"2.4.2","process","tree_support_bramch_diameter_angle","string","65","false","","native-preset-pass-through","settings.process",""
"2.4.2","process","tree_support_branch_angle","string","661","true","Support","web-editable-partial","settings.support","tests/unit/settings.test.js; tests/unit/presets.test.js"
"2.4.2","process","tree_support_branch_angle_organic","string","223","true","Support","web-editable-partial","settings.support","tests/unit/settings.test.js; tests/unit/presets.test.js"
"2.4.2","process","tree_support_branch_diameter","string","306","true","Support","web-editable-partial","settings.support","tests/unit/settings.test.js; tests/unit/presets.test.js"
"2.4.2","process","tree_support_branch_diameter_angle","string","237","true","Support","web-editable-partial","settings.support","tests/unit/settings.test.js; tests/unit/presets.test.js"
"2.4.2","process","tree_support_branch_diameter_double_wall","string","200","false","","native-preset-pass-through","settings.process",""
"2.4.2","process","tree_support_branch_diameter_organic","string","227","true","Support","web-editable-partial","settings.support","tests/unit/settings.test.js; tests/unit/presets.test.js"
"2.4.2","process","tree_support_branch_distance","string","223","true","Support","web-editable-partial","settings.support","tests/unit/settings.test.js; tests/unit/presets.test.js"
"2.4.2","process","tree_support_branch_distance_organic","string","225","true","Support","web-editable-partial","settings.support","tests/unit/settings.test.js; tests/unit/presets.test.js"
"2.4.2","process","tree_support_brim_width","string","223","true","Support","web-editable-partial","settings.support","tests/unit/settings.test.js; tests/unit/presets.test.js"
"2.4.2","process","tree_support_tip_diameter","string","342","true","Support","web-editable-partial","settings.support","tests/unit/settings.test.js; tests/unit/presets.test.js"
"2.4.2","process","tree_support_top_rate","string","231","true","Support","web-editable-partial","settings.support","tests/unit/settings.test.js; tests/unit/presets.test.js"
"2.4.2","process","tree_support_wall_count","string","672","true","Support","web-editable-partial","settings.support","tests/unit/settings.test.js; tests/unit/presets.test.js"
"2.4.2","process","tree_support_with_infill","string","21","false","","native-preset-pass-through","settings.process",""
"2.4.2","process","vertical_shell_speed","array","95","false","","native-preset-pass-through","settings.process",""
"2.4.2","process","wall_count","string","35","false","","native-preset-pass-through","settings.process",""
"2.4.2","process","wall_direction","string","183","true","Quality","web-editable-partial","settings.quality","tests/unit/settings.test.js; tests/unit/presets.test.js"
"2.4.2","process","wall_distribution_count","string","235","true","Quality","web-editable-partial","settings.quality","tests/unit/settings.test.js; tests/unit/presets.test.js"
"2.4.2","process","wall_filament","string","141","false","","native-preset-pass-through","settings.process",""
"2.4.2","process","wall_generator","string","367","true","Quality","web-editable-partial","settings.quality","tests/unit/settings.test.js; tests/unit/presets.test.js"
"2.4.2","process","wall_infill_order","string","483","false","","native-preset-pass-through","settings.process",""
"2.4.2","process","wall_loop_direction","string","4","false","","native-preset-pass-through","settings.process",""
"2.4.2","process","wall_loops","string","1114","true","Strength","web-editable-partial","settings.strength","tests/unit/settings.test.js; tests/unit/presets.test.js"
"2.4.2","process","wall_sequence","string","301","true","Quality","web-editable-partial","settings.quality","tests/unit/settings.test.js; tests/unit/presets.test.js"
"2.4.2","process","wall_transition_angle","string","234","true","Quality","web-editable-partial","settings.quality","tests/unit/settings.test.js; tests/unit/presets.test.js"
"2.4.2","process","wall_transition_filter_deviation","string","233","true","Quality","web-editable-partial","settings.quality","tests/unit/settings.test.js; tests/unit/presets.test.js"
"2.4.2","process","wall_transition_length","string","233","true","Quality","web-editable-partial","settings.quality","tests/unit/settings.test.js; tests/unit/presets.test.js"
"2.4.2","process","wipe_before_external_loop","string","230","true","Quality","web-editable-partial","settings.quality","tests/unit/settings.test.js; tests/unit/presets.test.js"
"2.4.2","process","wipe_on_loops","string","268","true","Quality","web-editable-partial","settings.quality","tests/unit/settings.test.js; tests/unit/presets.test.js"
"2.4.2","process","wipe_speed","string","271","true","Quality","web-editable-partial","settings.quality","tests/unit/settings.test.js; tests/unit/presets.test.js"
"2.4.2","process","wipe_tower_bridging","string","230","true","Multimaterial","web-editable-partial","multimaterial.category","tests/unit/settings.test.js; tests/unit/presets.test.js"
"2.4.2","process","wipe_tower_cone_angle","string","258","true","Multimaterial","web-editable-partial","multimaterial.category","tests/unit/settings.test.js; tests/unit/presets.test.js"
"2.4.2","process","wipe_tower_extra_flow","string","59","true","Multimaterial","web-editable-partial","multimaterial.category","tests/unit/settings.test.js; tests/unit/presets.test.js"
"2.4.2","process","wipe_tower_extra_rib_length","string","34","true","Multimaterial","web-editable-partial","multimaterial.category","tests/unit/settings.test.js; tests/unit/presets.test.js"
"2.4.2","process","wipe_tower_extra_spacing","string","273","true","Multimaterial","web-editable-partial","multimaterial.category","tests/unit/settings.test.js; tests/unit/presets.test.js"
"2.4.2","process","wipe_tower_extruder","string","49","false","","native-preset-pass-through","settings.process",""
"2.4.2","process","wipe_tower_filament","string","64","true","Multimaterial","web-editable-partial","multimaterial.category","tests/unit/settings.test.js; tests/unit/presets.test.js"
"2.4.2","process","wipe_tower_fillet_wall","string","5","true","Multimaterial","web-editable-partial","multimaterial.category","tests/unit/settings.test.js; tests/unit/presets.test.js"
"2.4.2","process","wipe_tower_max_purge_speed","string","93","true","Multimaterial","web-editable-partial","multimaterial.category","tests/unit/settings.test.js; tests/unit/presets.test.js"
"2.4.2","process","wipe_tower_no_sparse_layers","string","647","true","Multimaterial","web-editable-partial","multimaterial.category","tests/unit/settings.test.js; tests/unit/presets.test.js"
"2.4.2","process","wipe_tower_rib_width","string","6","true","Multimaterial","web-editable-partial","multimaterial.category","tests/unit/settings.test.js; tests/unit/presets.test.js"
"2.4.2","process","wipe_tower_rotation_angle","string","209","true","Multimaterial","web-editable-partial","multimaterial.category","tests/unit/settings.test.js; tests/unit/presets.test.js"
"2.4.2","process","wipe_tower_wall_type","string","47","true","Multimaterial","web-editable-partial","multimaterial.category","tests/unit/settings.test.js; tests/unit/presets.test.js"
"2.4.2","process","wiping_volumes_extruders","array; string","220","false","","native-preset-pass-through","settings.process",""
"2.4.2","process","xy_contour_compensation","string","678","true","Quality","web-editable-partial","settings.quality","tests/unit/settings.test.js; tests/unit/presets.test.js"
"2.4.2","process","xy_hole_compensation","string","678","true","Quality","web-editable-partial","settings.quality","tests/unit/settings.test.js; tests/unit/presets.test.js"
"2.4.2","process","z_direction_outwall_speed_continuous","string","3","false","","native-preset-pass-through","settings.process",""
"2.4.2","filament","activate_air_filtration","array; string","1190","true","Cooling","web-editable-partial","settings.filament","tests/unit/profile-settings.test.js; tests/e2e/profile-editor.spec.js"
"2.4.2","filament","activate_chamber_layer","string","14","false","","native-preset-pass-through","settings.filament",""
"2.4.2","filament","activate_chamber_temp_control","array; string","854","true","Filament","web-editable-partial","settings.filament","tests/unit/profile-settings.test.js; tests/e2e/profile-editor.spec.js"
"2.4.2","filament","adaptive_pressure_advance","array","145","true","Filament","web-editable-partial","settings.filament","tests/unit/profile-settings.test.js; tests/e2e/profile-editor.spec.js"
"2.4.2","filament","adaptive_pressure_advance_bridges","array","144","true","Filament","web-editable-partial","settings.filament","tests/unit/profile-settings.test.js; tests/e2e/profile-editor.spec.js"
"2.4.2","filament","adaptive_pressure_advance_model","array","147","true","Filament","web-editable-partial","settings.filament","tests/unit/profile-settings.test.js; tests/e2e/profile-editor.spec.js"
"2.4.2","filament","adaptive_pressure_advance_overhangs","array","144","true","Filament","web-editable-partial","settings.filament","tests/unit/profile-settings.test.js; tests/e2e/profile-editor.spec.js"
"2.4.2","filament","additional_cooling_fan_speed","array; string","1480","true","Cooling","web-editable-partial","settings.filament","tests/unit/profile-settings.test.js; tests/e2e/profile-editor.spec.js"
"2.4.2","filament","additional_cooling_fan_speed_unseal","array","6","false","","native-preset-pass-through","settings.filament",""
"2.4.2","filament","additional_fan_full_speed_layer","array","3","false","","native-preset-pass-through","settings.filament",""
"2.4.2","filament","bed_temperature","array","14","false","","native-preset-pass-through","settings.filament",""
"2.4.2","filament","bed_temperature_difference","array","15","false","","native-preset-pass-through","settings.filament",""
"2.4.2","filament","bed_temperature_initial_layer","array","14","false","","native-preset-pass-through","settings.filament",""
"2.4.2","filament","bed_type","array","221","false","","native-preset-pass-through","settings.filament",""
"2.4.2","filament","box_temperature","array","39","false","","native-preset-pass-through","settings.filament",""
"2.4.2","filament","box_temperature_range_high","array","109","false","","native-preset-pass-through","settings.filament",""
"2.4.2","filament","box_temperature_range_low","array","39","false","","native-preset-pass-through","settings.filament",""
"2.4.2","filament","chamber_temperature","array; string","950","true","Filament","web-editable-partial","settings.filament","tests/unit/profile-settings.test.js; tests/e2e/profile-editor.spec.js"
"2.4.2","filament","chamber_temperatures","array","307","false","","native-preset-pass-through","settings.filament",""
"2.4.2","filament","circle_compensation_speed","array","28","false","","native-preset-pass-through","settings.filament",""
"2.4.2","filament","close_additional_fan_first_x_layers","array","1","false","","native-preset-pass-through","settings.filament",""
"2.4.2","filament","close_fan_the_first_x_layers","array; string","1087","true","Cooling","web-editable-partial","settings.filament","tests/unit/profile-settings.test.js; tests/e2e/profile-editor.spec.js"
"2.4.2","filament","complete_print_exhaust_fan_speed","array; string","1203","true","Cooling","web-editable-partial","settings.filament","tests/unit/profile-settings.test.js; tests/e2e/profile-editor.spec.js"
"2.4.2","filament","cool_cds_fan_start_at_height","string","398","false","","native-preset-pass-through","settings.filament",""
"2.4.2","filament","cool_plate_temp","array; string","1869","true","Filament","web-editable-partial","settings.filament","tests/unit/profile-settings.test.js; tests/e2e/profile-editor.spec.js"
"2.4.2","filament","cool_plate_temp_initial_layer","array; string","1822","true","Filament","web-editable-partial","settings.filament","tests/unit/profile-settings.test.js; tests/e2e/profile-editor.spec.js"
"2.4.2","filament","cool_special_cds_fan_speed","string","352","false","","native-preset-pass-through","settings.filament",""
"2.4.2","filament","counter_coef_1","array","28","false","","native-preset-pass-through","settings.filament",""
"2.4.2","filament","counter_coef_2","array","109","false","","native-preset-pass-through","settings.filament",""
"2.4.2","filament","counter_coef_3","array","109","false","","native-preset-pass-through","settings.filament",""
"2.4.2","filament","counter_limit_max","array","107","false","","native-preset-pass-through","settings.filament",""
"2.4.2","filament","counter_limit_min","array","75","false","","native-preset-pass-through","settings.filament",""
"2.4.2","filament","customized_plate_temp","string","228","false","","native-preset-pass-through","settings.filament",""
"2.4.2","filament","customized_plate_temp_initial_layer","string","228","false","","native-preset-pass-through","settings.filament",""
"2.4.2","filament","default_filament_colour","array; string","861","true","Filament","web-editable-partial","settings.filament","tests/unit/profile-settings.test.js; tests/e2e/profile-editor.spec.js"
"2.4.2","filament","diameter_limit","array","28","false","","native-preset-pass-through","settings.filament",""
"2.4.2","filament","disable_fan_first_layers","array","14","false","","native-preset-pass-through","settings.filament",""
"2.4.2","filament","dont_slow_down_outer_wall","array; string","204","true","Cooling","web-editable-partial","settings.filament","tests/unit/profile-settings.test.js; tests/e2e/profile-editor.spec.js"
"2.4.2","filament","during_print_exhaust_fan_speed","array; string","1442","true","Cooling","web-editable-partial","settings.filament","tests/unit/profile-settings.test.js; tests/e2e/profile-editor.spec.js"
"2.4.2","filament","enable_overhang_bridge_fan","array; string","766","true","Cooling","web-editable-partial","settings.filament","tests/unit/profile-settings.test.js; tests/e2e/profile-editor.spec.js"
"2.4.2","filament","enable_pressure_advance","array; string","1477","true","Filament","web-editable-partial","settings.filament","tests/unit/profile-settings.test.js; tests/e2e/profile-editor.spec.js"
"2.4.2","filament","enable_special_area_additional_cooling_fan","string","337","false","","native-preset-pass-through","settings.filament",""
"2.4.2","filament","enable_volume_fan","array","3","false","","native-preset-pass-through","settings.filament",""
"2.4.2","filament","eng_plate_temp","array; string","2348","true","Filament","web-editable-partial","settings.filament","tests/unit/profile-settings.test.js; tests/e2e/profile-editor.spec.js"
"2.4.2","filament","eng_plate_temp_initial_layer","array; string","2314","true","Filament","web-editable-partial","settings.filament","tests/unit/profile-settings.test.js; tests/e2e/profile-editor.spec.js"
"2.4.2","filament","epoxy_resin_plate_temp","string","494","false","","native-preset-pass-through","settings.filament",""
"2.4.2","filament","epoxy_resin_plate_temp_initial_layer","string","494","false","","native-preset-pass-through","settings.filament",""
"2.4.2","filament","external_perimeter_speed","array","1","false","","native-preset-pass-through","settings.filament",""
"2.4.2","filament","extruder_rotation_volume","string","2","false","","native-preset-pass-through","settings.filament",""
"2.4.2","filament","fan_cooling_layer_time","array; string","2174","true","Cooling","web-editable-partial","settings.filament","tests/unit/profile-settings.test.js; tests/e2e/profile-editor.spec.js"
"2.4.2","filament","fan_cooling_layer_time_BRASS","array","79","false","","native-preset-pass-through","settings.filament",""
"2.4.2","filament","fan_cooling_layer_time_HS","array","79","false","","native-preset-pass-through","settings.filament",""
"2.4.2","filament","fan_max_speed","array; string","2687","true","Cooling","web-editable-partial","settings.filament","tests/unit/profile-settings.test.js; tests/e2e/profile-editor.spec.js"
"2.4.2","filament","fan_max_speed_BRASS","array","82","false","","native-preset-pass-through","settings.filament",""
"2.4.2","filament","fan_max_speed_HS","array","82","false","","native-preset-pass-through","settings.filament",""
"2.4.2","filament","fan_min_speed","array; string","2660","true","Cooling","web-editable-partial","settings.filament","tests/unit/profile-settings.test.js; tests/e2e/profile-editor.spec.js"
"2.4.2","filament","fan_min_speed_BRASS","array","83","false","","native-preset-pass-through","settings.filament",""
"2.4.2","filament","fan_min_speed_HS","array","83","false","","native-preset-pass-through","settings.filament",""
"2.4.2","filament","fan_p2_after_x_layers","array","3","false","","native-preset-pass-through","settings.filament",""
"2.4.2","filament","fan_p2_before_x_layers","array","3","false","","native-preset-pass-through","settings.filament",""
"2.4.2","filament","fan_p2_speed_before_x_layers","array","10","false","","native-preset-pass-through","settings.filament",""
"2.4.2","filament","fan_speed_after_x_layers","array","4","false","","native-preset-pass-through","settings.filament",""
"2.4.2","filament","filament_adaptive_volumetric_speed","array","1203","true","Filament","web-editable-partial","settings.filament","tests/unit/profile-settings.test.js; tests/e2e/profile-editor.spec.js"
"2.4.2","filament","filament_adhesiveness_category","array; string","320","true","Filament","web-editable-partial","settings.filament","tests/unit/profile-settings.test.js; tests/e2e/profile-editor.spec.js"
"2.4.2","filament","filament_bridge_speed","array","180","false","","native-preset-pass-through","settings.filament",""
"2.4.2","filament","filament_change_length","array","100","true","Filament","web-editable-partial","settings.filament","tests/unit/profile-settings.test.js; tests/e2e/profile-editor.spec.js"
"2.4.2","filament","filament_change_length_nc","array","11","false","","native-preset-pass-through","settings.filament",""
"2.4.2","filament","filament_color","array","18","false","","native-preset-pass-through","settings.filament",""
"2.4.2","filament","filament_cooling_before_tower","array","183","false","","native-preset-pass-through","settings.filament",""
"2.4.2","filament","filament_cooling_final_speed","array; string","777","true","Multimaterial","web-editable-partial","settings.filament","tests/unit/profile-settings.test.js; tests/e2e/profile-editor.spec.js"
"2.4.2","filament","filament_cooling_initial_speed","array; string","777","true","Multimaterial","web-editable-partial","settings.filament","tests/unit/profile-settings.test.js; tests/e2e/profile-editor.spec.js"
"2.4.2","filament","filament_cooling_moves","array; string","777","true","Multimaterial","web-editable-partial","settings.filament","tests/unit/profile-settings.test.js; tests/e2e/profile-editor.spec.js"
"2.4.2","filament","filament_cost","array","1654","true","Filament","web-editable-partial","settings.filament","tests/unit/profile-settings.test.js; tests/e2e/profile-editor.spec.js"
"2.4.2","filament","filament_density","array","1957","true","Filament","web-editable-partial","settings.filament","tests/unit/profile-settings.test.js; tests/e2e/profile-editor.spec.js"
"2.4.2","filament","filament_deretraction_speed","array; string","1995","true","Setting Overrides","web-editable-partial","settings.filament","tests/unit/profile-settings.test.js; tests/e2e/profile-editor.spec.js"
"2.4.2","filament","filament_dev_ams_drying_ams_limitations","array","1","false","","native-preset-pass-through","settings.filament",""
"2.4.2","filament","filament_dev_ams_drying_heat_distortion_temperature","array","1","false","","native-preset-pass-through","settings.filament",""
"2.4.2","filament","filament_dev_ams_drying_temperature","array","1","false","","native-preset-pass-through","settings.filament",""
"2.4.2","filament","filament_dev_ams_drying_time","array","1","false","","native-preset-pass-through","settings.filament",""
"2.4.2","filament","filament_dev_chamber_drying_bed_temperature","array","1","false","","native-preset-pass-through","settings.filament",""
"2.4.2","filament","filament_dev_chamber_drying_time","array","1","false","","native-preset-pass-through","settings.filament",""
"2.4.2","filament","filament_dev_drying_cooling_temperature","array","1","false","","native-preset-pass-through","settings.filament",""
"2.4.2","filament","filament_dev_drying_softening_temperature","array","1","false","","native-preset-pass-through","settings.filament",""
"2.4.2","filament","filament_diameter","array; string","728","true","Filament","web-editable-partial","settings.filament","tests/unit/profile-settings.test.js; tests/e2e/profile-editor.spec.js"
"2.4.2","filament","filament_enable_overhang_speed","array","329","false","","native-preset-pass-through","settings.filament",""
"2.4.2","filament","filament_end_gcode","array","1298","true","Advanced","web-editable-partial","settings.filament","tests/unit/profile-settings.test.js; tests/e2e/profile-editor.spec.js"
"2.4.2","filament","filament_extruder_compatibility","array","57","false","","native-preset-pass-through","settings.filament",""
"2.4.2","filament","filament_extruder_id","array","5","false","","native-preset-pass-through","settings.filament",""
"2.4.2","filament","filament_extruder_variant","array","1241","false","","native-preset-pass-through","settings.filament",""
"2.4.2","filament","filament_flow_ratio","array; string","3944","true","Filament","web-editable-partial","settings.filament","tests/unit/profile-settings.test.js; tests/e2e/profile-editor.spec.js"
"2.4.2","filament","filament_flow_ratio_initial_layer","array","1","false","","native-preset-pass-through","settings.filament",""
"2.4.2","filament","filament_flush_temp","array","1251","false","","native-preset-pass-through","settings.filament",""
"2.4.2","filament","filament_flush_volumetric_speed","array","1253","false","","native-preset-pass-through","settings.filament",""
"2.4.2","filament","filament_ironing_flow","array","8","true","Setting Overrides","web-editable-partial","settings.filament","tests/unit/profile-settings.test.js; tests/e2e/profile-editor.spec.js"
"2.4.2","filament","filament_ironing_inset","array","8","true","Setting Overrides","web-editable-partial","settings.filament","tests/unit/profile-settings.test.js; tests/e2e/profile-editor.spec.js"
"2.4.2","filament","filament_ironing_spacing","array","8","true","Setting Overrides","web-editable-partial","settings.filament","tests/unit/profile-settings.test.js; tests/e2e/profile-editor.spec.js"
"2.4.2","filament","filament_ironing_speed","array","8","true","Setting Overrides","web-editable-partial","settings.filament","tests/unit/profile-settings.test.js; tests/e2e/profile-editor.spec.js"
"2.4.2","filament","filament_is_support","array; string","806","true","Filament","web-editable-partial","settings.filament","tests/unit/profile-settings.test.js; tests/e2e/profile-editor.spec.js"
"2.4.2","filament","filament_load_time","array; string","643","false","","native-preset-pass-through","settings.filament",""
"2.4.2","filament","filament_loading_speed","array; string","777","true","Multimaterial","web-editable-partial","settings.filament","tests/unit/profile-settings.test.js; tests/e2e/profile-editor.spec.js"
"2.4.2","filament","filament_loading_speed_start","array; string","777","true","Multimaterial","web-editable-partial","settings.filament","tests/unit/profile-settings.test.js; tests/e2e/profile-editor.spec.js"
"2.4.2","filament","filament_long_retractions_when_cut","array; string","1590","true","Setting Overrides","web-editable-partial","settings.filament","tests/unit/profile-settings.test.js; tests/e2e/profile-editor.spec.js"
"2.4.2","filament","filament_long_retractions_when_ec","array","3","false","","native-preset-pass-through","settings.filament",""
"2.4.2","filament","filament_max_volumetric_speed","array","5326","true","Filament","web-editable-partial","settings.filament","tests/unit/profile-settings.test.js; tests/e2e/profile-editor.spec.js"
"2.4.2","filament","filament_minimal_purge_on_wipe_tower","array; string","964","true","Multimaterial","web-editable-partial","settings.filament","tests/unit/profile-settings.test.js; tests/e2e/profile-editor.spec.js"
"2.4.2","filament","filament_multitool_ramming","array; string","740","true","Multimaterial","web-editable-partial","settings.filament","tests/unit/profile-settings.test.js; tests/e2e/profile-editor.spec.js"
"2.4.2","filament","filament_multitool_ramming_flow","array; string","735","true","Multimaterial","web-editable-partial","settings.filament","tests/unit/profile-settings.test.js; tests/e2e/profile-editor.spec.js"
"2.4.2","filament","filament_multitool_ramming_volume","array; string","727","true","Multimaterial","web-editable-partial","settings.filament","tests/unit/profile-settings.test.js; tests/e2e/profile-editor.spec.js"
"2.4.2","filament","filament_notes","array; string","772","true","Notes","web-editable-partial","settings.filament","tests/unit/profile-settings.test.js; tests/e2e/profile-editor.spec.js"
"2.4.2","filament","filament_overhang_1_4_speed","array","329","false","","native-preset-pass-through","settings.filament",""
"2.4.2","filament","filament_overhang_2_4_speed","array","329","false","","native-preset-pass-through","settings.filament",""
"2.4.2","filament","filament_overhang_3_4_speed","array","329","false","","native-preset-pass-through","settings.filament",""
"2.4.2","filament","filament_overhang_4_4_speed","array","329","false","","native-preset-pass-through","settings.filament",""
"2.4.2","filament","filament_overhang_totally_speed","array","329","false","","native-preset-pass-through","settings.filament",""
"2.4.2","filament","filament_pre_cooling_temperature","array","1225","false","","native-preset-pass-through","settings.filament",""
"2.4.2","filament","filament_pre_cooling_temperature_nc","array","320","false","","native-preset-pass-through","settings.filament",""
"2.4.2","filament","filament_prime_volume","array","83","false","","native-preset-pass-through","settings.filament",""
"2.4.2","filament","filament_prime_volume_nc","array","11","false","","native-preset-pass-through","settings.filament",""
"2.4.2","filament","filament_printable","array","52","false","","native-preset-pass-through","settings.filament",""
"2.4.2","filament","filament_ramming_parameters","array; string","734","true","Multimaterial","web-editable-partial","settings.filament","tests/unit/profile-settings.test.js; tests/e2e/profile-editor.spec.js"
"2.4.2","filament","filament_ramming_travel_time","array","1225","false","","native-preset-pass-through","settings.filament",""
"2.4.2","filament","filament_ramming_travel_time_nc","array","320","false","","native-preset-pass-through","settings.filament",""
"2.4.2","filament","filament_ramming_volumetric_speed","array","1271","false","","native-preset-pass-through","settings.filament",""
"2.4.2","filament","filament_ramming_volumetric_speed_nc","array","320","false","","native-preset-pass-through","settings.filament",""
"2.4.2","filament","filament_retract_before_wipe","array; string","2019","true","Setting Overrides","web-editable-partial","settings.filament","tests/unit/profile-settings.test.js; tests/e2e/profile-editor.spec.js"
"2.4.2","filament","filament_retract_layer_change","array","14","false","","native-preset-pass-through","settings.filament",""
"2.4.2","filament","filament_retract_length_nc","array","180","false","","native-preset-pass-through","settings.filament",""
"2.4.2","filament","filament_retract_lift_above","array; string","702","true","Setting Overrides","web-editable-partial","settings.filament","tests/unit/profile-settings.test.js; tests/e2e/profile-editor.spec.js"
"2.4.2","filament","filament_retract_lift_below","array; string","733","true","Setting Overrides","web-editable-partial","settings.filament","tests/unit/profile-settings.test.js; tests/e2e/profile-editor.spec.js"
"2.4.2","filament","filament_retract_lift_enforce","array; string","702","true","Setting Overrides","web-editable-partial","settings.filament","tests/unit/profile-settings.test.js; tests/e2e/profile-editor.spec.js"
"2.4.2","filament","filament_retract_restart_extra","array; string","1902","true","Setting Overrides","web-editable-partial","settings.filament","tests/unit/profile-settings.test.js; tests/e2e/profile-editor.spec.js"
"2.4.2","filament","filament_retract_when_changing_layer","array; string","1938","true","Setting Overrides","web-editable-partial","settings.filament","tests/unit/profile-settings.test.js; tests/e2e/profile-editor.spec.js"
"2.4.2","filament","filament_retraction_distances_when_cut","array; string","1589","true","Setting Overrides","web-editable-partial","settings.filament","tests/unit/profile-settings.test.js; tests/e2e/profile-editor.spec.js"
"2.4.2","filament","filament_retraction_distances_when_ec","array","3","false","","native-preset-pass-through","settings.filament",""
"2.4.2","filament","filament_retraction_length","array; string","2210","true","Setting Overrides","web-editable-partial","settings.filament","tests/unit/profile-settings.test.js; tests/e2e/profile-editor.spec.js"
"2.4.2","filament","filament_retraction_minimum_travel","array; string","1971","true","Setting Overrides","web-editable-partial","settings.filament","tests/unit/profile-settings.test.js; tests/e2e/profile-editor.spec.js"
"2.4.2","filament","filament_retraction_speed","array; string","2014","true","Setting Overrides","web-editable-partial","settings.filament","tests/unit/profile-settings.test.js; tests/e2e/profile-editor.spec.js"
"2.4.2","filament","filament_scarf_gap","array","67","false","","native-preset-pass-through","settings.filament",""
"2.4.2","filament","filament_scarf_height","array","66","false","","native-preset-pass-through","settings.filament",""
"2.4.2","filament","filament_scarf_length","array","54","false","","native-preset-pass-through","settings.filament",""
"2.4.2","filament","filament_scarf_seam_type","array","89","false","","native-preset-pass-through","settings.filament",""
"2.4.2","filament","filament_shrink","array; string","753","true","Filament","web-editable-partial","settings.filament","tests/unit/profile-settings.test.js; tests/e2e/profile-editor.spec.js"
"2.4.2","filament","filament_shrinkage_compensation_z","array; string","237","true","Filament","web-editable-partial","settings.filament","tests/unit/profile-settings.test.js; tests/e2e/profile-editor.spec.js"
"2.4.2","filament","filament_soluble","array; string","745","true","Filament","web-editable-partial","settings.filament","tests/unit/profile-settings.test.js; tests/e2e/profile-editor.spec.js"
"2.4.2","filament","filament_spool_weight","array","18","false","","native-preset-pass-through","settings.filament",""
"2.4.2","filament","filament_stamping_distance","array; string","175","true","Multimaterial","web-editable-partial","settings.filament","tests/unit/profile-settings.test.js; tests/e2e/profile-editor.spec.js"
"2.4.2","filament","filament_stamping_loading_speed","array; string","175","true","Multimaterial","web-editable-partial","settings.filament","tests/unit/profile-settings.test.js; tests/e2e/profile-editor.spec.js"
"2.4.2","filament","filament_start_gcode","array","2589","true","Advanced","web-editable-partial","settings.filament","tests/unit/profile-settings.test.js; tests/e2e/profile-editor.spec.js"
"2.4.2","filament","filament_toolchange_delay","array; string","705","true","Multimaterial","web-editable-partial","settings.filament","tests/unit/profile-settings.test.js; tests/e2e/profile-editor.spec.js"
"2.4.2","filament","filament_toolchange_time","string","1","false","","native-preset-pass-through","settings.filament",""
"2.4.2","filament","filament_tower_interface_pre_extrusion_dist","array","16","true","Multimaterial","web-editable-partial","settings.filament","tests/unit/profile-settings.test.js; tests/e2e/profile-editor.spec.js"
"2.4.2","filament","filament_tower_interface_pre_extrusion_length","array","16","true","Multimaterial","web-editable-partial","settings.filament","tests/unit/profile-settings.test.js; tests/e2e/profile-editor.spec.js"
"2.4.2","filament","filament_tower_interface_print_temp","array","197","true","Multimaterial","web-editable-partial","settings.filament","tests/unit/profile-settings.test.js; tests/e2e/profile-editor.spec.js"
"2.4.2","filament","filament_tower_interface_purge_volume","array","16","true","Multimaterial","web-editable-partial","settings.filament","tests/unit/profile-settings.test.js; tests/e2e/profile-editor.spec.js"
"2.4.2","filament","filament_tower_ironing_area","array","22","true","Multimaterial","web-editable-partial","settings.filament","tests/unit/profile-settings.test.js; tests/e2e/profile-editor.spec.js"
"2.4.2","filament","filament_type","array","1591","true","Filament","web-editable-partial","settings.filament","tests/unit/profile-settings.test.js; tests/e2e/profile-editor.spec.js"
"2.4.2","filament","filament_unload_time","array; string","643","false","","native-preset-pass-through","settings.filament",""
"2.4.2","filament","filament_unloading_speed","array; string","828","true","Multimaterial","web-editable-partial","settings.filament","tests/unit/profile-settings.test.js; tests/e2e/profile-editor.spec.js"
"2.4.2","filament","filament_unloading_speed_start","array; string","818","true","Multimaterial","web-editable-partial","settings.filament","tests/unit/profile-settings.test.js; tests/e2e/profile-editor.spec.js"
"2.4.2","filament","filament_velocity_adaptation_factor","array","3","false","","native-preset-pass-through","settings.filament",""
"2.4.2","filament","filament_vendor","array","1532","true","Filament","web-editable-partial","settings.filament","tests/unit/profile-settings.test.js; tests/e2e/profile-editor.spec.js"
"2.4.2","filament","filament_wipe","array; string","1986","true","Setting Overrides","web-editable-partial","settings.filament","tests/unit/profile-settings.test.js; tests/e2e/profile-editor.spec.js"
"2.4.2","filament","filament_wipe_distance","array; string","1978","true","Setting Overrides","web-editable-partial","settings.filament","tests/unit/profile-settings.test.js; tests/e2e/profile-editor.spec.js"
"2.4.2","filament","filament_z_hop","array; string","2020","true","Setting Overrides","web-editable-partial","settings.filament","tests/unit/profile-settings.test.js; tests/e2e/profile-editor.spec.js"
"2.4.2","filament","filament_z_hop_types","array; string","1950","true","Setting Overrides","web-editable-partial","settings.filament","tests/unit/profile-settings.test.js; tests/e2e/profile-editor.spec.js"
"2.4.2","filament","first_layer_temperature","array","1","false","","native-preset-pass-through","settings.filament",""
"2.4.2","filament","first_x_layer_fan_speed","array","246","false","","native-preset-pass-through","settings.filament",""
"2.4.2","filament","full_fan_speed_layer","array; string","922","true","Cooling","web-editable-partial","settings.filament","tests/unit/profile-settings.test.js; tests/e2e/profile-editor.spec.js"
"2.4.2","filament","hole_coef_1","array","28","false","","native-preset-pass-through","settings.filament",""
"2.4.2","filament","hole_coef_2","array","92","false","","native-preset-pass-through","settings.filament",""
"2.4.2","filament","hole_coef_3","array","99","false","","native-preset-pass-through","settings.filament",""
"2.4.2","filament","hole_limit_max","array","66","false","","native-preset-pass-through","settings.filament",""
"2.4.2","filament","hole_limit_min","array","77","false","","native-preset-pass-through","settings.filament",""
"2.4.2","filament","hot_plate_temp","array; string","2500","true","Filament","web-editable-partial","settings.filament","tests/unit/profile-settings.test.js; tests/e2e/profile-editor.spec.js"
"2.4.2","filament","hot_plate_temp_initial_layer","array; string","2443","true","Filament","web-editable-partial","settings.filament","tests/unit/profile-settings.test.js; tests/e2e/profile-editor.spec.js"
"2.4.2","filament","idle_temperature","array; string","179","true","Filament","web-editable-partial","settings.filament","tests/unit/profile-settings.test.js; tests/e2e/profile-editor.spec.js"
"2.4.2","filament","idle_temperture","array","5","false","","native-preset-pass-through","settings.filament",""
"2.4.2","filament","impact_strength_z","array","242","false","","native-preset-pass-through","settings.filament",""
"2.4.2","filament","internal_bridge_fan_speed","array","107","true","Cooling","web-editable-partial","settings.filament","tests/unit/profile-settings.test.js; tests/e2e/profile-editor.spec.js"
"2.4.2","filament","ironing_fan_speed","array","13","true","Cooling","web-editable-partial","settings.filament","tests/unit/profile-settings.test.js; tests/e2e/profile-editor.spec.js"
"2.4.2","filament","long_retractions_when_ec","array","1202","true","Multimaterial","web-editable-partial","settings.filament","tests/unit/profile-settings.test.js; tests/e2e/profile-editor.spec.js"
"2.4.2","filament","material_flow_dependent_temperature","string","461","false","","native-preset-pass-through","settings.filament",""
"2.4.2","filament","material_flow_temp_graph","string","348","false","","native-preset-pass-through","settings.filament",""
"2.4.2","filament","mixing_stepper_rotation_volume","string","2","false","","native-preset-pass-through","settings.filament",""
"2.4.2","filament","multi_zone_1_initial_layer","string","2","false","","native-preset-pass-through","settings.filament",""
"2.4.2","filament","multi_zone_1_temperature","string","2","false","","native-preset-pass-through","settings.filament",""
"2.4.2","filament","multi_zone_2_initial_layer","string","2","false","","native-preset-pass-through","settings.filament",""
"2.4.2","filament","multi_zone_2_temperature","string","2","false","","native-preset-pass-through","settings.filament",""
"2.4.2","filament","multi_zone_3_initial_layer","string","2","false","","native-preset-pass-through","settings.filament",""
"2.4.2","filament","multi_zone_3_temperature","string","2","false","","native-preset-pass-through","settings.filament",""
"2.4.2","filament","no_slow_down_for_cooling_on_outwalls","array","1","false","","native-preset-pass-through","settings.filament",""
"2.4.2","filament","nozzle_temperature","array; string","3851","true","Filament","web-editable-partial","settings.filament","tests/unit/profile-settings.test.js; tests/e2e/profile-editor.spec.js"
"2.4.2","filament","nozzle_temperature_BRASS","array","82","false","","native-preset-pass-through","settings.filament",""
"2.4.2","filament","nozzle_temperature_HS","array","83","false","","native-preset-pass-through","settings.filament",""
"2.4.2","filament","nozzle_temperature_initial_layer","array; string","3556","true","Filament","web-editable-partial","settings.filament","tests/unit/profile-settings.test.js; tests/e2e/profile-editor.spec.js"
"2.4.2","filament","nozzle_temperature_initial_layer_BRASS","array","80","false","","native-preset-pass-through","settings.filament",""
"2.4.2","filament","nozzle_temperature_initial_layer_HS","array","81","false","","native-preset-pass-through","settings.filament",""
"2.4.2","filament","nozzle_temperature_intial_layer","string","22","false","","native-preset-pass-through","settings.filament",""
"2.4.2","filament","nozzle_temperature_range_high","array; string","1996","true","Filament","web-editable-partial","settings.filament","tests/unit/profile-settings.test.js; tests/e2e/profile-editor.spec.js"
"2.4.2","filament","nozzle_temperature_range_low","array; string","1579","true","Filament","web-editable-partial","settings.filament","tests/unit/profile-settings.test.js; tests/e2e/profile-editor.spec.js"
"2.4.2","filament","overhang_fan_speed","array; string","1792","true","Cooling","web-editable-partial","settings.filament","tests/unit/profile-settings.test.js; tests/e2e/profile-editor.spec.js"
"2.4.2","filament","overhang_fan_threshold","array; string","1456","true","Cooling","web-editable-partial","settings.filament","tests/unit/profile-settings.test.js; tests/e2e/profile-editor.spec.js"
"2.4.2","filament","overhang_threshold_participating_cooling","array","29","false","","native-preset-pass-through","settings.filament",""
"2.4.2","filament","override_process_overhang_speed","array","374","false","","native-preset-pass-through","settings.filament",""
"2.4.2","filament","pellet_flow_coefficient","array; string","147","true","Filament","web-editable-partial","settings.filament","tests/unit/profile-settings.test.js; tests/e2e/profile-editor.spec.js"
"2.4.2","filament","pre_start_fan_time","array","300","false","","native-preset-pass-through","settings.filament",""
"2.4.2","filament","pressure_advance","array; string","2675","true","Filament","web-editable-partial","settings.filament","tests/unit/profile-settings.test.js; tests/e2e/profile-editor.spec.js"
"2.4.2","filament","reduce_fan_stop_start_freq","array; string","966","true","Cooling","web-editable-partial","settings.filament","tests/unit/profile-settings.test.js; tests/e2e/profile-editor.spec.js"
"2.4.2","filament","renamed_from","string","168","false","","native-preset-pass-through","settings.filament",""
"2.4.2","filament","required_nozzle_HRC","array; string","822","true","Filament","web-editable-partial","settings.filament","tests/unit/profile-settings.test.js; tests/e2e/profile-editor.spec.js"
"2.4.2","filament","retraction_distances_when_ec","array","1204","true","Multimaterial","web-editable-partial","settings.filament","tests/unit/profile-settings.test.js; tests/e2e/profile-editor.spec.js"
"2.4.2","filament","slow_down_for_layer_cooling","array; string","684","true","Cooling","web-editable-partial","settings.filament","tests/unit/profile-settings.test.js; tests/e2e/profile-editor.spec.js"
"2.4.2","filament","slow_down_layer_time","array; string","3149","true","Cooling","web-editable-partial","settings.filament","tests/unit/profile-settings.test.js; tests/e2e/profile-editor.spec.js"
"2.4.2","filament","slow_down_layer_time_BRASS","array","77","false","","native-preset-pass-through","settings.filament",""
"2.4.2","filament","slow_down_layer_time_HS","array","75","false","","native-preset-pass-through","settings.filament",""
"2.4.2","filament","slow_down_min_speed","array; string","2210","true","Cooling","web-editable-partial","settings.filament","tests/unit/profile-settings.test.js; tests/e2e/profile-editor.spec.js"
"2.4.2","filament","supertack_plate_temp","array","480","true","Filament","web-editable-partial","settings.filament","tests/unit/profile-settings.test.js; tests/e2e/profile-editor.spec.js"
"2.4.2","filament","supertack_plate_temp_initial_layer","array","482","true","Filament","web-editable-partial","settings.filament","tests/unit/profile-settings.test.js; tests/e2e/profile-editor.spec.js"
"2.4.2","filament","support_material_interface_fan_speed","array; string","908","true","Cooling","web-editable-partial","settings.filament","tests/unit/profile-settings.test.js; tests/e2e/profile-editor.spec.js"
"2.4.2","filament","temp_max","array","5","false","","native-preset-pass-through","settings.filament",""
"2.4.2","filament","temp_min","array","5","false","","native-preset-pass-through","settings.filament",""
"2.4.2","filament","temperature_vitrification","array","1524","true","Filament","web-editable-partial","settings.filament","tests/unit/profile-settings.test.js; tests/e2e/profile-editor.spec.js"
"2.4.2","filament","temperture_vitrification","array","5","false","","native-preset-pass-through","settings.filament",""
"2.4.2","filament","textured_cool_plate_temp","array","603","true","Filament","web-editable-partial","settings.filament","tests/unit/profile-settings.test.js; tests/e2e/profile-editor.spec.js"
"2.4.2","filament","textured_cool_plate_temp_initial_layer","array","603","true","Filament","web-editable-partial","settings.filament","tests/unit/profile-settings.test.js; tests/e2e/profile-editor.spec.js"
"2.4.2","filament","textured_plate_temp","array; string","2147","true","Filament","web-editable-partial","settings.filament","tests/unit/profile-settings.test.js; tests/e2e/profile-editor.spec.js"
"2.4.2","filament","textured_plate_temp_initial_layer","array; string","2129","true","Filament","web-editable-partial","settings.filament","tests/unit/profile-settings.test.js; tests/e2e/profile-editor.spec.js"
"2.4.2","filament","volumetric_speed_coefficients","array","1203","false","","native-preset-pass-through","settings.filament",""
