
> orca-web@0.1.0 test
> node --test tests/unit/*.test.js tests/integration/*.test.js

✔ HTTP all-plate statistics bind two completed native project jobs and never count a missing or deleted result (482.10125ms)
✔ HTTP all-plate endpoint rejects client-supplied cohort IDs and requires owned ready jobs (167.723125ms)
✔ native selection flows through upload, typed overrides, status, and G-code download (603.059375ms)
✔ rejects bad file types, empty files, malformed settings, invalid IDs and incompatible presets without leaving uploads (392.897834ms)
✔ preset defaults remain intact when an unrelated setting is overridden (252.71575ms)
✔ simultaneous queued requests retain distinct geometry markers and preset choices (605.374375ms)
✔ surfaces slicer errors and blocks failed-job downloads (199.629292ms)
✔ active jobs cannot be deleted; completed history and output can be deleted (506.467834ms)
✔ health reports missing executable and requests fail before entering queue (41.813542ms)
✔ missing preset resources report degraded service; unknown API routes return JSON (71.049959ms)
✔ upload limit rejects oversized data and cleans partial files (87.831333ms)
✔ embedded 3MF host scripts are rejected before creating a native job (122.751125ms)
✔ bound temperature measurement saves only its explicit native fields once with original template compatibility (370.596667ms)
✔ bound pressure-advance measurement saves only its explicit native fields once with original template compatibility (133.0715ms)
✔ bound retraction measurement saves only its explicit native fields once with original template compatibility (122.251375ms)
✔ bound max-volumetric-speed measurement saves only its explicit native fields once with original template compatibility (101.547666ms)
✔ stale measured-result sessions cannot save after preset changes or expiry (73.217625ms)
✔ prepare binds a random token to exact STL bytes, native preset snapshot and allowed parameters (302.170166ms)
✔ same IDs with changed resolved native configuration cannot reuse a calibration (121.302125ms)
✔ expired, evicted and unknown tokens require regeneration; cache is bounded (31.243833ms)
✔ prepare rejects extra user-supplied settings and unsupported modes before model work (12.124166ms)
✔ expensive native preparations are serialized by rejection and shutdown aborts active work (13.097209ms)
✔ disconnecting the prepare response aborts native work and frees the preparation slot (4011.745083ms)
✔ input shaping sessions bind model, firmware shaper, axis ranges and damping parameters (64.393ms)
✔ cornering sessions bind native model and range without allowing a client-selected firmware parameter kind (30.361125ms)
✔ VFA sessions bind exact native geometry, preset snapshot and speed schedule (56.72125ms)
✔ max volumetric sessions bind the generated ramp and reject arbitrary nozzle and process overrides (144.321417ms)
✔ retraction sessions bind the native extrusion range and reject changed wipe metadata or settings (178.632125ms)
✔ native calibration resolution keeps scalar parsing and native sparse defaults consistent at preparation and validation (344.414084ms)
✔ calibration session binds inactive native material alternatives without using them as active values (187.600583ms)
✔ HTTP preparation reviews hidden native corrections and final save revalidates signed decisions durably (536.978708ms)
✔ HTTP custom preset CRUD/import/export is durable, typed, same-origin, and catalog-compatible (335.533083ms)
✔ Cut to parts route passes bounded frame and geometry input through shared worker queue and rejects wrong operations (76.711041ms)
✔ Cut to parts disconnect cancels active native work without waiting for a result (26.432167ms)
✔ Cut to parts reports native unavailability explicitly and never falls back to a different cutting algorithm (7.509917ms)
✔ connection API validates and redacts CRUD, preserving keys on edits and enforcing same-origin mutations (151.11275ms)
✔ Moonraker status uses reported objects, preserves URL prefixes, and distinguishes offline firmware (63.1335ms)
✔ OctoPrint status handles disconnected printer 409 and exposes only available capabilities (21.803792ms)
✔ moonraker uploads only completed output without selecting/printing; starting requires explicit confirmation (50.147625ms)
✔ moonraker commands enforce confirmation, numeric validation, busy state, and map the native protocol (98.895875ms)
✔ octoprint uploads only completed output without selecting/printing; starting requires explicit confirmation (127.49525ms)
✔ octoprint commands enforce confirmation, numeric validation, busy state, and map the native protocol (105.295167ms)
✔ remote authentication errors and successful echo payloads never reveal API keys; failures release the lock (52.229625ms)
✔ in-flight commands lock same-device edit, delete, upload, and second commands; other connections remain usable (34.721291ms)
✔ HTTP adapter rejects redirects, invalid JSON, oversized bodies, and streamed timeouts without forwarding credentials (150.149792ms)
✔ flow project token rejects geometry, grouping, ratio, visibility and selection changes (377.809458ms)
✔ flow result uses bound specimen formula, creates a new preset and deduplicates identical retries (117.857167ms)
✔ changed or expired source presets cannot save a measured flow result (73.686959ms)
✔ cached flow project export validates the exact token, parameters, presets and geometry before returning cached bytes (215.907791ms)
✔ expired or shutdown calibration exports require regeneration and never return cached model bytes (24.787667ms)
✔ owned hotend routes preserve system vendor identity, custom last-vendor semantics and deleted/changed preset independence (95.80575ms)
✔ explicit configured vendor assets win; stale hashes fail and missing vendor files use original native default (26.086875ms)
✔ older snapshots show visible fallback provenance and missing defaults remain unavailable (11.457042ms)
✔ hotend asset routes reject traversal, symlink escapes, corrupt geometry, oversized files and unbound reads (18.342417ms)
✔ native hotend supports bounded ASCII STL without moving its coordinates (2.667875ms)
✔ native hotend selection and fallback paths match independently compiled original source (57.928291ms)
✔ catalog retains distinct index IDs and display names with defensive hotend metadata (39.459083ms)
✔ real app persists immutable printer-model bindings for multipart and embedded-project job creation (850.752041ms)
✔ running cancellation stops the native child, persists cancellation, and removes partial outputs (673.086375ms)
✔ queued cancellation returns while earlier work runs, is never started, and does not block subsequent jobs (496.079209ms)
✔ terminal cancellations are idempotent, retain ready downloads, and unknown jobs return 404 (455.42975ms)
✔ shutdown cancels both running and queued jobs with no surviving work or downloads (381.833333ms)
✔ startup cleans abandoned owned artifacts, preserves ready G-code, and leaves unrelated files untouched (308.11125ms)
✔ invalid job indexes stop startup before abandoned-file cleanup (3.377792ms)
✔ selection exposes native numeric bed geometry and placement is explicitly opt-in (552.283584ms)
✔ only complete matching owned project slices produce original native all-plate statistics (14.10225ms)
✔ unrelated geometry/config/engine versions, missing and failed plates never produce partial fabricated totals (1.904792ms)
✔ the viewed job anchors its own plate even when newer matching jobs exist (0.612958ms)
✔ job deletion, changed context, changed extruder metadata and helper replacement reject in-flight aggregation (1.665ms)
✔ all-plate work serializes requests, honors cancellation and shutdown (0.378833ms)
✔ legacy jobs remain explicitly unavailable and unknown/nonready jobs keep ownership boundaries (0.227833ms)
✔ whole-operation timeout aborts native processing across the complete project request (16.571833ms)
✔ arrangement API prepares native geometry outside the bed without weakening export/slicing bounds (139.716583ms)
✔ arrangement rejects locked plates and invalid choices before worker admission, and returns explicit worker errors (50.132375ms)
✔ clipboard shares bounded geometry queue and shutdown rejects further requests (23.238958ms)
✔ app shutdown cancels active and waiting configuration HTTP requests and rejects future admission (205.651459ms)
✔ configuration HTTP endpoint preserves operational status instead of rewriting it to400 (94.018ms)
✔ prepareGeometry forwards the caller signal through native preset resolution (23.517583ms)
✔ geometry route shutdown cancels configuration preparation before arrangement worker admission (9.151917ms)
✔ arrangement passes selected native temperature/nozzle vectors rather than archived alternatives (14.348042ms)
✔ Fill service ignores forged tower data, uses effective native presets, and omits redundant geometry from its reply (67.1775ms)
✔ Arrange prepares every plate for the existing tower and never accepts client-provided footprints (13.626834ms)
✔ linked Cut route passes bounded frame and geometry input through shared worker queue and rejects wrong operations (67.053958ms)
✔ linked Cut disconnect cancels active native work without waiting for a result (33.300917ms)
✔ linked Cut reports native unavailability explicitly and never falls back to one-instance Cut (16.194291ms)
✔ cross-setting preflight rejects native structural errors before queuing or retaining uploads (488.346916ms)
✔ native project preflight checks global settings, printable part overrides and native plate vase state (178.065334ms)
✔ native import stores original user diff and editor reset resolves the native parent rather than imported child (607.620916ms)
✔ root edit reloads direct native children while reopening resolves their nullable variant differences (717.372792ms)
✔ native parent cycles and helper failure do not overwrite persisted user diffs (97.759792ms)
✔ failure while reloading a root child leaves the entire save transaction and disk file unchanged (376.59275ms)
✔ native derived edits do not eagerly reload grandchildren; a restart applies their stored native diffs (634.045459ms)
✔ native-mode names follow portable reserved-name rules and root machine save retains only allowed settings (490.855708ms)
✔ same G-code with different immutable job palettes gets independent snapshot-bound results (8.94875ms)
✔ changed editor context invalidates cache even if G-code and helper identity stay identical (5.059083ms)
✔ editor snapshot mutation during native work rejects stale data and never mutates queued input (11.107333ms)
✔ old helpers and legacy jobs retain explicit standalone provenance instead of implying editor totals (4.56425ms)
✔ invalid stored snapshots are rejected before any native processing (4.073625ms)
✔ unavailable bounded job context reaches the response and participates in cache identity (8.248292ms)
✔ native preview HTTP route serves only owned ready jobs and retains native source identity (55.238917ms)
✔ cache invalidates changed G-code and worker identity and evicts by bounded entry count (20.453791ms)
✔ concurrent subscribers share native work; aborting one preserves the other and aborting all stops work (19.585708ms)
✔ job deletion during processing cannot cache or return orphaned native geometry (11.728167ms)
✔ capability endpoint reports actual identity or a missing helper without attempting job processing (11.233209ms)
✔ changing a helper during an in-flight job rejects stale identity and never caches the result (10.204666ms)
✔ ready-job snapshots reject symlinked output files and invalid cache budgets (11.172625ms)
✔ snapshot preparation is bounded before allocating input copies (4.739042ms)
✔ tower route resolves complete geometry and effective presets, ignoring browser-supplied native counts (42.411042ms)
✔ tower route rejects wrong response identity and reports unavailability without fabricated geometry (9.7605ms)
✔ tower disconnect aborts the native request and shutdown aborts remaining work (23.496542ms)
✔ contextual preset reads share app shutdown cancellation and preserve the service status (148.062417ms)
✔ native project routes import matching settings and export a project larger than the generic JSON limit (349.984375ms)
✔ native project routes reject unsafe embedded commands, wrong formats and invalid process overrides (30.011833ms)
✔ fresh native GUI archive imports and exports through strict HTTP project validation (57.568667ms)
✔ native part compensation options survive strict HTTP export without allowing host commands (23.710208ms)
✔ native process clipboard HTTP route returns typed source settings and preserves destination filament (200.386125ms)
✔ clipboard rejects mismatched scope, global-only settings, unbounded destinations and requests after shutdown (104.253417ms)
✔ process Paste accepts complete resolved catalog settings while keeping compatibility metadata out of native overrides (286.070833ms)
✔ multi-plate token validates the whole unchanged scene before selecting each trusted native archive (844.911667ms)
✔ full native export retains all generated plates while selected export contains only its complete four layers (620.484667ms)
✔ unknown, expired and altered-preset multi-plate requests never yield cached bytes (364.231958ms)
✔ HTTP catalog evaluates printer/process expressions, library exclusion and native warnings (500.249875ms)
✔ HTTP configuration and slicing reject an expression selection after hardware becomes incompatible (313.121459ms)
✔ trusted catalog overlays use the same overridden compatibility in discovery and native admission (161.622834ms)
✔ native JSON dependencies preserve explicit lists, dormant expressions and unknown names across persistence/export (564.727083ms)
✔ imported native expressions control discovery and material print lists use original precedence (288.590291ms)
✔ incompatible imported presets stay editable but ordinary native resolution always enforces compatibility (989.084375ms)
✔ native first system filament save seeds the base printer once, but process and derived custom saves retain All (1570.597833ms)
✔ native full-config condition groups remain bounded and survive project settings plus archive roundtrip (438.525125ms)
✔ native compatibility ancestry retains a derived custom parent when Save as new copies it (702.996958ms)
✔ ordinary slice snapshots resolved machine/filament properties durably with no user connection fields (438.512625ms)
✔ native editor project jobs bind embedded properties and active-plate event metadata without command bodies (215.07925ms)
✔ raw archive uploads do not falsely claim selected-preset editor provenance (206.0295ms)
✔ bounded preview limitations do not reject a valid native configuration or invent summary defaults (223.7515ms)
✔ multipart slicing validates hidden native decisions and writes only the accepted source-derived value (503.673792ms)
✔ missing, stale, malformed and injected process decisions fail without jobs or abandoned uploads (291.869917ms)
✔ catalog-native projects preserve the decision after canonical preset flattening (270.6085ms)
✔ embedded native projects replay the same hidden decision before producing slicing and export bytes (241.916458ms)
✔ native project jobs select one plate, retain embedded settings, accept large projects, and clean temporary archives (555.257167ms)
✔ invalid native project settings and calibration payloads never queue native jobs (93.348792ms)
✔ direct project-import HTTP requests share the bounded native queue with raw helper callers (158.399416ms)
✔ original Preset::save emits parent differences and nullable variant nil markers, then native child loading resolves them (209.700208ms)
✔ user-diff projection matches captured independent complete native user-file loading (643.043708ms)
✔ independent user-file reference is pinned to retained inputs, generator and native worker sources (2.769167ms)
✔ native root-edit reload remains distinct from native user-file restart loading (126.247458ms)
✔ private server boundary retains original native diff, version, identity and full variants (110.951166ms)
✔ native sphere reaches connected back-facing surfaces while circle is view-facing and neither crosses disconnected shells (47.73275ms)
✔ circle brush uses projected radius; clipping and world overhang constraints restrict actual native subfacets (42.922417ms)
✔ subfacet bucket and triangle editing cross unequal shared edges without repainting other states (1.005667ms)
✔ gap fill uses strict local patch area and lowest adjacent state, preserving immutable snapshot decisions (0.548958ms)
✔ height paint and source native brush constraints reject invalid or excessive parameters (59.07325ms)
✔ native C++ polygon pipeline and source corner predicates: 81 outer/hole/negative/overlap/acute/tiny-edge cases (40.466041ms)
✔ default diameter uses native global first-layer width; strict right-angle boundary and duplicates preserve user ears (0.780083ms)
✔ mesh section honors grouped transforms and negatives, ignores modifiers, and rejects damaged topology (23.658916ms)
✔ disconnected ears connect through an ear chain without mutating geometry (1.417667ms)
✔ brim ear metadata rejects malformed, duplicate and unsupported native records (2.124709ms)
✔ native ears round trip by model index with plate offsets and object transforms (59.307667ms)
✔ ears follow grouped rebasing, mirror and placement while their diameter stays fixed (14.050167ms)
✔ part edits and deletion preserve object-level ears while part copies do not duplicate them (10.542709ms)
✔ finite capsule distances handle intersections, skew edges, parallel segments and degenerate projections (0.8295ms)
✔ continuous sphere and circle strokes cover the swept capsule between sparse pointer samples (107.254791ms)
✔ screen interpolation preserves facet transitions, curve bends and missed surfaces with bounded work (0.816125ms)
✔ explicit temperature measurement maps only to the source-defined filament settings (1.229083ms)
✔ explicit pressure-advance measurement maps only to the source-defined filament settings (0.383959ms)
✔ explicit retraction measurement maps only to the source-defined filament settings (0.245042ms)
✔ explicit max-volumetric-speed measurement maps only to the source-defined filament settings (0.235791ms)
✔ temperature requires a whole-degree value and no unsupported result is guessed (0.306458ms)
✔ temperature plan uses native labelled block coordinates, nozzle scale and native preset scope (2.56725ms)
✔ calibration rejects unsupported modes, arbitrary keys, invalid ranges, oversized towers and multiple extruders (0.789ms)
✔ PA plan derives bounded wall speed from the native flow area and 1 mm height schedule (0.352166ms)
✔ PA commands follow the selected native firmware flavor (0.506334ms)
✔ temperature interpolation follows the native first-two-layer and final-layer behavior (0.224291ms)
✔ postprocessor inserts actual calibration commands after native layer macros and preserves motion (0.669792ms)
✔ postprocessor refuses incompatible versions, missing anchors and inconsistent layer metadata (0.148084ms)
✔ clipped geometry is capped with consistent winding and preserves true volume (6.877791ms)
✔ clipping retains enclosed holes instead of filling the calibration cut solid (6.594292ms)
✔ calibration placement uses the real bed and rejects unsupported bed shapes (0.88625ms)
✔ input shaping generates native models and complete spiral, acceleration and cooling settings (2.246542ms)
✔ input shaping validates native ranges, firmware-specific types and request fields (0.460417ms)
✔ input shaping follows native frequency first-layer and second-layer firmware sequences (0.205416ms)
✔ damping preserves native zero no-op, initialization and float32 interpolation instead of fabricating resets (0.252958ms)
✔ only a final native spiral closing layer may repeat its preceding Z marker (0.236375ms)
✔ cornering maps positive Marlin junction deviation and other presets to native defaults and units (0.314167ms)
✔ cornering commands match native firmware parameters and zero no-op behavior (0.15975ms)
✔ cornering rejects overlapping schedule commands and removes stale time/progress while retaining material (2.03225ms)
✔ Bambu native layer and Z tags preserve temperature scheduling and original reserved comments (0.3185ms)
✔ fit keeps every corner of wide, tall and asymmetric objects within portrait and landscape camera frames (4.202667ms)
✔ camera fitting is translation invariant and validates malformed geometry and viewport dimensions (0.533625ms)
✔ fitting arbitrary viewing axes preserves orientation and contains every corner in both projections (0.443458ms)
✔ fit rejects degenerate or malformed viewing axes before producing invalid camera coordinates (0.300083ms)
✔ custom prepare/save derives hidden vase corrections, persists them outside overrides, and reopens durably (872.254625ms)
✔ save never accepts injected hidden settings, native patches, forged decisions, or caller capability flags (6.386333ms)
✔ structural failures block persistence and material warnings require their current acknowledgment signature (24.902167ms)
✔ source changes invalidate reviewed hidden corrections and sequential event decisions replay without repeated dialogs (150.776292ms)
✔ a standalone imported printer can be renamed even when no bundled process is compatible (360.822625ms)
✔ custom machine/process/filament snapshots persist and affect actual selection with strict compatibility (57.09025ms)
✔ derived machines retain native compatibility ancestry and expose custom bed geometry (21.356375ms)
✔ custom edits replace override map relative to frozen base and cannot mutate bundled files (15.850833ms)
✔ native inherited JSON imports resolve trusted names and export their native differences (293.078375ms)
✔ native imports reject missing/ambiguous parents, unknown fields, scripts, malformed dependencies, and credentials without saving partial data (17.567333ms)
✔ concurrent edits, rename collisions, delete/update races and write failures stay atomic (33.638292ms)
✔ corrupt custom store is reported instead of overwritten (6.236625ms)
✔ all native connector primitive vertices and triangles match independently compiled pinned native functions (9.518708ms)
✔ native primitive recentering produces closed outward surfaces for every connector type and shape (56.858417ms)
✔ plug clearances and cut identity match native processed-volume semantics (180.610083ms)
✔ dowels produce independent upright solids and two tolerance-expanded holes with native preview offsets (18.5295ms)
✔ snap and asymmetric polygon connectors retain native geometry on oblique planes (23.49075ms)
✔ invalid placement, intersecting negative regions and malformed plans fail without changing the source (29.877958ms)
✔ repeated cuts increment source family counters and synchronize surviving peers without changing unrelated families (44.505458ms)
✔ exact one-volume geometry correspondence retains cut identity and connector flags (0.859333ms)
✔ changed topology clears all family identities and connector flags while preserving every replacement surface (0.882ms)
✔ split or assembly membership invalidates original families instead of duplicating stale connector flags (0.7255ms)
✔ cut identities preserve unsigned 64-bit values exactly and reject unsafe numbers (2.634292ms)
✔ connector types and distances are explicit and do not infer editable source plans (0.261958ms)
✔ cut XML uses native object and volume indexes, repeated connector containers and exact identity strings (2.326ms)
✔ malformed XML, missing identities, duplicate indexes and invalid connector references fail explicitly (0.781625ms)
✔ native project roundtrip retains grouped connector identities, roles, material slots and plate reindexing (103.413167ms)
✔ missing object or volume metadata references reject before the native executable (20.353833ms)
✔ repeated build instances retain one native cut record on every expanded group (12.22125ms)
✔ membership and role changes invalidate related cut metadata without deleting connector geometry (0.510625ms)
✔ client normalization and server preparation preserve only validated cut fields (23.36ms)
✔ empty native mesh volumes cannot shift connector volume indexes silently (8.386667ms)
✔ near-edge cuts remove Float32-collapsed faces and split collinear boundary edges without moving the plane (4.450042ms)
✔ Cut transport uses its bounded geometry output budget and validates the native replay identity (613.972833ms)
✖ Cut transport cancellation and queue deadlines remove all isolated geometry (413.426167ms)
✔ original Cut to parts result applies atomically: ordinary STL without retained frame (24.397208ms)
✔ original Cut to parts result applies atomically: linked translated solids (11.835792ms)
✔ original Cut to parts result applies atomically: two normal volumes preserve A B interleaving (16.815167ms)
✔ original Cut to parts result applies atomically: crossed and outside helpers retained exactly once (15.114417ms)
✔ original Cut to parts result applies atomically: tilted scaled mirrored source with oblique cut (8.63675ms)
✔ original Cut to parts result applies atomically: selected mirrored tilted instance (7.147125ms)
✔ original Cut to parts result applies atomically: first instance no auto-drop (7.41525ms)
✔ Cut to parts rejects incompatible controls and invalid planes before native work (5.146708ms)
✔ native output validation rejects identity, reordering, lost modifiers and unbounded geometry (3.952166ms)
✔ native geometry keeps full source frames and strips topology-dependent painting only on the returned transaction (2.362167ms)
✔ captured Cut oracle retains pinned source, independently rebuilt generator and exact fixture inputs (11.450792ms)
✔ printer credentials persist privately; public records and reads cannot mutate the store (11.468834ms)
✔ concurrent creates and edits preserve every record and the latest credential (53.416208ms)
✔ failed atomic replacement leaves memory intact, cleans the temporary file, and allows later writes (5.652917ms)
✔ corrupt or invalid stored connections abort startup without replacing their contents (9.344125ms)
✔ malformed URLs, credentials, names, and camera URLs are rejected without persisting a connection (3.104833ms)
✔ native C++ dovetail plane math and ordered half-space paths match: basic (2.645125ms)
✔ native C++ dovetail plane math and ordered half-space paths match: repeated (0.202917ms)
✔ native C++ dovetail plane math and ordered half-space paths match: tapered (0.149666ms)
✔ native C++ dovetail plane math and ordered half-space paths match: obtuse (0.091542ms)
✔ native C++ dovetail plane math and ordered half-space paths match: zero-clearance (0.127333ms)
✔ native C++ dovetail plane math and ordered half-space paths match: negative-clearance (0.096459ms)
✔ native dovetail cuts produce closed real tongues/sockets and exact analytic clearance volume (51.648083ms)
✔ repeated tapered and oblique dovetail cuts preserve closed fragments, retained sides and bed placement (183.979125ms)
✔ dovetail family updates preserve peers, existing connector metadata and intersecting modifier volumes (26.187958ms)
✔ invalid or unsupported dovetails fail without mutating source or returning zero-volume pieces (1.504208ms)
✔ hidden normal parts remain in the cut family and native project roundtrip retains final geometry and identities (285.838334ms)
✔ split and assembly remap sparse native painting to exact source triangles (31.454084ms)
✔ ordinary repair preserves painting through triangle reindexing and rejects painted deletion (19.811625ms)
✔ compatible orientation repair preserves exact painted subregions and incompatible bases fail before loss (7.985292ms)
✔ assembly rejects incompatible reflected nonuniform paint while uniform states remain preservable (9.6375ms)
✔ native nibble strings decode exact states and split-child order with lossless encoding (0.998833ms)
✔ bounded painting validation rejects malformed, truncated, excessive and incompatible native data (0.728791ms)
✔ painting records actual facets, connected fill and sphere refinement without changing source surfaces (13.41425ms)
✔ winding changes preserve exact asymmetric native painted regions via explicit vertex order (0.522334ms)
✔ filament remapping swaps native leaves simultaneously and includes base part and object fallback without changing geometry (2.636291ms)
✔ mapping identity is a no-op and invalid source, target, role and group settings fail before edits (0.3205ms)
✔ native per-plate output sequence aliases and associations survive selected/reordered exports (0.838292ms)
✔ native output metadata rejects missing plate, invalid indices and oversized arrays (2.63525ms)
✔ layer orders use native equal-width interval encoding beyond the misleading scalar max of sixteen (0.488417ms)
✔ orders reject duplicate/missing slots, malformed ranges and mismatched native record widths (0.184042ms)
✔ native project service preserves sequence metadata per plate and rejects malformed order before export (471.611334ms)
✔ adding slots preserves existing purge values and initializes the native 140+140 transition defaults (1.630167ms)
✔ removing a used slot fails; unused removal remaps parts and layer events without changing the original (0.919958ms)
✔ embedded slot duplication preserves per-material vector values and round-trips an unused slot removal (0.354708ms)
✔ flow methods use native percent versus additive formulas and source-specific sample lists (1.921959ms)
✔ flow geometry preserves labels and per-object ratios with ten-layer scaling and group centering (6.161ms)
✔ flow plan rejects unknown fields, bad ranges and unsafe substitutions for labelled native specimens (4.047458ms)
✔ flow output validation requires every prepared native specimen and preserves native moves and estimates (2.499334ms)
✔ font service serves only allowlisted native bundled files and their attribution, rejecting links and path requests (98.248584ms)
✔ normal native role colors and ordering match independently extracted pinned declarations (5.380375ms)
✔ opt-in raw source changes no parsed geometry or estimates and preserves exact line text (0.39825ms)
✔ hiding a role preserves scrubbed source position and original arc command identities (0.480292ms)
✔ source window retains non-motion commands and all semicolon text; no hidden or empty path invents an active line (0.172167ms)
✔ source and display bounds report their limits without dropping a line number or treating unparsed context as a selected move (0.311ms)
✔ actual GUI-exported2.4.2 G-code retains102 layer/command mappings and native feature ordering without inferred timing (79.778375ms)
✔ scalar colors and legend values equal unmodified native ColorRange/Types C++ in 50 boundary and interpolation cases (3.534042ms)
✔ commanded flow matches six independent C++ float-operation cases and rejects missing or non-extrusion inputs (0.368416ms)
✔ native height/width tags persist across roles, clamp excessive width, and clear invalid metadata without geometry mutation (2.593ms)
✔ filament config overrides header, tool commands select diameter, heater T parameters do not and M221 does not change commanded flow (0.247166ms)
✔ known tags remain inspectable while arc, volumetric E, wipe, firmware retract and conflicting relative modes leave flow unavailable (0.446166ms)
✔ missing diameter, feed or tags produce explicit nulls and source-less previews are not populated from assumptions (0.156041ms)
✔ native scalar ranges cover the whole file and only exclude hidden Custom for width/flow, preserving native singleton behavior (0.187125ms)
✔ all 6,896 tagged linear motions from the actual native GUI fixture equal the independent C++ float rows (80.8155ms)
✔ preview changes tools only for leading T commands, never heater or acceleration parameters (2.911417ms)
✔ tracks native layer/feature comments, feed rates, tools and genuine header estimates (5.803083ms)
✔ absolute/relative axes and M82/M83 extrusion modes remain explicit across G92 resets (0.536542ms)
✔ distinguishes extrusion, travel, moving retraction and stationary retraction/unretraction (0.25625ms)
✔ tessellates clockwise/counterclockwise IJ arcs, full circles and helical Z motion (0.724417ms)
✔ supports radius-defined minor/major arcs and alternate planes without flattening them (1.397958ms)
✔ invalid arcs are reported and omitted rather than converted into fabricated straight paths (0.285916ms)
✔ unknown starting coordinates and homing do not produce invented moves (0.373875ms)
✔ commentless layers use extruding Z and ignore non-extruding Z-hop heights (0.21825ms)
✔ duplicate native layer comments annotate one layer and missing native estimates remain absent (0.3175ms)
✔ caps segments, lines, characters and arc subdivision with explicit partial-preview diagnostics (0.460292ms)
✔ parses inches, modal moves, comments, compact commands, line numbers and checksum suffixes (0.4925ms)
✔ absolute arc-center mode and coordinate safety limits are respected (0.232625ms)
✔ Orca setup/purge paths do not shift one-based printed layer labels (0.202166ms)
✔ complete generated pattern import captures four-layer geometry/settings/plate binding and survives JSON scene roundtrip (57.135333ms)
✔ stale generated patterns reject transform, geometry, native settings, plate and command edits (54.357041ms)
✔ incomplete marked projects cannot establish a new binding, ordinary custom commands retain existing semantics (10.251417ms)
✔ native project preparation accepts unchanged embedded import and rejects changed geometry, presets and plates (73.8765ms)
✔ browser edit guard retains fixed paths and checks effective process settings while allowing selection and names (5.464833ms)
✔ saved version-one pattern bindings retain their original geometry/settings/active-plate fingerprint (26.854459ms)
✔ planar cut produces closed caps with conserved volume and preserves transformed placement (13.568375ms)
✔ cut caps preserve nested cavities, islands and disconnected shells (6.363958ms)
✔ cut through existing vertices/edges remains manifold and invalid surfaces fail without mutation (1.907709ms)
✔ concave cut contours cap the real outline rather than its convex hull (3.782917ms)
✔ mirroring transforms asymmetric geometry, preserves outward winding and is reversible (1.346875ms)
✔ native group cut preserves part roles, assignments and shared overrides without orphaned modifiers (4.892417ms)
✔ split disconnected shells preserves transformed world surfaces and leaves source unchanged (7.966375ms)
✔ assembly metadata disassembles parts at current world positions without a Boolean union (1.090542ms)
✔ repair removes degenerate and duplicate faces, fixes isolated winding errors, and retains dimensions (1.125542ms)
✔ repair reports open boundaries and does not invent caps or flip nested cavity shells (1.322792ms)
✔ transforms rotate and scale about source center while position is world translation (2.65625ms)
✔ combined Euler rotation matches Three.js XYZ convention used by the viewport (1.000291ms)
✔ bed placement centers XY and drops transformed minimum Z while imported assemblies keep offsets (1.894666ms)
✔ scene bounds, duplicate, remove and hidden objects use independent serializable meshes (2.16725ms)
✔ arrange keeps transformed boxes inside build volume with nonoverlapping XY footprints (3.843291ms)
✔ mesh analysis identifies closed topology, open boundaries, degeneracy and duplicate faces (1.168958ms)
✔ binary STL includes only visible triangles with baked transforms and repaired mirrored winding (1.590167ms)
✔ place on face rotates an outward side normal down, retains XY center and resets transforms (1.101833ms)
✔ invalid input coordinates and zero scale are rejected before geometry export (0.36325ms)
✔ server validates and preserves shared editing frames in web metadata while native geometry stays baked (213.317584ms)
✔ source-derived positive shrinkage schedule matches every captured OrcaSlicer 2.4.2 GUI layer (30.180542ms)
✔ height ranges normalize native scalar/vector settings, expose only region controls plus mandatory layer height, and sort natively (69.104792ms)
✔ native overlaps trim later ranges rather than merge settings, including identical starts and fully covered ranges (0.37225ms)
✔ range validation rejects unsafe numbers, duplicate bounds, host scripts, global controls and missing layer heights (0.424666ms)
✔ range layer-height bounds follow native extruder fallback and zero maximum uses 75 percent nozzle (0.182667ms)
✔ XML roundtrip uses 1-based model-object indices, preserves gaps and rejects malformed or hostile metadata (0.778ms)
✔ native range metadata attaches to whole model objects, not component resource IDs, and remaps selected plates (55.616417ms)
✔ all instances of one native model object inherit its indexed ranges (15.27875ms)
✔ regrouping adopts the target height ranges and detached copies retain independent values (1.236458ms)
✔ server sanitizes and preserves ranges, validates nozzle bounds and rejects hidden host hooks (123.063625ms)
✔ structural preflight validates effective ranged settings after ordinary part settings (14.348ms)
✔ SVG physical units, viewBox mapping and scale leave extrusion depth in millimetres (22.572375ms)
✔ bounded ZIP reader accepts stored/deflated entries and rejects oversized or forged expansions (32.868459ms)
✔ file limits apply before reading file bytes and triangle limits before STL/OBJ expansion (0.461042ms)
✔ STEP mesh conversion preserves assembly names, rejects bad indices and enforces mesh budgets (1.448292ms)
✔ official OpenCascade WASM tessellates upstream STEP cube into actual closed surfaces (331.537917ms)
✔ native initial profile, layer schedule and complete RGBA/LOD textures match independent C++ case 0 (2.852042ms)
✔ native initial profile, layer schedule and complete RGBA/LOD textures match independent C++ case 1 (1.567667ms)
✔ native initial profile, layer schedule and complete RGBA/LOD textures match independent C++ case 2 (1.939916ms)
✔ native initial profile, layer schedule and complete RGBA/LOD textures match independent C++ case 3 (1.092583ms)
✔ native initial profile, layer schedule and complete RGBA/LOD textures match independent C++ case 4 (0.936917ms)
✔ native initial profile, layer schedule and complete RGBA/LOD textures match independent C++ case 5 (0.989ms)
✔ native initial profile, layer schedule and complete RGBA/LOD textures match independent C++ case 6 (0.486583ms)
✔ native initial profile, layer schedule and complete RGBA/LOD textures match independent C++ case 7 (0.792917ms)
✔ editable uniform initialization inserts one collinear pair while preserving native range discontinuities (0.657583ms)
✔ default preview layers retain native range heights instead of silently becoming uniform (2.066917ms)
✔ native cursor band is yellow at half strength in the center and fades to zero outside its cosine band (0.083084ms)
✔ malformed profiles and native texture overflow are rejected before allocating unsafe buffers (10.353459ms)
✔ default C++ fused arithmetic differs only by documented one-channel rounding units (17.526125ms)
✔ legacy activation is version-gated and accepts canonical numeric/percent material values (0.540125ms)
✔ legacy mesh conversion retains absolute XY and joins OBJ submeshes into one native object while dropping Z (229.266125ms)
✔ preserved-position binary STL and grouped OBJ use the same bounded initialized native geometry (154.1245ms)
✔ automatic-placement conversion delegates packing to native export and forwards isolated settings/cancellation (103.908875ms)
✔ malformed and oversized legacy geometry fail explicitly before initialized archive creation (15.734667ms)
✔ max flow uses native width, height, maximum layer adjustment and allowance in the correct preset scopes (12.623417ms)
✔ max flow follows float32 native flow area, selected filament ratio and continuous rounded per-height speed (3.642416ms)
✔ max flow never lowers a native maximum layer height already sufficient for its nozzle (1.504083ms)
✔ max flow rejects invalid, overly short/tall and zero-native-speed ranges without inventing safe values (3.581417ms)
✔ STL loader displays actual binary vertices and import placement matches selected bed (6.699708ms)
✔ OBJ loader preserves named surface groups and their relative positions (6.286542ms)
✔ empty geometry and unsupported file formats fail instead of rendering placeholder meshes (0.753333ms)
✔ selection expands native objects, toggles whole groups, honors part scope and excludes other plates (11.181084ms)
✔ joint affine edits preserve every group, painted facet and brim position with a stable numeric transform frame (16.043709ms)
✔ duplicate and delete operate on distinct complete native groups in one result without cross-plate edits (4.291166ms)
✔ native rectangle membership retains an existing superset, replaces new hits, adds with control, and selects only modifier volumes (0.985459ms)
✔ saved multiple selection and affine frame roundtrip; stale frame clears and invalid vectors or forged state reject (13.724167ms)
✔ batch center and drop translate jointly using normal surfaces, preserve spacing and do not change another plate (1.221958ms)
✔ batch edits retain editable text source placement and native object-owned brim anchors under part scope (15.447125ms)
✔ original C++ all-plate totals: multiple-maps-and-native-assignment-filter, normal, metric (1.073042ms)
✔ original C++ all-plate totals: multiple-maps-and-native-assignment-filter, normal, imperial (0.129292ms)
✔ original C++ all-plate totals: multiple-maps-and-native-assignment-filter, stealth, metric (0.0875ms)
✔ original C++ all-plate totals: multiple-maps-and-native-assignment-filter, stealth, imperial (1.288833ms)
✔ original C++ all-plate totals: zero-columns-and-disabled-stealth, normal, metric (0.237292ms)
✔ original C++ all-plate totals: zero-columns-and-disabled-stealth, normal, imperial (0.222042ms)
✔ original C++ all-plate totals: zero-columns-and-disabled-stealth, stealth, metric (0.16075ms)
✔ original C++ all-plate totals: zero-columns-and-disabled-stealth, stealth, imperial (0.123875ms)
✔ original C++ all-plate totals: native-commands, normal, metric (0.198416ms)
✔ original C++ all-plate totals: native-commands, normal, imperial (0.219833ms)
✔ original C++ all-plate totals: native-commands, stealth, metric (0.25475ms)
✔ original C++ all-plate totals: native-commands, stealth, imperial (0.133541ms)
✔ original C++ all-plate totals: native-gui, normal, metric (0.178208ms)
✔ original C++ all-plate totals: native-gui, normal, imperial (0.100041ms)
✔ original C++ all-plate totals: native-gui, stealth, metric (0.107583ms)
✔ original C++ all-plate totals: native-gui, stealth, imperial (0.070042ms)
✔ original native time labels retain float division, minute rounding and subsecond sprintf behavior (0.170334ms)
✔ all-plate totals require every completed native editor result and consistent palettes/properties (0.660375ms)
✔ arrangement transport validates identity/results and always removes isolated request files (327.766458ms)
✔ arrangement input/output/console bounds and whole-operation deadlines reject stalled helpers (526.811209ms)
✔ active/queued cancellation, overflow and shutdown do not retain geometry or processes (158.458333ms)
✔ request preserves assemblies/part roles and transforms; selected-only keeps other objects fixed (36.371291ms)
✔ rigid native delta rotates whole assembly while preserving geometry, painting, settings and other objects (3.112709ms)
✔ spill placements create independent plates, preserve their native settings and clear moved selection (1.450917ms)
✔ invalid options, locked/empty selections and malformed native results never mutate project (5.901917ms)
✔ legacy single selection survives arrangement when selectedIds is empty (13.139625ms)
✔ real GUI plate images retain exact bytes through bounded JSON and generate correct native references (78.049209ms)
✔ appearance edits invalidate only the affected plate while selection, name and process changes retain render assets (15.137417ms)
✔ selected and reordered plate exports renumber image paths without retaining another plate image (21.056708ms)
✔ missing references produce actionable warnings and unsafe image references reject without filesystem access (5.484708ms)
✔ malformed base64, unknown image kinds, invalid chunks and image resource bounds fail closed (8.811083ms)
✔ actual native archive and strict service exports retain image bytes and omit stale or instance-ID picking references (296.480958ms)
✔ native attachments, cover relationships and attribution survive JSON and native export with exact opaque bytes (222.091417ms)
✔ native folders accept supported uploads atomically and preserve byte count and Unicode names (1.242333ms)
✔ rename and deletion keep covers coherent, clear generated cover files and leave original history unchanged (10.714959ms)
✔ missing designer covers and referenced cover resources are diagnosed without external reads (34.960791ms)
✔ unsafe paths, portability collisions, malformed payloads and reference forgery reject before output (0.250542ms)
✔ unknown auxiliary categories and root-level opaque files survive while metadata rejects invalid keys and values (0.266125ms)
✔ picture previews accept bounded static raster data and never interpret renamed active or oversized content (0.806167ms)
✔ real OrbitControls gestures follow all81 original native button mappings, including modifier keys (31.280333ms)
✔ native default middle drag pans without dollying and selected orbit speed scales the angle (0.359875ms)
✔ reverse wheel changes zoom direction without changing later touch pinch direction (0.417917ms)
✔ reentrant wheel events and disposal restore the original zoom speed; paint can suppress left camera gestures (0.224875ms)
✔ camera preferences use exact native defaults, preserve supported values and reject malformed storage (0.326209ms)
✔ orbit input commits on native bounds and two-decimal formatting (0.974375ms)
✔ camera reference retains original method and generator provenance (2.201958ms)
✔ Copy is detached; paste preserves names, painting and settings with fresh IDs (25.434416ms)
✔ All model objects participate, including invisible and other-plate objects (3.726916ms)
✔ Invalid worker transforms, identity changes, clone bounds and calibration reject atomically (2.59025ms)
✔ Clones retain processed connector geometry but detach copied cut identity (1.900334ms)
✔ Part paste applies returned raw mesh transform and adopts destination object settings (0.93525ms)
✔ Ordinary imported mesh retains native instance frame through Copy and JSON; stale topology rejects (107.806542ms)
✔ Modes require native whole-object/part destination selection and unchanged active plate (0.318208ms)
✔ Part Clone validates each copy/index pair and applies one atomic result (2.703292ms)
✔ compatibility metadata retains explicit lists and conditions while only the explicit leaf alias is sent to native naming (2.661042ms)
✔ listing selects active process for filament evaluation and carries native library exclusions (1.734083ms)
✔ listing does not fall back on helper failure, mismatched result IDs, or cancellation (0.306958ms)
✔ an incompatible selected process is explicit and native parser warnings retain original acceptance (0.251625ms)
✔ all catalog batches share one deadline rather than resetting the timeout per helper (51.691958ms)
✔ configuration cache identifies the current binary before reuse and rejects a removed helper (41.830916ms)
✔ binary replacement during a request never publishes or caches the stale output (16.387958ms)
✔ configuration failures preserve native error identity, diagnostic properties and cancellation reason (7.646ms)
✔ one application lifetime aborts active and queued calls, waits for cleanup and leaves other lifetimes usable (20.4555ms)
✔ native config queue bounds processes, aborts queued work, and shares one deadline (98.880208ms)
✔ native config request/output bounds and source version are enforced before use (40.067083ms)
✔ cached configurations are defensive and keyed by request and helper path (31.527833ms)
✔ native defaults and ordinary resolved numeric values satisfy structural checks (1.356166ms)
✔ native minimum diameter, layer, clearance and flow checks retain exact boundaries (0.448875ms)
✔ CLI vase restrictions include hidden support layers while GUI validation permits its correction flow (1.665417ms)
✔ line widths resolve percentages against largest nozzle and bridge widths are bounded by smallest nozzle (0.369ms)
✔ firmware retraction rejects wipe even at 100 percent and invalid enums and nonfinite values are reported (0.345916ms)
✔ native cover applies all three relationships and designer metadata atomically without changing opaque attachments or source state (164.113833ms)
✔ incomplete, foreign, stale and wrongly sized native cover results fail without a partial project edit (1119.057041ms)
✔ text attachment preserves one imported native object identity through edit and native export (91.12825ms)
✔ text attachment preserves multiple linked native object identity through edit and native export (16.418042ms)
✔ svg attachment preserves one imported native object identity through edit and native export (86.376417ms)
✔ svg attachment preserves multiple linked native object identity through edit and native export (29.450666ms)
✔ legacy attachment preserves one imported native object identity through edit and native export (59.510875ms)
✔ legacy attachment preserves multiple linked native object identity through edit and native export (10.513875ms)
✔ standalone native creations stay independent of the selected native family (0.510583ms)
✔ Cut captures the detached model snapshot and erases only its selected groups without changing source state (2.119167ms)
✔ Cut parts retain the remaining normal volume; removing the last normal part rejects atomically (0.885917ms)
✔ Clipboard survives independently restored project history and subsequent paste uses fresh identities (3.855834ms)
✔ Cut rejects locked/generated projects and explicitly invalidates surviving processed cut correspondence (0.60575ms)
✔ native part invalidation is its own geometry-preserving operation and family equality includes checksum/count (0.80025ms)
✔ delete-all-connectors removes matching family connectors and empty connector objects while retaining cut identities (0.48675ms)
✔ removing a helper promotes the final volume overrides into native object settings (0.220083ms)
✔ original Units formatting: zero (1.685125ms)
✔ original Units formatting: small (0.250958ms)
✔ original Units formatting: fraction (1.337709ms)
✔ original Units formatting: native-ounces (0.130125ms)
✔ original Units formatting: minute-rounding (0.165167ms)
✔ original Units formatting: large (0.097958ms)
✔ original Units formatting: percent-boundary (0.098333ms)
✔ original Units formatting: percent-below (0.080083ms)
✔ native role imperial conversion quirk remains isolated from once-converted Summary weight (0.157875ms)
✔ Units preference defaults to native metric, persists exact native string values, and rejects malformed storage (1.563084ms)
✔ storage failure is surfaced on save without changing native default read behavior (0.528459ms)
✔ source platform Preferences shortcut respects text input/modal and composition guards (0.67375ms)
✔ original formatting reference retains pinned commit and source hash (8.486583ms)
✔ native fixed decimals match printf for exact and false half ties, signed zero, subnormals and large values (0.250667ms)
✔ regenerated glyph bounding box preserves its exact prior world frame and native JSON/3MF metadata (115.761166ms)
✔ native surface request includes only same-group normal parts and preserves reflected source transforms (85.131625ms)
✔ native regeneration requires painting-loss consent and leaves source input untouched (56.820875ms)
✔ native per-glyph metadata requests the real layout with its source geometry (81.364333ms)
✔ native request validates typed font settings, matrices, geometry totals and explicit unsupported features (2.584334ms)
✔ native response requires pinned engine identity and bounded valid indices (0.177875ms)
✔ wrapper uses only opaque font ID with trusted resolver and returns parsed mesh (60.579792ms)
✔ worker errors and malformed output cannot become successful geometry (100.707417ms)
✔ active cancellation kills uncooperative child, clears queue slot and subsequent job runs (379.649625ms)
✔ queued cancellation never resolves a font or spawns a child, and queue bounds reject overload (2.269583ms)
✔ wall deadline includes pending font resolution and queued wait, without late spawn (74.680209ms)
✔ stdout and stderr overflow stop child and preserve bounded diagnostics (87.015166ms)
✔ closing cancels active and queued work and rejects future requests (2.579083ms)
✔ fresh native GUI planar fixture retains text/shape attributes, exact overlap and independent regeneration plane (269.413125ms)
✔ fresh native GUI surface fixture retains text/shape attributes, exact overlap and independent regeneration plane (106.151584ms)
✔ native metadata roundtrip retains all source font attributes and explicit alignments (233.030458ms)
✔ baked native groups, reflected painting frames, brim centering and multiple plates preserve regeneration placement (177.670417ms)
✔ single-part face placement, group rebasing, multiple-selection baking and duplicate preserve native frame (355.0605ms)
✔ topology rewrites remove stale native regeneration data and expose an explicit loss message (44.178708ms)
✔ self-contained native SVG shape archive survives without filesystem access (71.045917ms)
✔ malformed text, nonaffine/singular frames and active SVG metadata are rejected before export (35.433291ms)
✔ deleting a neighboring part preserves a transformed native text frame without rebaking it (124.801083ms)
✔ native XML legacy inline shapes and numeric alignment values follow the pinned loader (0.335125ms)
✔ retained native source stays bounded and rejects stale geometry, hidden vertices and invalid indices (68.231458ms)
✔ face placement of a retained plain parent mesh keeps its precision source bound (43.119917ms)
✔ native Filament and Summary colors match original C++ for palette wrapping, travels, wipes and pause/custom layers (1.700083ms)
✔ native filament category presence, float row totals, double column totals and imported cost match original GUI source (0.974584ms)
✔ compact native weight formatting matches original g/kg/t and imperial boundaries (0.283875ms)
✔ old metadata and invalid material properties remain unavailable; empty maps do not invent categories or tool identities (0.34925ms)
✔ additive native material schema bounds maps, identities, counts and provenance while accepting old helpers (3.82175ms)
✔ native compact counts truncate suffix tenths and two-line usage retains native unit formatting (0.144708ms)
✔ Fill applies original and added instance frames atomically, retains selection, geometry and painting (11.183708ms)
✔ Repeated Fill reconstructs genuine shared instances; native and JSON roundtrips retain that identity (28.87525ms)
✔ Native Clone creates an independent model object instead of extending the Fill instance family (1.326042ms)
✔ A diverged instance is explicit and cannot silently replace peer settings or surfaces (1.969334ms)
✔ All scene instances participate including hidden/off-plate members; selected instance determines native plate (0.759375ms)
✔ Fill without additions is a strict no-op and malformed output cannot enter history (0.737125ms)
✔ Selection, vendor, locked plate and generated calibration failures are actionable (0.210458ms)
✔ Shared-instance export preserves brim ears in each instance frame (4.278209ms)
✔ Imported native text regeneration metadata remains equivalent across linked instance frames (264.361416ms)
✔ Fill HTTP validates whole project and effective native settings before dispatch, then rejects invalid output (92.533833ms)
✔ Fill derives its tower from the selected plate and complete project without mutating either input (4.609291ms)
✔ disabled Fill towers need no redundant geometry; enabled towers reject missing native palette (1.843084ms)
✔ Fill shares bounded native queue, validates outputs, cancels active/queued work and cleans request files (442.974833ms)
✔ native font catalog retains bundled IDs, includes trusted TTCs and excludes escaped links (24.294667ms)
✔ worker validates native identity and output while every successful/failed request cleans its files (427.015125ms)
✔ worker enforces input, result and console byte limits (135.346125ms)
✔ worker retains its short deadline for stalled native code independently of byte-limit checks (200.064542ms)
✔ worker cancels active and queued requests, enforces queue capacity and drains on shutdown (179.980542ms)
✔ operation deadlines include queue wait rather than granting every queued job another full execution window (359.308584ms)
✔ FPS caps match original native std::stoi and clamping across malformed values and signed overflow (0.423584ms)
✔ frame-start pacing matches the original native millisecond wait calculation (0.071625ms)
✔ completed-frame samples match original RenderStats including its strict1000ms boundary and idle interval (0.080166ms)
✔ graphics preferences normalize stored caps and retain explicit persistence errors (0.499125ms)
✔ graphics reference retains the pinned source, extracted C++ and generator provenance (0.63125ms)
✔ native hotend client uses only the owned job route and verifies the returned asset hash (28.955542ms)
✔ old endpoint fallback is explicit and server/missing/changed assets do not silently substitute a model (76.883208ms)
✔ native image HTTP capability and errors are bounded explicit responses with a clean shutdown (155.953333ms)
✔ native image capabilities require the complete pinned identity and explain a missing helper (270.391333ms)
✔ cover input rejects invalid bytes, paths and extreme native intermediate surfaces before spawning (1.417458ms)
✔ active and queued image work obey cancellation, capacity and cleanup without spawning an extra child (277.122292ms)
✔ native image deadlines and excessive child logs terminate work and remove private files (1503.713875ms)
✔ worker errors and malformed result descriptions cannot publish an incomplete cover set (621.119417ms)
✔ relative configured helper paths still resolve after entering a private work directory (425.586458ms)
✔ linked Cut replaces every shared instance with two new ModelObject families, one immutable transaction (32.214875ms)
✔ analytic horizontal frame geometry grounds upper and lower independently and keeps peer XY/Z rotation (28.396417ms)
✔ cut native archive retains shared object identity, source frames, processed connector metadata and independent families (549.156167ms)
✔ two-plate Cut sends global native offsets and returns plate-local geometry without moving peers to the selected plate (12.201291ms)
✔ no-auto-drop flags preserve original height while native first-instance grounding shifts eligible peers equally (7.265333ms)
✔ dowels discard the old preview grounding before native per-instance placement, including disabled auto-drop (262.225583ms)
✔ only explicit instance families share a Cut; unrelated cut-family peers are preserved and painting changes require the existing consent flow (6.610458ms)
✔ strict response validation rejects altered identity, XY, scale, auto-drop and stale topology before applying (8.011042ms)
✔ oversized native load scaling dialog is explicit instead of silently inventing a scaling decision (17.694292ms)
✔ browser min/max bed contract retains exact two-plate native frames and local results (17.989ms)
✔ browser bed dimensions enforce native oversized dialog boundary and reject invalid dimensions (33.432084ms)
✔ shared object/part settings propagate with one immutable transaction, preserving exact raw mesh and frame (101.894666ms)
✔ part translation uses one shared component frame even with rotated and mirrored peer instances (39.785541ms)
✔ paint, filament, volume role, name and height metadata are shared but visibility and printable flags are instance-local (1.239541ms)
✔ world-Z rotation and XY translation remain local; tilt/scale synchronize peers without copying XY or Z rotation (31.704833ms)
✔ deleting a part removes that volume from all peers; deleting a whole instance leaves its peers (8.401333ms)
✔ adding a part to a linked group creates one corresponding part in every instance (18.407417ms)
✔ incompatible concurrent part edits reject atomically; stale geometry carriers are never silently accepted (4.942209ms)
✔ topology replacement without a stale carrier propagates actual geometry, keeps peer placement and export identity (7.103959ms)
✔ native no-auto-drop peer synchronizes Z; ordinary selected instance auto-drop leaves peer Z unchanged (0.177042ms)
✔ unrelated project edits and untouched instance metadata remain strict no-ops (2.390583ms)
✔ native auto_drop survives both archive and JSON roundtrips and rejects forged nonboolean values (23.117625ms)
✔ brim ears and imported text regeneration frames follow shared edits in model coordinates (191.145ms)
✔ native matrix rules match independent unchanged C++ Selection method in all six cases and both auto-drop states (1.161125ms)
✔ nonconflicting edits to different shared volumes merge instead of overwriting one another (8.475542ms)
✔ native parts normalization does not create false peer conflicts from absent empty override arrays (6.976333ms)
✔ mirroring synchronizes linked instance handedness without detaching shared paint or indexed geometry (5.543708ms)
✔ native manipulation conversion: metric-0-valid (0.862375ms)
✔ native manipulation conversion: metric-1-valid (0.242584ms)
✔ native manipulation conversion: metric-2-valid (0.138ms)
✔ native manipulation conversion: metric-3-valid (0.84525ms)
✔ native manipulation conversion: imperial-0-valid (0.117459ms)
✔ native manipulation conversion: imperial-1-valid (0.051125ms)
✔ native manipulation conversion: imperial-2-valid (0.068917ms)
✔ native manipulation conversion: imperial-3-valid (0.039458ms)
✔ conversion reference records pinned unchanged methods and generator provenance (0.951125ms)
✔ unit conversions reject invalid numeric values and unknown manipulation fields (0.700042ms)
✔ all 19 original native geometry captures preserve travel/wipe solids, corner angles, endpoint positions and bias through the adapter and GPU buffers (10.362833ms)
✔ native Travel takes its actual tool color in Tool mode; Wipe retains native yellow (0.514ms)
✔ source fallback does not acquire native travel tubes and its three-component extrusion HWA receives zero bias (0.732083ms)
✔ source object and region memberships reject global options and decode native percent/vector values (59.389333ms)
✔ object edits propagate within one native group and part edits remain independent (0.976292ms)
✔ joining a group adopts its settings; changing role requires a visible normal part (1.241167ms)
✔ one native object owns shared volumes, sorted Layers then Instances, painted/height flags and assigned plate root (7.574542ms)
✔ a missing native extruder key omits the range row while retaining Layers and untouched metadata (0.421667ms)
✔ cut connector predicate hides processed connectors and exposes dedicated selection even when volumes collapse (0.553458ms)
✔ native source categories exclude restricted roles, parent-equal layer height and unsupported scope keys (0.100083ms)
✔ object selects current-plate instances; instance chooses one group; part row follows selected instance (0.47825ms)
✔ cross-plate instance selection switches plate explicitly; object selection stays on that plate (0.268291ms)
✔ printability is per instance or all shared instances and survives strict native 3MF roundtrip (32.928875ms)
✔ native action reset preserves extruder and object-only part compensation, applies linked parts atomically (2.328125ms)
✔ layer reset retains extruder and restores parent layer_height without modifying other ranges; stale rows reject (1.213ms)
✔ unchanged pinned C++ predicate and SetIdx reference match exhaustive connector/type combinations and renumber labels (2.279042ms)
✔ role icons, inherited filament values and reset action availability follow native volume roles (0.316666ms)
✔ Hide/Show preserves native printability and other instances, and does not mutate the source (1.455625ms)
✔ native 3MF preserves all four painted channels and exact mirrored two-edge subfacets (101.338292ms)
✔ raw 3MF safety gate rejects dangerous malformed native facet trees before the CLI sees them (54.123916ms)
✔ mirrored subfacet regions coexist with centered native brim frames and project persistence (16.59325ms)
✔ geometry edits preserve valid facet correspondence or clear painting when topology changes (63.574959ms)
✔ project service rejects missing painted filament slots and helper-volume paint (102.518916ms)
✔ original native all-plate extruder collection: default-one (2.4205ms)
✔ original native all-plate extruder collection: volume-role-and-paint (0.866666ms)
✔ original native all-plate extruder collection: nested-painted-subdivision (0.167ms)
✔ original native all-plate extruder collection: global-support-and-raft (0.184917ms)
✔ original native all-plate extruder collection: object-raft-zero-stops-inherited-support (0.147375ms)
✔ original native all-plate extruder collection: object-support-overrides (0.094833ms)
✔ original native all-plate extruder collection: wall-surface-fallbacks (0.081917ms)
✔ original native all-plate extruder collection: object-wall-surface-fallbacks (0.096125ms)
✔ original native all-plate extruder collection: height-ranges-and-tool-events (0.127667ms)
✔ original native all-plate extruder collection: only-instance-zero-is-contained (1.203125ms)
✔ original native all-plate extruder collection: tool-event-outside-instance-zero-still-counts (0.093417ms)
✔ original native all-plate extruder collection: empty-model-does-not-count-events (0.045125ms)
✔ project adapter matches native exported part roles, object-level ranges and explicit filament slots (0.461375ms)
✔ shared families retain original first-instance containment across active-plate requests (0.144041ms)
✔ unresolved or malformed global settings cannot silently produce guessed collection (0.503792ms)
✔ pointer press and first400ms repeat match8 original C++ sequences, including clamped boundary events (0.483125ms)
✔ release, replacement press and disposal cancel stale repeat callbacks (0.340917ms)
✔ spin reference retains the pinned native source and compiled extraction provenance (1.085667ms)
✔ native preference declaration export has unique IDs, explicit unimplemented plans, source guards and honest existing test references (1.463ms)
✔ editor context copies and normalizes only bounded native palette/property/event data (1.425792ms)
✔ editor context rejects invalid or mismatched native properties and event assignments (0.477917ms)
✔ job snapshot retains resolved defaults and strips event commands without guessing missing values (0.909125ms)
✔ native smart default changes only between single and multi extruder categories (6.3405ms)
✔ native viewer preferences retain visibility and copy mutable arrays across reloads (0.636042ms)
✔ unsupported remembered native capability falls back to feature without fabricating data (0.206917ms)
✔ optional editor statistics and custom overview validate capabilities, bounds and provenance (3.258ms)
✔ bounded preview snapshot failure remains explicit without blocking the slicing pipeline (0.265041ms)
✔ native schema rejects non-finite geometry, invalid adjacency, names, colors and unbounded output collections (1.388625ms)
✔ native render IDs, raw commands and per-endpoint geometry remain distinct from old parsed indices (1.460542ms)
✔ native adapter refuses missing, incomplete or out-of-range command mapping and unavailable modes (0.38025ms)
✔ native fetch requires matching full source bytes and provides explicit fallback on unavailable/error/mismatched output (16.980958ms)
✔ all-plate association ignores only selection state and binds every nonempty plate (5.910708ms)
✔ geometry, project settings, native preset edits and default tower positions invalidate old cohorts (3.930375ms)
✔ embedded selected tower vectors share a cohort only when the complete source project matches (1.008834ms)
✔ association normalizer rejects forged/malformed descriptors and returns defensive copies (0.920417ms)
✔ ordinary multi-plate projects use the complete native project request instead of losing other plates in STL upload (24.008625ms)
✔ native range, retained hidden ticks and enabled geometry match 94 compiled original cases (8.113416ms)
✔ stationary events keep their original vertex and source line without inventing a segment (0.404667ms)
✔ top-only playback keeps lower geometry gray until the full native endpoint is reached (0.091917ms)
✔ native ID selection is independent of spatial indices and control input is bounded (0.299458ms)
✔ native shortcut composition counts hidden event ticks and crosses layer ranges with original vertex identities (1.281125ms)
✔ scalar reference retains original source provenance and four distinct visibility combinations (6.131584ms)
✔ all seven scalar colors match original C++ for every native motion/event and Travel/Wipe combination (2.52775ms)
✔ scalar ranges honor Travel/Wipe controls but retain normal-role and Custom native range semantics (2.0765ms)
✔ PA before its first command is gray and absent from the native range; native raw cursor values remain exact (0.717125ms)
✔ additive capability preserves old helper compatibility and rejects malformed scalar collections (5.654542ms)
✔ tower worker validates result and bounds output (494.82325ms)
✔ tower worker cancellation, queue limits and deadlines clean temporary geometry (331.269541ms)
✔ tower request preserves geometry, invisible objects and per-plate native placement without mutation (6.624333ms)
✔ linked instance zero order is preserved even when objects are interleaved across plates (6.212833ms)
✔ native assignments include height ranges, support and valid nested paint, never topology-unsafe facet strings (1.356958ms)
✔ malformed plate geometry, missing extruder heights and wrong printer technology fail explicitly (0.808209ms)
✔ all source reference requests stay reproducible and response identities/counts are checked (5.369709ms)
✔ renderer matches all original native cube bands exactly, including float division and vertex order (2.513333ms)
✔ variant scopes are distinguished from ordinary profile vectors and native differences exclude metadata and hidden settings (1.82925ms)
✔ malformed editor context is rejected before catalog or native process access (1.238958ms)
✔ embedded native settings drive bed dimensions and process values independently of catalog matches (2.073042ms)
✔ embedded slicing merges current process edits into a snapshot without mixing catalog overrides (2.727583ms)
✔ catalog native export carries ordered filament slots and validated process edits (0.3705ms)
✔ native request preserves source snapshots and forwards process decisions without accepting arbitrary hidden edits (3.65075ms)
✔ reads actual OrcaSlicer 2.4.2 project settings, production components, names and exact surfaces (24.053833ms)
✔ native archive roundtrip preserves plate-local geometry, part roles, per-object overrides and filament slots (39.636958ms)
✔ native plate grid and filament merging preserve independent arrays and reject ambiguous profile vectors (1.433167ms)
✔ native parser rejects unsafe XML, component cycles, missing meshes, duplicate IDs and excessive instancing (88.441291ms)
✔ nonprinting build instances remain visible project geometry with their native printable flag (17.344083ms)
✔ connection credentials are omitted and invalid assignments fail before export (16.042ms)
✔ native layer events preserve pauses, color/tool changes and multiline custom text per plate (28.169ms)
✔ server archive safety rejects embedded post-process commands in every native settings carrier (49.07775ms)
✔ native service matches installed preset names without silently substituting missing names (64.416833ms)
✔ native service validates embedded settings and catalog overrides as separate explicit modes (113.120875ms)
✔ single-plate preparation preserves local placement, slot order and plate-specific events/tower values (80.17625ms)
✔ object/part setting membership follows native static config classes and rejects global-only controls (6.27025ms)
✔ native service rejects host hooks, unknown settings, mismatched slots, invalid events and build-volume errors (43.364334ms)
✔ native filament colors are complete when imported metadata omits them, and unsafe nozzle mappings are rejected (17.788708ms)
✔ fresh GUI project color metadata survives strict preparation while invalid vectors are rejected (46.520166ms)
✔ one active Prusa import and at most four pending are shared fairly (2.668625ms)
✔ queued cancellation removes its entry immediately without starting its task (0.229791ms)
✔ queue time consumes the same deadline; expired entries never execute (65.912083ms)
✔ actual import helper shares the global queue across callers and reduces child timeout after waiting (92.267542ms)
✔ Prusa inspector identifies exact importer route and reports only native-whitelisted model metadata (42.972708ms)
✔ Prusa inspector rejects malformed facets, XML entities, unsupported provenance paths and host scripts before executing native code (20.869ms)
✔ Prusa bridge requires pinned executable identity and cleans its private directory on failure (11.44925ms)
✔ Prusa bridge shares one deadline and abort signal, and rejects oversized or malformed output (70.244334ms)
✔ strict project preparation and native serialization retain physical-nozzle tables, multipliers and assignments (69.965875ms)
✔ strict project preparation rejects a single table for multiple physical nozzles instead of discarding a table (18.35275ms)
✔ embedded and catalog slot resize preserve two nozzle tables and enforce native minimum physical-nozzle slots (17.336542ms)
✔ C++ literals preserve units, escaped text, adjacent strings, constants, and unknown expressions without execution (2.241333ms)
✔ extracts only authoritative membership, native enum aliases, page groups, and dependency references (2.630708ms)
✔ fails on missing member definitions and reports unresolved metadata instead of guessing (3.451791ms)
✔ known hidden process changes are accepted only through an applicable source-derived correction (9.113959ms)
✔ declining a native group applies only the native alternative and retains existing hidden values (4.664ms)
✔ arbitrary values, duplicate decisions, unknown scope, and cross-scope proposals are rejected atomically (5.990875ms)
✔ stale current values and forged proposal signatures cannot change hidden settings (6.490208ms)
✔ automatic proposals apply only when requested and preserve native scalar/array shapes (2.647334ms)
✔ plans are defensive and exact current native values normalize equivalent display shapes (2.185625ms)
✔ native tower disable follows smooth warning then clumping warning only when keeping the disabled tower (12.80475ms)
✔ precise Z, wrapping and geometry edit dialogs preserve no-op acceptance and revert choices (13.875792ms)
✔ only native i3 by-object and Simple support-type edit conditions produce their dialogs (5.711583ms)
✔ infill rotation warning requires the first nonempty edit and an unsafe native pattern (7.117416ms)
✔ layer edit uses all printer limits and permits the native ignore choice before passive correction checks (7.43175ms)
✔ long-retraction native warning is an acknowledgment-only event and does not alter configuration (3.420208ms)
✔ process Copy captures object then part overrides without global defaults or later source mutation (14.941083ms)
✔ process clipboard scopes and single-source bounds match context-menu availability (1.169375ms)
✔ native process Paste updates every destination part atomically and preserves filament, other groups and source snapshot (1.618709ms)
✔ source-defined compensating object options survive native part storage while part editor validation stays region-only (0.488292ms)
✔ selected layer copying accumulates and overwrites equal bounds; root copy replaces; draft index survives sorting (0.457292ms)
✔ layer Paste preserves destination equal-bound values and adds overlapping ranges to every grouped part (1.073375ms)
✔ unions declared keys and value types without mixing machine/process keys or exporting values (25.377459ms)
✔ excludes metadata and user presets, warns on malformed JSON, and keeps scanning (10.055625ms)
✔ CSV quotes keys correctly and exports a stable order without adding unseen GUI options (5.304333ms)
✔ schema membership and native UI ordering are complete for the pinned 2.4.2 process source (2.099791ms)
✔ legacy process overrides retain their native representations and invalid-value rejection (1.35975ms)
✔ float-or-percent settings retain unit semantics and use authoritative native ranges (0.402916ms)
✔ complete native enum values and readable labels come from source definitions (0.108625ms)
✔ native vector options remain vectors, strings are bounded, and profile plumbing is rejected (0.405458ms)
✔ post-processing host scripts are disabled by default and only an explicit caller opt-in permits values (0.109459ms)
✔ native defaults fill only when requested, preserving legacy sparse display behavior (3.050375ms)
✔ native project/import/slice and delete-all mappings are distinct from browser defaults and old duplicate alias (0.961375ms)
✔ native tools, camera views and arrow increments respect Prepare context and modifier combinations (0.997958ms)
✔ modal, composing, handled and text-editing keys cannot mutate the underlying scene (0.09075ms)
✔ delete all preserves project attachments, plate definitions and presets while clearing geometry/custom events/calibration as one immutable state (0.173833ms)
✔ Cut clipboard keys leave text fields, modal editors and non-Prepare pages unchanged (0.073125ms)
✔ SVG request has bounded self-contained source, strict fields and no font or host path (4.884708ms)
✔ SVG worker bypasses font resolution and shares bounded queue cancellation and stdout validation (52.370792ms)
✔ standalone native SVG retains exact embedded source and frame through web/native roundtrip (16.307916ms)
✔ native SVG source grouping, world-scale tessellation and paint-loss consent preserve placement (3.421292ms)
✔ SVG unchanged close is exact source/settings comparison and invalid attachments reject (0.5025ms)
✔ native surface frame follows independently expected upright bases including bottom and angled faces (2.235166ms)
✔ standalone native creation rests on bed and roundtrips native text editing data without a placeholder (16.79725ms)
✔ native engraved or modifier text adopts its object group without mutating the source and supplies only normal sources (1.329334ms)
✔ native creation rejects detached per-glyph/surface modes and invalid attachment before submitting a worker job (0.104042ms)
✔ unchanged native settings preserve semantic zero defaults and do not hide an actual edit or font substitution (0.187834ms)
✔ native tool reference retains source identity, enabled speed profile and excluded CoG release switches (1.985417ms)
✔ native tool marker appears only after scrubbing begins, remains on return to full range, and hides without paths (0.110833ms)
✔ tool properties preserve seam geometry but use previous native vertex outside Feature view and never invent PA (0.768666ms)
✔ native format, float accumulation and profile boundaries retain exact source behavior (0.301083ms)
✔ native default hotend mesh normals and marker matrices match compiled original source (6.727875ms)
✔ native hotend asset rejects truncation, forged counts and nonfinite coordinates (0.591375ms)
✔ native toolbar raster inputs and generator retain the pinned provenance (5.357375ms)
✔ all light 36px icon strips exactly preserve the original native state atlas (7.127125ms)
✔ all light 72px icon strips exactly preserve the original native state atlas (7.929625ms)
✔ all dark 36px icon strips exactly preserve the original native state atlas (4.694083ms)
✔ all dark 72px icon strips exactly preserve the original native state atlas (8.3385ms)
✔ Move light has distinct native normal, selected and disabled states with preserved alpha (1.290041ms)
✔ Move dark has distinct native normal, selected and disabled states with preserved alpha (0.64275ms)
✔ tower request keeps distinct native models: family token equals a standalone group key (5.753083ms)
✔ tower request keeps distinct native models: standalone group precedes a colliding family token (1.104375ms)
✔ tower request keeps distinct native models: long plate and object IDs compose beyond the worker bound (0.976167ms)
✔ tower request keeps distinct native models: escaped group IDs exceed the bound only after JSON encoding (0.979709ms)
✔ tower request keeps distinct native models: multibyte group IDs exceed the worker byte bound (0.771958ms)
✔ tower request keeps distinct native models: multibyte family token exceeds the worker byte bound (0.7445ms)
✔ tower request keeps distinct native models: user family token collides with an allocated worker ID (0.679542ms)
✔ tower request keeps distinct native models: allocated worker ID skips an existing user family token (0.654166ms)
✔ user-preset projection validates native scopes, metadata and dangerous settings before the helper (2.228834ms)
✔ ordinary native values are canonicalized while explicit dependency empties and nil strings stay meaningful (0.913ms)
✔ full native vectors retain distinct material/nozzle/stride-two alternatives (0.972334ms)
✔ expanded vectors require complete bounded unambiguous source identities (0.249167ms)
✔ expanded arrays cannot silently fall back to a different variant or truncate machine mode pairs (0.180583ms)
✔ ordinary native one-value/default vectors remain accepted without invented identities (0.067083ms)
✔ slot growth/removal and native import expansion preserve whole variant groups and reindex ownership (0.877542ms)
✔ PA generator ordered geometry/extrusion/feed calls match independent pinned C++ source fixture: three-labelled (10.563958ms)
✔ PA generator ordered geometry/extrusion/feed calls match independent pinned C++ source fixture: full-labelled (8.775041ms)
✔ PA generator ordered geometry/extrusion/feed calls match independent pinned C++ source fixture: eight-absolute (3.987292ms)
✔ native line speed truncation, bed-height clipping and optional labels stay source-defined (3.700291ms)
✔ source template context handles modern expressions and legacy placeholders without changing source values (0.270084ms)
✔ PA line inputs reject malformed booleans, unmappable labels, small beds, firmware retraction and context-dependent filament code (1.198417ms)
✔ postprocessing replaces only the verified carrier body, emits real PA/feed/extrusion and removes stale estimates (3.233834ms)
✔ absolute extrusion output resets before generated paths and before native end code (1.193083ms)
✔ measured PA line result is bounded to actually printed lines and writes fixed PA native fields (3.082208ms)
✔ PA line generated motion limits and pressure commands follow native firmware syntax (6.692875ms)
✔ Bambu PA carrier boundaries preserve templates and generated native tag style with identical motions (2.578042ms)
✔ PA pattern geometry/extrusion/feeds match original compiled C++ source calls: three-relative (14.592667ms)
✔ PA pattern geometry/extrusion/feeds match original compiled C++ source calls: full-absolute (12.097167ms)
✔ batch cross-product ordering, native settings and nonoverlapping complete footprints are preserved (9.377334ms)
✔ bounded batch inputs and unsupported hardware/settings fail before producing calibrated geometry (1.687833ms)
✔ empty speed/acceleration lists use source optimal flow speed and acceleration fallback (0.733958ms)
✔ native output verification tolerates feed deduplication/progress but rejects changed or missing physical commands (21.546875ms)
✔ manual PA pattern results preserve fixed-PA settings and the source-tested range (1.781625ms)
✔ native Bambu Z tags verify the same exact source-generated four-layer PA pattern (19.2205ms)
✔ PA batch adds plates without splitting source speed/acceleration combinations or overlapping full footprints (19.397625ms)
✔ complete and selected archives retain four commands per plate and local handle positions (179.625125ms)
✔ imported complete multi-plate pattern permits plate selection but rejects edits anywhere in the bound scene (550.1455ms)
✔ display clipping caps preserve nested holes, disconnected shells and exact plane orientation (10.003083ms)
✔ world transforms and on-plane edges retain accurate sections, while invalid open contours fail (2.104834ms)
✔ view-aligned clipping fixes camera-facing normal and moves through the selected world bounding sphere (0.756708ms)
✔ circle cursor is the actual world-radius plane and sphere stays isotropic on a scaled model (4.319417ms)
✔ height cursor uses real transformed mesh contours at the pointer range and clamps the upper limit (6.83775ms)
✔ smart-fill hover retains current leaf states while selecting exactly the committed original-facet footprint (3.308042ms)
✔ bucket and pointer hover preserve existing state boundaries and agree with committed changes (4.812333ms)
✔ unequal subdivided shared edges have no false contour and partial sharing retains only uncovered intervals (0.723875ms)
✔ clipping, overhang restriction and angle changes use the same selector constraints without metadata writes (1.227ms)
✔ hover targets only the actual visible normal part in the selected native object (0.370667ms)
✔ hover brightens each existing state RGB by the source 1.25 clamp and ignores the requested new paint state (0.335083ms)
✔ fill renderer replaces and disposes prior hover geometry without retaining old object highlights (1.068584ms)
✔ native right-button and Shift erase states retain navigation for color paint (0.369042ms)
✔ modifier wheel steps native float controls, bounds and clipping priority without inventing zoom actions (0.439583ms)
✔ native vertical and horizontal constraints operate in pointer screen space and start afresh after a miss (0.739084ms)
✔ native object height paint visits every visible normal part while leaving unrelated groups, plates and helpers intact (57.953959ms)
✔ ordinary brush targets the actual normal-part hit and never joins strokes across different meshes (0.388375ms)
✔ height cursor draws both native object parts at a common world range and preserves scene data (5.682083ms)
✔ checked-in inventory validates and every feature has an actionable acceptance and test plan (32.411083ms)
✔ rejects duplicate IDs, unknown statuses and missing acceptance or planned tests (2.281458ms)
✔ verified rejects code-only and mock/unit-only evidence, even with an existing file (2.056292ms)
✔ verified requires passed acceptance evidence and an existing matching native/manual reference (1.94125ms)
✔ rejects references outside the repository and code inspection labeled as a passing test (1.5215ms)
✔ a later native acceptance failure prevents verification based on a historical pass (1.440584ms)
✔ reports recorded and passing evidence separately without turning test plans into executed tests (1.05025ms)
✔ exports deterministic CSV and Markdown with escaped cells and does not mutate inventory (1.344125ms)
✔ CLI --check is read-only and fails invalid inventory without generating reports (91.012459ms)
✔ plate scope excludes hidden, nonprintable and other-plate objects; unused slots do not disable compensation (6.637292ms)
✔ mixed XY alone or mixed Z disables every axis; equality uses native exact values and get_at first-element fallback (3.671041ms)
✔ subdivided color leaves, modifier base slots and declared height slots participate; negative and support-volume slots do not (12.22325ms)
✔ native feature precedence respects walls/infill gates, modifier intersections and height-range intersections (1.987667ms)
✔ print-wide brim forces wall region use, raft suppresses brim, and support/raft/enforce include both support slots (1.633292ms)
✔ tower uses native pre-dedup gate and selected-plate spiral flag; layer tool events never add shrinkage slots (0.641166ms)
✔ unresolved materials, invalid percentages and malformed painting fail explicitly (1.347208ms)
✔ catalog resolver deduplicates requests, restores slot order and ignores displayed first-slot vectors (2.521875ms)
✔ catalog resolution reports failed/missing settings and propagates cancellation (0.325375ms)
✔ native modifier extents retain Z separation and use ancestor unions for chained candidate regions (1.267667ms)
✔ sparse catalog settings resolve structured native percent defaults before region validation (0.481459ms)
✔ camera-space arrows project inverse-view movement to XY without renormalizing the vertical component (0.80975ms)
✔ camera arrows and material digits are context guarded; Shift+A is not the old incorrect deselect alias (0.161584ms)
✔ native 500 ms filament sequence distinguishes a delayed 1,10–16,7–9,and default0 with cancellable timers (0.1685ms)
✔ object material assignment updates every selected group and normal part while preserving modifier overrides and geometry (0.339667ms)
✔ part default inherits the parent; modifier0 stays inherited and negative/support parts cannot receive materials (0.089167ms)
✔ out-of-range and empty-selection assignments leave the project untouched; object0 resets to first filament (0.071208ms)
✔ native printable toggle makes mixed selected groups uniform and leaves part selections unchanged (0.104125ms)
✔ native dependency metadata retains both explicit list and dormant expression (1.550709ms)
✔ inheritance distinguishes an omitted dependency from a deliberately empty list (1.178833ms)
✔ dependency metadata is bounded and cannot carry settings, execution policy or wrong-scope fields (0.282292ms)
✔ native Set semantics normalize all or zero checked entries to All without changing conditions (0.270959ms)
✔ selection context uses the native machine-model vendor and capability resource, not preset names or folders (40.826708ms)
✔ missing native capability property or file matches native false; malformed resources remain explicitly unresolved (54.578042ms)
✔ capability model IDs cannot traverse paths and absent resource roots remain unresolved (23.244583ms)
✔ custom frozen machine selections retain native model context and wrapper metadata stays defensive (17.654666ms)
✔ editor inspection requires a paired helper with an explicit inspection response (28.193625ms)
✔ resolves inheritance within the vendor and preserves native arrays without mutating sources (0.787083ms)
✔ resolves multiple parents left to right and supports unambiguous cross-vendor inheritance (0.106541ms)
✔ rejects missing parents, ambiguous parents, cycles, and unknown IDs (0.247708ms)
✔ catalog defaults and compatibility follow actual native presets (24.215875ms)
✔ compatibility is conservative about unevaluated expressions (1.228708ms)
✔ process overrides use native types and reject unsupported or invalid settings (1.907916ms)
✔ editing another setting preserves the selected preset layer defaults and unsupported native values (5.527375ms)
✔ native vectors replace their value without becoming nested extruder arrays (0.143166ms)
✔ real orbit and pan damping settle in wall-clock time at 4–144 FPS without changing the final view (15.823542ms)
ℹ {"gesture":"orbit","fps":4,"frames":16,"elapsedMs":4000}
ℹ {"gesture":"orbit","fps":10,"frames":35,"elapsedMs":3500}
ℹ {"gesture":"orbit","fps":30,"frames":89,"elapsedMs":2966.666666666669}
ℹ {"gesture":"orbit","fps":60,"frames":163,"elapsedMs":2716.6666666666642}
ℹ {"gesture":"orbit","fps":144,"frames":348,"elapsedMs":2416.666666666648}
ℹ {"gesture":"pan","fps":4,"frames":13,"elapsedMs":3250}
ℹ {"gesture":"pan","fps":10,"frames":28,"elapsedMs":2800}
ℹ {"gesture":"pan","fps":30,"frames":69,"elapsedMs":2299.999999999999}
ℹ {"gesture":"pan","fps":60,"frames":123,"elapsedMs":2050.0000000000036}
ℹ {"gesture":"pan","fps":144,"frames":252,"elapsedMs":1749.999999999991}
✔ default frame-based controls demonstrate the slow-render regression (0.38075ms)
✔ a new gesture resets a long idle gap; Fit drains momentum without disabling future damping (0.18825ms)
✔ option geometry exactly retains original C++ float vertices, normal vectors and outward triangle winding (2.151584ms)
✔ native marker instances use worker HWA/bias and platform scale, retain event IDs and dispose GPU resources (2.1315ms)
✔ preview renders invalidated frames once and remains idle until a new change (1.470334ms)
✔ preview drains OrbitControls damping including change events without an endless animation loop (0.097792ms)
✔ disposed previews cancel pending frames and cannot draw into a detached canvas (0.062083ms)
✔ a capped viewport coalesces continuous invalidation and leaves no timer while idle (0.466541ms)
✔ changing the cap releases a waiting frame and disposal cancels all scheduled work (0.084ms)
✔ render duration consumes the native frame budget and a trailing damped frame still draws (0.076792ms)
✔ 44 layer/move/single-layer transitions match independently compiled pinned native methods (1.847ms)
✔ preview key predicates protect editing, modal dialogs, composition, already-handled keys and browser Alt navigation (0.34575ms)
✔ one-layer backup, thumb crossing and native wheel platform predicates retain exact clamp behavior (0.216ms)
✔ command stops group real arc/acceleration subdivisions and never mix display indices with native vertices (0.428292ms)
✔ native segment topology is eight logical vertices/eight triangles and connected corners preserve float turn angles (2.009292ms)
✔ native role and mm3/mm changes insert phantom endpoints instead of joining unrelated scalar paths (1.012792ms)
✔ endpoint dimensions can vary within a source path while each top stays at its commanded Z (0.239666ms)
✔ missing data, arcs and omitted stationary extrusion events cannot silently join solid paths (0.584ms)
✔ current preview bounds contain every rendered native band and independent rotated shell corner (13.168208ms)
✔ missing or hidden tower has no camera extent (0.164583ms)
✔ original native tower drag arithmetic: two-material rectangle (2.345ms)
✔ original native tower drag arithmetic: single smooth timelapse (0.558041ms)
✔ original native tower drag arithmetic: single wrapping detection (0.278625ms)
✔ original native tower drag arithmetic: sequential one nonprintable (0.20025ms)
✔ original native tower drag arithmetic: sinking exclusion original limitation (0.711875ms)
✔ original native tower drag arithmetic: nonrectangular native nonsinking bounds (0.46975ms)
✔ original native tower drag arithmetic: linked remote instance extends native height (0.626167ms)
✔ original native tower drag arithmetic: ranges and support assignments (0.317875ms)
✔ original native tower drag arithmetic: painted second filament (0.538125ms)
✔ original native tower drag arithmetic: tool change third filament (0.614416ms)
✔ original native tower drag arithmetic: rib wall tall tower (0.123708ms)
✔ original native tower drag arithmetic: dual nozzle change volume (0.08575ms)
✔ original native tower drag arithmetic: float narrowed rotated offset (0.064375ms)
✔ original native tower drag arithmetic: second plate native origins (0.05775ms)
✔ original native tower drag arithmetic: native default single exclusion sentinel (0.057167ms)
✔ original native tower drag arithmetic: brim 0 (0.058208ms)
✔ original native tower drag arithmetic: brim 0.1 (0.055458ms)
✔ original native tower drag arithmetic: brim 0.333333333333 (0.052291ms)
✔ original native tower drag arithmetic: brim 20 (0.047417ms)
✔ original native tower drag arithmetic: brim 1000 (0.058875ms)
✔ original native tower drag arithmetic: shared extruder printable area (0.059542ms)
✔ original native tower drag arithmetic: oversize or exact edge width 193 (0.053625ms)
✔ original native tower drag arithmetic: oversize or exact edge width 194 (0.048542ms)
✔ original native tower drag arithmetic: oversize or exact edge width 250 (0.048ms)
✔ original native tower drag arithmetic: remote fractional origin [240, -240, 0] (0.054959ms)
✔ original native tower drag arithmetic: remote fractional origin [96000.333, -48000.777, 0] (0.0615ms)
✔ drag needs native context and rejects invalid displacement (0.25ms)
✔ the server opts into native drag context from effective settings and validates supplied context (3.126208ms)
✔ tower gizmo reference is bound to original source and native movement restrictions (6.598458ms)
✔ native move projection: axis-0-delta--15.75-snap-False (0.2095ms)
✔ native move projection: axis-0-delta--15.75-snap-True (0.045875ms)
✔ native move projection: axis-0-delta--0.5-snap-False (0.04175ms)
✔ native move projection: axis-0-delta--0.5-snap-True (0.042541ms)
✔ native move projection: axis-0-delta-0.5-snap-False (0.029041ms)
✔ native move projection: axis-0-delta-0.5-snap-True (0.029875ms)
✔ native move projection: axis-0-delta-15.75-snap-False (0.026541ms)
✔ native move projection: axis-0-delta-15.75-snap-True (0.042708ms)
✔ native move projection: perspective-axis-0-delta--40 (0.068375ms)
✔ native move projection: perspective-axis-0-delta--0.75 (0.041417ms)
✔ native move projection: perspective-axis-0-delta-30 (0.041208ms)
✔ native move projection: axis-1-delta--15.75-snap-False (0.022292ms)
✔ native move projection: axis-1-delta--15.75-snap-True (0.01875ms)
✔ native move projection: axis-1-delta--0.5-snap-False (0.017958ms)
✔ native move projection: axis-1-delta--0.5-snap-True (0.030167ms)
✔ native move projection: axis-1-delta-0.5-snap-False (0.02025ms)
✔ native move projection: axis-1-delta-0.5-snap-True (0.017708ms)
✔ native move projection: axis-1-delta-15.75-snap-False (0.018583ms)
✔ native move projection: axis-1-delta-15.75-snap-True (0.017084ms)
✔ native move projection: perspective-axis-1-delta--40 (0.016917ms)
✔ native move projection: perspective-axis-1-delta--0.75 (0.018167ms)
✔ native move projection: perspective-axis-1-delta-30 (0.015042ms)
✔ native move projection: zero axis (0.015708ms)
✔ native move projection: parallel axis ray (0.017083ms)
✔ native move projection: remote fractional origin (0.016917ms)
✔ native move projection: configured snap step (0.018166ms)
✔ invalid or degenerate camera rays are rejected (0.115542ms)
✔ tower lost capture discards preview displacement, restores controls, and closes the gesture (9.512833ms)
✔ tower window blur discards preview displacement, restores controls, and closes the gesture (7.709542ms)
✔ tower hidden page discards preview displacement, restores controls, and closes the gesture (2.4105ms)
✔ tower preview replacement discards preview displacement, restores controls, and closes the gesture (0.619041ms)
✔ tower tool switch discards preview displacement, restores controls, and closes the gesture (0.472375ms)
✔ tower released button discards preview displacement, restores controls, and closes the gesture (0.744041ms)
✔ foreign pointer events cannot move, replace or commit an active tower gesture (0.508416ms)
✔ normal release commits once despite synchronous lost capture and retains prior control availability (0.369667ms)
✔ disposal cancels movement and removes interruption listeners without selecting into an unmounted owner (0.592292ms)
✔ prime tower placement expands native vectors by plate and preserves other plate coordinates and process overrides (1.036375ms)
✔ embedded tower edits retain project metadata and native fallback coordinates while invalid input cannot mutate a project (0.231958ms)
✔ automatic native adjustments resolve dependent options without accepting confirmation choices (11.181292ms)
✔ native capabilities and filament count affect process constraints independently of UI search (3.3435ms)
✔ accepted vase choices materialize visible edits and retain exact hidden native decisions for submission (15.133125ms)
✔ declining vase preserves the hidden source, while stale or injected decisions are rejected (10.101792ms)
✔ legacy scalar arrays and flattened project scalars share signatures and do not cause repeated corrections (13.189958ms)
✔ pinned source covers every machine and filament membership and exposes native groups (1.572833ms)
✔ all editor native defaults round-trip with native scalar/vector shapes (2.709625ms)
✔ point and polygon normalization follows Config.hpp native JSON serialization (0.466792ms)
✔ validators reject wrong scopes, overflow, malformed vectors, unknown enums, and unsafe imports (1.02775ms)
✔ ordinary machine and filament G-code strings survive exactly; native vectors replace instead of nesting (0.235375ms)
✔ native project closed enums include serialized bed, mapping, and nozzle choices (0.339792ms)
✔ selection is transient while geometry, settings, plates and metadata affect saved state (1.468666ms)
✔ initial native preset resolution does not dirty an empty unnamed document (0.073958ms)
✔ project roundtrip preserves geometry, transforms, visibility, plates, selection, presets and metadata (1.54875ms)
✔ projects reject duplicate IDs, missing plates, nonfinite coordinates and nonpositive scales (1.168667ms)
✔ project restore repairs stale selection and handles an empty project (0.2615ms)
✔ 3MF ZIP escapes XML and contains transformed vertices plus a complete restorable web project (6.894625ms)
✔ 3MF default export honors active plate and visibility; allPlates expands only visible objects (5.205041ms)
✔ current full embedded vectors remain untouched when native import needs no added slot (2.135083ms)
✔ native material expansion repeats last material, preserves old purge cells, and derives new cells from first load/unload pair (0.484042ms)
✔ malformed material contexts fail explicitly (0.324958ms)
✔ missing current display color uses the pinned native project default before adding the native cycle color (0.096292ms)
✔ imported multi-nozzle material expansion retains every nozzle matrix and multiplier (0.092958ms)
✔ native Prusa conversion retains parts, exact frames, material assignment and facet indices (4.255042ms)
✔ mirrored native Prusa instances preserve outward winding and precise source geometry (0.404375ms)
✔ Prusa model conversion rejects unsupported process activation, malformed frames and missing material slots (0.921291ms)
✔ catalog context maps material ID lists into the stable project preset identity shape (0.444ms)
✔ Prusa ignored metadata roundtrips as inert bytes and reports native filtering (2.803667ms)
✔ Prusa provenance rejects unknown fields, unsafe paths, collisions and noncanonical base64 (2.328208ms)
✔ Prusa provenance archive rejects missing, extra, duplicate and oversized manifests (0.330083ms)
✔ Prusa provenance enforces exact cumulative16MiB and entry-count limits (2848.618042ms)
✔ native nozzle-major tables and multipliers preserve distinct source values (0.881667ms)
✔ adding material retains each physical table and fills only new transitions from first load/unload pair (0.216291ms)
✔ removing a material preserves nozzle boundaries and all unrelated values (0.367291ms)
✔ adding a physical nozzle initializes its full table independently and defaults only its multiplier to1 (0.321708ms)
✔ known native unused four-material defaults normalize, while arbitrary malformed layouts fail (0.659458ms)
✔ native displayed-volume and raw-volume rounding preserves multiplier semantics includingzero (0.187416ms)
✔ typed project settings permit the bounded native64-material dual-nozzle matrix beyond the generic vector limit (3.150958ms)
✔ raw native warmup preserves original mesh resources, part metadata and embedded assets (277.779667ms)
✔ native merged material vectors control initialization, including embedded slots after slot one (39.786833ms)
✔ multiple build instances of one source resource receive distinct appended instance IDs (15.358292ms)
✔ raw warmup rejects unsafe scripts and missing native plate membership before slicing (18.36075ms)
✔ raw context follows native single-volume extruder normalization without mutating the source (1.919292ms)
✔ raw settings resolution preserves native arguments, cancellation and bounded output validation (51.310291ms)
✔ non-native3MF normalization uses a relative archive export, preserves source input and shares the deadline (226.612125ms)
✔ Prusa configuration carriers cannot silently enter the BBS-only CLI normalization path (7.749167ms)
✔ retraction uses pinned native tower height, nozzle layer height and writer schedule (8.014292ms)
✔ relative E changes pre-wipe distribution and balances old retraction across layer anchors (2.846708ms)
✔ zero-length retraction with no hop emits zero E for wipes and matching unretractions (1.67925ms)
✔ wipe capacity moves excess retraction before the wipe rather than increasing its physical E rate (1.532167ms)
✔ absolute E coordinates preserve deposition deltas through changed retractions and G92 resets (1.672875ms)
✔ unproven native couplings and invalid ranges are rejected explicitly (8.266333ms)
✔ missing native guards, unknown body retractions and incomplete wipe data fail closed (1.176333ms)
✔ Bambu wipe and custom role tags preserve retraction bookkeeping and leave end macros untouched (1.534ms)
✔ object transform proxy uses a common pivot and keeps every native part aligned (6.461125ms)
✔ explicit part edits preserve other world surfaces and clear the obsolete shared frame (1.452292ms)
✔ object duplication gives an independent group and part duplication intentionally stays grouped (4.004583ms)
✔ arrange, center, drop and place-on-face move whole groups without shifting negative volumes independently (4.445875ms)
✔ mirror and cut invalidate baked group frames while preserving native roles and settings (6.941292ms)
✔ native volume roles use translucent materials while normal parts retain filament colors (0.25025ms)
✔ disabled, manual, normal tree, organic tree, and raft support states match native conditions (12.255625ms)
✔ ironing and support-interface dependencies include the native solid-interface rule (4.231458ms)
✔ infill conditions preserve native overwrite order, pattern restrictions, and rotation-template behavior (6.650541ms)
✔ vase mode produces a reviewable correction group and never mutates user input or decides its native dialog (4.258833ms)
✔ prime towers use machine type, vendor, purge mode, and wall shape without guessing missing vendor context (4.460584ms)
✔ line widths, acceleration, and jerk depend on native extrusion and firmware settings (2.43125ms)
✔ smoothing, scarf, support styles, and native GUI numeric corrections keep exact boundary behavior (0.518417ms)
✔ filament pressure advance, cooling, heater bounds, and machine capabilities follow native conditions (2.506583ms)
✔ coverage distinguishes evaluated fields, missing native context, and remaining native behavior (1.944583ms)
✔ machine vendor, multimaterial, and firmware rules expose native supported controls and options (4.833209ms)
✔ machine extruder controls use native variant maps while preserving per-extruder differences (4.963917ms)
✔ firmware retraction conflicts preserve the actual native confirmation and alternative without silent edits (0.543833ms)
✔ nullable filament override states preserve inherit values, disabled checkboxes, and variant differences (0.95875ms)
✔ project bed selection and material temperature recommendations follow native tables (3.488708ms)
✔ SEMM nozzle edit confirmation requires an actual edit context and keeps both native choices (4.678958ms)
✔ supported process controls use native enum, boolean, percent, and numeric representations (0.8815ms)
✔ rejects unknown, non-finite, fractional integer, out-of-range, and invalid enum settings (0.165334ms)
✔ display values reflect native preset values, including false strings and vector speeds (0.293208ms)
✔ only a positively advertised native initialization capability suppresses the raw CLI diagnostic (1.219625ms)
✔ second-apply archive reuses exact geometry/settings and places only a second instance on the internal plate (100.432292ms)
✔ warmup activates only for exact installed version and nonunity used-slot compensation (204.990917ms)
✔ painting, brim auxiliaries and layer event/filament sequence metadata survive both initialization instances (18.850875ms)
✔ adapter returns target plate1 only and removes all internal files (317.895375ms)
✔ adapter rejects missing or extra plate outputs and cleans temporary data without publishing a download (719.515583ms)
✔ adapter rejects mixing initialized embedded settings with external preset flags (2.038ms)
✔ cancelling native initialization deletes partial outputs and never publishes plate1 (103.623791ms)
✔ single-volume native import exposes the material the actual native importer uses (58.034708ms)
✔ explicit inspector single-volume material survives native export despite stale parent metadata (10.846917ms)
✔ explicit part-editor single-volume material survives native export despite stale parent metadata (13.92675ms)
✔ multi-volume groups retain a distinct parent material and independent part choices (6.537208ms)
✔ passes explicit machine, process, filament and isolated data paths to native CLI (1.294542ms)
✔ preservePosition opts out of automatic native arrangement and orientation without changing the default (0.198459ms)
✔ cancelling a slicing operation removes native partial output and working directories (127.601917ms)
✔ concurrent native adapters isolate identical output names and preserve each input result (330.659792ms)
✔ drains large stdout while slicing instead of blocking on a full pipe (342.89325ms)
✔ reports child failures, missing output, and multiple plates without choosing arbitrary G-code (1146.801583ms)
✔ terminates timed-out and cancelled processes, including a process ignoring SIGTERM (1209.085833ms)
✔ health detects missing binary and identifies the configured executable (228.999208ms)
✔ native path-conflict exit retains diagnostics, explains the failure and discards partial output (214.544334ms)
✔ 100 concurrent writes remain valid JSON and survive reopening (163.727333ms)
✔ restart durably fails queued and slicing jobs and preserves completed jobs (5.356292ms)
✔ concurrent deletes and updates commit in call order without losing unrelated jobs (9.687083ms)
✔ input, returned values, and read snapshots cannot mutate stored jobs (5.998291ms)
✔ corrupt or structurally invalid indexes reject initialization without overwriting data (8.642833ms)
✔ an unreadable index error is surfaced instead of being treated as an empty index (2.316584ms)
✔ failed atomic replacement preserves memory and disk, removes temp files, and allows retry (9.109834ms)
✔ serialization failures leave the previous index intact and do not poison the write queue (11.221708ms)
✔ conditional transitions serialize cancellation against completion and preserve terminal jobs (12.23025ms)
✔ support preview uses only actual support extrusion and preserves source layer/path metrics (3.065584ms)
✔ preview lifecycle polls and downloads only its created job and does not cancel completed work (26.86725ms)
✔ cancellation during creation waits for its ID then cancels only that job; polling cancellation is bounded (1.637417ms)
✔ preview errors retain native validation text, cancel an active polling failure, and bound G-code reads (2.984542ms)
✔ text outline counters remain closed and exact em scaling controls volume and dimensions (20.714042ms)
✔ multiline text alignment, spacing and world-normal rotation are effective geometric operations (6.532875ms)
✔ emboss and engrave create coherent native groups, preserve existing part geometry, and edit in place through transforms (8.679834ms)
✔ text validation bounds workload and rejects invalid geometry parameters without silently substituting (4.6905ms)
✔ text regeneration preserves placement after repeated object/part rebasing and face placement (7.517166ms)
✔ native brush increase, fixture 0, matches independently compiled C++ at every control point (1.027875ms)
✔ native brush decrease, fixture 0, matches independently compiled C++ at every control point (0.097084ms)
✔ native brush reduce, fixture 0, matches independently compiled C++ at every control point (0.057292ms)
✔ native brush smooth, fixture 0, matches independently compiled C++ at every control point (3.813459ms)
✔ native brush increase, fixture 1, matches independently compiled C++ at every control point (0.280833ms)
✔ native brush decrease, fixture 1, matches independently compiled C++ at every control point (0.104916ms)
✔ native brush reduce, fixture 1, matches independently compiled C++ at every control point (0.097125ms)
✔ native brush smooth, fixture 1, matches independently compiled C++ at every control point (0.096167ms)
✔ native brush increase, fixture 2, matches independently compiled C++ at every control point (0.076708ms)
✔ native brush decrease, fixture 2, matches independently compiled C++ at every control point (0.112709ms)
✔ native brush reduce, fixture 2, matches independently compiled C++ at every control point (0.096958ms)
✔ native brush smooth, fixture 2, matches independently compiled C++ at every control point (0.063ms)
✔ native brush increase, fixture 3, matches independently compiled C++ at every control point (0.089625ms)
✔ native brush decrease, fixture 3, matches independently compiled C++ at every control point (0.078583ms)
✔ native brush reduce, fixture 3, matches independently compiled C++ at every control point (0.082083ms)
✔ native brush smooth, fixture 3, matches independently compiled C++ at every control point (0.121125ms)
✔ layer brush protects native first layer, closed range margins and max/min saturation (0.200958ms)
✔ empty profile initializes a real editable native curve while malformed brushes reject (0.587833ms)
✔ band-local reset converges toward the configured height and smooth preserves distant points (0.279459ms)
✔ the first brush preserves native height-range initialization, including guarded range bands (0.116833ms)
✔ adaptive and smoothing match independently compiled native cube quality 0 (2.351625ms)
✔ adaptive and smoothing match independently compiled native cube quality 0.25 (0.920875ms)
✔ adaptive and smoothing match independently compiled native cube quality 0.5 (1.367875ms)
✔ adaptive and smoothing match independently compiled native cube quality 1 (0.99175ms)
✔ adaptive and smoothing match independently compiled native pyramid quality 0 (1.02025ms)
✔ adaptive and smoothing match independently compiled native pyramid quality 0.25 (0.48775ms)
✔ adaptive and smoothing match independently compiled native pyramid quality 0.5 (0.531458ms)
✔ adaptive and smoothing match independently compiled native pyramid quality 1 (0.998042ms)
✔ profile boundary validates scalar pairs, finite heights, order, native first height and current normal-part height (1.176542ms)
✔ source layer limits fall back for zero bounds, include default layer height and preserve raft semantics (2.318667ms)
✔ adaptive source incorporates sorted height ranges and smoothing keep-min never increases a point (8.656458ms)
✔ native profile codec uses model-object indices, preserves decimal values and refuses malformed metadata (0.659584ms)
✔ profiles roundtrip over component groups and selected plates, including joint height-range metadata (33.030917ms)
✔ server preserves profiles and rejects stale geometry/first-layer changes instead of native silent fallback (27.955458ms)
✔ VFA follows native model, height, spiral settings and preserves selected volumetric limits (6.431084ms)
✔ VFA honors native first layer, gradual slowdown and whole-number speed rounding (3.38325ms)
✔ VFA rejects invalid ranges, oversized towers and speed-dependent unsupported native settings (3.766416ms)
✔ VFA changes only outer-wall feedrates with relative extrusion and preserves modal travel (3.430167ms)
✔ VFA changes only outer-wall feedrates with absolute extrusion and preserves modal travel (1.765875ms)
✔ VFA rejects mismatched native baselines, missing object boundaries and unit changes (1.804416ms)
✔ Bambu native role and layer tags retain identical scheduled moves without rewriting the tags (1.735375ms)
✔ bounded ZIP64 reader accepts stored/deflated small files and regular ZIP remains compatible (5.666333ms)
✔ ZIP64 rejects oversized counts, integer overflow, directory lengths and multi-disk metadata before inflating (2.002583ms)
✔ ZIP64 rejects missing/truncated extras, overlapping directory bounds, forged expansions and inconsistent headers (21.379584ms)
ℹ tests 1095
ℹ suites 0
ℹ pass 1094
ℹ fail 1
ℹ cancelled 0
ℹ skipped 0
ℹ todo 0
ℹ duration_ms 14003.172083

✖ failing tests:

test at tests/unit/cut-to-parts-transport.test.js:12:1
✖ Cut transport cancellation and queue deadlines remove all isolated geometry (413.426167ms)
  Error: Native arrangement processing timed out (including queue wait)
      at unavailable (file:///private/tmp/orca-implementation/m42-preference-spin-stage/server/native-arrange-worker.js:13:42)
      at Timeout.<anonymous> (file:///private/tmp/orca-implementation/m42-preference-spin-stage/server/native-arrange-worker.js:55:45)
      at listOnTimeout (node:internal/timers:608:17)
      at process.processTimers (node:internal/timers:543:7) {
    status: 503
  }
