
> orca-web@0.1.0 test
> node --test tests/unit/*.test.js tests/integration/*.test.js

✔ HTTP all-plate statistics bind two completed native project jobs and never count a missing or deleted result (923.125584ms)
✔ HTTP all-plate endpoint rejects client-supplied cohort IDs and requires owned ready jobs (259.631166ms)
✔ native selection flows through upload, typed overrides, status, and G-code download (1266.418958ms)
✔ rejects bad file types, empty files, malformed settings, invalid IDs and incompatible presets without leaving uploads (604.716166ms)
✔ preset defaults remain intact when an unrelated setting is overridden (433.077041ms)
✔ simultaneous queued requests retain distinct geometry markers and preset choices (985.775125ms)
✔ surfaces slicer errors and blocks failed-job downloads (398.486541ms)
✔ active jobs cannot be deleted; completed history and output can be deleted (664.92275ms)
✔ health reports missing executable and requests fail before entering queue (113.75125ms)
✔ missing preset resources report degraded service; unknown API routes return JSON (157.691458ms)
✔ upload limit rejects oversized data and cleans partial files (267.694792ms)
✔ embedded 3MF host scripts are rejected before creating a native job (193.863541ms)
✔ bound temperature measurement saves only its explicit native fields once with original template compatibility (756.031833ms)
✔ bound pressure-advance measurement saves only its explicit native fields once with original template compatibility (199.834709ms)
✔ bound retraction measurement saves only its explicit native fields once with original template compatibility (325.617792ms)
✔ bound max-volumetric-speed measurement saves only its explicit native fields once with original template compatibility (309.713917ms)
✔ stale measured-result sessions cannot save after preset changes or expiry (178.910833ms)
✔ prepare binds a random token to exact STL bytes, native preset snapshot and allowed parameters (615.900292ms)
✔ same IDs with changed resolved native configuration cannot reuse a calibration (225.539166ms)
✔ expired, evicted and unknown tokens require regeneration; cache is bounded (176.096542ms)
✔ prepare rejects extra user-supplied settings and unsupported modes before model work (24.446541ms)
✔ expensive native preparations are serialized by rejection and shutdown aborts active work (16.357667ms)
✔ disconnecting the prepare response aborts native work and frees the preparation slot (4017.391584ms)
✔ input shaping sessions bind model, firmware shaper, axis ranges and damping parameters (85.017708ms)
✔ cornering sessions bind native model and range without allowing a client-selected firmware parameter kind (89.575792ms)
✔ VFA sessions bind exact native geometry, preset snapshot and speed schedule (409.5155ms)
✔ max volumetric sessions bind the generated ramp and reject arbitrary nozzle and process overrides (132.956958ms)
✔ retraction sessions bind the native extrusion range and reject changed wipe metadata or settings (211.233916ms)
✔ native calibration resolution keeps scalar parsing and native sparse defaults consistent at preparation and validation (293.112583ms)
✔ calibration session binds inactive native material alternatives without using them as active values (182.796333ms)
✔ HTTP preparation reviews hidden native corrections and final save revalidates signed decisions durably (1189.941083ms)
✔ HTTP custom preset CRUD/import/export is durable, typed, same-origin, and catalog-compatible (551.895583ms)
✔ Cut to parts route passes bounded frame and geometry input through shared worker queue and rejects wrong operations (279.942417ms)
✔ Cut to parts disconnect cancels active native work without waiting for a result (44.990083ms)
✔ Cut to parts reports native unavailability explicitly and never falls back to a different cutting algorithm (7.962708ms)
✔ connection API validates and redacts CRUD, preserving keys on edits and enforcing same-origin mutations (466.282292ms)
✔ Moonraker status uses reported objects, preserves URL prefixes, and distinguishes offline firmware (184.218833ms)
✔ OctoPrint status handles disconnected printer 409 and exposes only available capabilities (28.724667ms)
✔ moonraker uploads only completed output without selecting/printing; starting requires explicit confirmation (192.602875ms)
✔ moonraker commands enforce confirmation, numeric validation, busy state, and map the native protocol (386.291583ms)
✔ octoprint uploads only completed output without selecting/printing; starting requires explicit confirmation (81.057583ms)
✔ octoprint commands enforce confirmation, numeric validation, busy state, and map the native protocol (218.108541ms)
✔ remote authentication errors and successful echo payloads never reveal API keys; failures release the lock (28.634541ms)
✔ in-flight commands lock same-device edit, delete, upload, and second commands; other connections remain usable (116.0165ms)
✔ HTTP adapter rejects redirects, invalid JSON, oversized bodies, and streamed timeouts without forwarding credentials (279.560333ms)
✔ flow project token rejects geometry, grouping, ratio, visibility and selection changes (542.946875ms)
✔ flow result uses bound specimen formula, creates a new preset and deduplicates identical retries (305.780541ms)
✔ changed or expired source presets cannot save a measured flow result (175.279333ms)
✔ cached flow project export validates the exact token, parameters, presets and geometry before returning cached bytes (77.63875ms)
✔ expired or shutdown calibration exports require regeneration and never return cached model bytes (204.442667ms)
✔ owned hotend routes preserve system vendor identity, custom last-vendor semantics and deleted/changed preset independence (304.14825ms)
✔ explicit configured vendor assets win; stale hashes fail and missing vendor files use original native default (156.628333ms)
✔ older snapshots show visible fallback provenance and missing defaults remain unavailable (36.189709ms)
✔ hotend asset routes reject traversal, symlink escapes, corrupt geometry, oversized files and unbound reads (72.915458ms)
✔ native hotend supports bounded ASCII STL without moving its coordinates (5.467375ms)
✔ native hotend selection and fallback paths match independently compiled original source (69.975583ms)
✔ catalog retains distinct index IDs and display names with defensive hotend metadata (114.619083ms)
✔ real app persists immutable printer-model bindings for multipart and embedded-project job creation (1823.78225ms)
✔ running cancellation stops the native child, persists cancellation, and removes partial outputs (1227.432792ms)
✔ queued cancellation returns while earlier work runs, is never started, and does not block subsequent jobs (912.323125ms)
✔ terminal cancellations are idempotent, retain ready downloads, and unknown jobs return 404 (759.713458ms)
✔ shutdown cancels both running and queued jobs with no surviving work or downloads (748.738542ms)
✔ startup cleans abandoned owned artifacts, preserves ready G-code, and leaves unrelated files untouched (449.071666ms)
✔ invalid job indexes stop startup before abandoned-file cleanup (6.531292ms)
✔ selection exposes native numeric bed geometry and placement is explicitly opt-in (766.559583ms)
✔ only complete matching owned project slices produce original native all-plate statistics (127.07725ms)
✔ unrelated geometry/config/engine versions, missing and failed plates never produce partial fabricated totals (0.967666ms)
✔ the viewed job anchors its own plate even when newer matching jobs exist (0.282959ms)
✔ job deletion, changed context, changed extruder metadata and helper replacement reject in-flight aggregation (0.818334ms)
✔ all-plate work serializes requests, honors cancellation and shutdown (0.297917ms)
✔ legacy jobs remain explicitly unavailable and unknown/nonready jobs keep ownership boundaries (0.195416ms)
✔ whole-operation timeout aborts native processing across the complete project request (21.683083ms)
✔ arrangement API prepares native geometry outside the bed without weakening export/slicing bounds (427.49ms)
✔ arrangement rejects locked plates and invalid choices before worker admission, and returns explicit worker errors (201.569375ms)
✔ clipboard shares bounded geometry queue and shutdown rejects further requests (113.227292ms)
✔ app shutdown cancels active and waiting configuration HTTP requests and rejects future admission (562.905208ms)
✔ configuration HTTP endpoint preserves operational status instead of rewriting it to400 (248.666667ms)
✔ prepareGeometry forwards the caller signal through native preset resolution (49.759083ms)
✔ geometry route shutdown cancels configuration preparation before arrangement worker admission (73.544875ms)
✔ arrangement passes selected native temperature/nozzle vectors rather than archived alternatives (53.351709ms)
✔ linked Cut route passes bounded frame and geometry input through shared worker queue and rejects wrong operations (341.971375ms)
✔ linked Cut disconnect cancels active native work without waiting for a result (54.354167ms)
✔ linked Cut reports native unavailability explicitly and never falls back to one-instance Cut (36.444292ms)
✔ cross-setting preflight rejects native structural errors before queuing or retaining uploads (1283.151834ms)
✔ native project preflight checks global settings, printable part overrides and native plate vase state (628.790541ms)
✔ native import stores original user diff and editor reset resolves the native parent rather than imported child (1639.773833ms)
✔ root edit reloads direct native children while reopening resolves their nullable variant differences (1650.084083ms)
✔ native parent cycles and helper failure do not overwrite persisted user diffs (138.794667ms)
✔ failure while reloading a root child leaves the entire save transaction and disk file unchanged (698.489625ms)
✔ native derived edits do not eagerly reload grandchildren; a restart applies their stored native diffs (1545.904333ms)
✔ native-mode names follow portable reserved-name rules and root machine save retains only allowed settings (1184.512209ms)
✔ same G-code with different immutable job palettes gets independent snapshot-bound results (73.444459ms)
✔ changed editor context invalidates cache even if G-code and helper identity stay identical (51.374625ms)
✔ editor snapshot mutation during native work rejects stale data and never mutates queued input (41.406875ms)
✔ old helpers and legacy jobs retain explicit standalone provenance instead of implying editor totals (9.204417ms)
✔ invalid stored snapshots are rejected before any native processing (6.101667ms)
✔ unavailable bounded job context reaches the response and participates in cache identity (27.7485ms)
✔ native preview HTTP route serves only owned ready jobs and retains native source identity (437.235458ms)
✔ cache invalidates changed G-code and worker identity and evicts by bounded entry count (72.705084ms)
✔ concurrent subscribers share native work; aborting one preserves the other and aborting all stops work (37.346041ms)
✔ job deletion during processing cannot cache or return orphaned native geometry (16.6275ms)
✔ capability endpoint reports actual identity or a missing helper without attempting job processing (15.7295ms)
✔ changing a helper during an in-flight job rejects stale identity and never caches the result (29.684416ms)
✔ ready-job snapshots reject symlinked output files and invalid cache budgets (31.692333ms)
✔ snapshot preparation is bounded before allocating input copies (16.169292ms)
✔ tower route resolves complete geometry and effective presets, ignoring browser-supplied native counts (275.874042ms)
✔ tower route rejects wrong response identity and reports unavailability without fabricated geometry (94.630334ms)
✔ tower disconnect aborts the native request and shutdown aborts remaining work (21.493083ms)
✔ contextual preset reads share app shutdown cancellation and preserve the service status (496.121833ms)
✔ native project routes import matching settings and export a project larger than the generic JSON limit (1642.246333ms)
✔ native project routes reject unsafe embedded commands, wrong formats and invalid process overrides (109.135291ms)
✔ fresh native GUI archive imports and exports through strict HTTP project validation (284.772792ms)
✔ native part compensation options survive strict HTTP export without allowing host commands (127.885542ms)
✔ native process clipboard HTTP route returns typed source settings and preserves destination filament (847.846583ms)
✔ clipboard rejects mismatched scope, global-only settings, unbounded destinations and requests after shutdown (161.654792ms)
✔ process Paste accepts complete resolved catalog settings while keeping compatibility metadata out of native overrides (394.8105ms)
✔ multi-plate token validates the whole unchanged scene before selecting each trusted native archive (3461.514625ms)
✔ full native export retains all generated plates while selected export contains only its complete four layers (3125.949292ms)
✔ unknown, expired and altered-preset multi-plate requests never yield cached bytes (1872.591459ms)
✔ HTTP catalog evaluates printer/process expressions, library exclusion and native warnings (924.566125ms)
✔ HTTP configuration and slicing reject an expression selection after hardware becomes incompatible (595.450542ms)
✔ trusted catalog overlays use the same overridden compatibility in discovery and native admission (271.799167ms)
✔ native JSON dependencies preserve explicit lists, dormant expressions and unknown names across persistence/export (923.293542ms)
✔ imported native expressions control discovery and material print lists use original precedence (548.000459ms)
✔ incompatible imported presets stay editable but ordinary native resolution always enforces compatibility (2716.309417ms)
✔ native first system filament save seeds the base printer once, but process and derived custom saves retain All (2743.234584ms)
✔ native full-config condition groups remain bounded and survive project settings plus archive roundtrip (443.807833ms)
✔ native compatibility ancestry retains a derived custom parent when Save as new copies it (1538.623833ms)
✔ ordinary slice snapshots resolved machine/filament properties durably with no user connection fields (992.678875ms)
✔ native editor project jobs bind embedded properties and active-plate event metadata without command bodies (630.637916ms)
✔ raw archive uploads do not falsely claim selected-preset editor provenance (487.552084ms)
✔ bounded preview limitations do not reject a valid native configuration or invent summary defaults (465.131333ms)
✔ multipart slicing validates hidden native decisions and writes only the accepted source-derived value (1416.017541ms)
✔ missing, stale, malformed and injected process decisions fail without jobs or abandoned uploads (788.490042ms)
✔ catalog-native projects preserve the decision after canonical preset flattening (733.660667ms)
✔ embedded native projects replay the same hidden decision before producing slicing and export bytes (752.709709ms)
✔ native project jobs select one plate, retain embedded settings, accept large projects, and clean temporary archives (1786.249375ms)
✔ invalid native project settings and calibration payloads never queue native jobs (198.85275ms)
✔ direct project-import HTTP requests share the bounded native queue with raw helper callers (1096.667833ms)
✔ original Preset::save emits parent differences and nullable variant nil markers, then native child loading resolves them (505.542583ms)
✔ user-diff projection matches captured independent complete native user-file loading (1436.263041ms)
✔ independent user-file reference is pinned to retained inputs, generator and native worker sources (2.425042ms)
✔ native root-edit reload remains distinct from native user-file restart loading (261.616417ms)
✔ private server boundary retains original native diff, version, identity and full variants (209.145875ms)
✔ native sphere reaches connected back-facing surfaces while circle is view-facing and neither crosses disconnected shells (364.859291ms)
✔ circle brush uses projected radius; clipping and world overhang constraints restrict actual native subfacets (305.677084ms)
✔ subfacet bucket and triangle editing cross unequal shared edges without repainting other states (1.605666ms)
✔ gap fill uses strict local patch area and lowest adjacent state, preserving immutable snapshot decisions (0.955709ms)
✔ height paint and source native brush constraints reject invalid or excessive parameters (253.338ms)
✔ native C++ polygon pipeline and source corner predicates: 81 outer/hole/negative/overlap/acute/tiny-edge cases (177.768833ms)
✔ default diameter uses native global first-layer width; strict right-angle boundary and duplicates preserve user ears (0.773459ms)
✔ mesh section honors grouped transforms and negatives, ignores modifiers, and rejects damaged topology (167.5705ms)
✔ disconnected ears connect through an ear chain without mutating geometry (6.170416ms)
✔ brim ear metadata rejects malformed, duplicate and unsupported native records (8.344083ms)
✔ native ears round trip by model index with plate offsets and object transforms (152.929375ms)
✔ ears follow grouped rebasing, mirror and placement while their diameter stays fixed (141.283375ms)
✔ part edits and deletion preserve object-level ears while part copies do not duplicate them (25.712416ms)
✔ finite capsule distances handle intersections, skew edges, parallel segments and degenerate projections (0.905875ms)
✔ continuous sphere and circle strokes cover the swept capsule between sparse pointer samples (567.678708ms)
✔ screen interpolation preserves facet transitions, curve bends and missed surfaces with bounded work (0.800709ms)
✔ explicit temperature measurement maps only to the source-defined filament settings (2.155375ms)
✔ explicit pressure-advance measurement maps only to the source-defined filament settings (0.233375ms)
✔ explicit retraction measurement maps only to the source-defined filament settings (0.0955ms)
✔ explicit max-volumetric-speed measurement maps only to the source-defined filament settings (0.113875ms)
✔ temperature requires a whole-degree value and no unsupported result is guessed (0.517541ms)
✔ temperature plan uses native labelled block coordinates, nozzle scale and native preset scope (1.931291ms)
✔ calibration rejects unsupported modes, arbitrary keys, invalid ranges, oversized towers and multiple extruders (1.23475ms)
✔ PA plan derives bounded wall speed from the native flow area and 1 mm height schedule (0.41475ms)
✔ PA commands follow the selected native firmware flavor (0.527292ms)
✔ temperature interpolation follows the native first-two-layer and final-layer behavior (0.222875ms)
✔ postprocessor inserts actual calibration commands after native layer macros and preserves motion (75.49375ms)
✔ postprocessor refuses incompatible versions, missing anchors and inconsistent layer metadata (0.616958ms)
✔ clipped geometry is capped with consistent winding and preserves true volume (70.848875ms)
✔ clipping retains enclosed holes instead of filling the calibration cut solid (4.295375ms)
✔ calibration placement uses the real bed and rejects unsupported bed shapes (1.024916ms)
✔ input shaping generates native models and complete spiral, acceleration and cooling settings (0.4545ms)
✔ input shaping validates native ranges, firmware-specific types and request fields (0.467ms)
✔ input shaping follows native frequency first-layer and second-layer firmware sequences (0.435042ms)
✔ damping preserves native zero no-op, initialization and float32 interpolation instead of fabricating resets (0.738917ms)
✔ only a final native spiral closing layer may repeat its preceding Z marker (1.821625ms)
✔ cornering maps positive Marlin junction deviation and other presets to native defaults and units (0.715541ms)
✔ cornering commands match native firmware parameters and zero no-op behavior (56.667583ms)
✔ cornering rejects overlapping schedule commands and removes stale time/progress while retaining material (9.462958ms)
✔ Bambu native layer and Z tags preserve temperature scheduling and original reserved comments (0.208667ms)
✔ fit keeps every corner of wide, tall and asymmetric objects within portrait and landscape camera frames (4.292292ms)
✔ camera fitting is translation invariant and validates malformed geometry and viewport dimensions (1.071792ms)
✔ custom prepare/save derives hidden vase corrections, persists them outside overrides, and reopens durably (2051.67325ms)
✔ save never accepts injected hidden settings, native patches, forged decisions, or caller capability flags (22.492333ms)
✔ structural failures block persistence and material warnings require their current acknowledgment signature (155.483ms)
✔ source changes invalidate reviewed hidden corrections and sequential event decisions replay without repeated dialogs (134.9595ms)
✔ a standalone imported printer can be renamed even when no bundled process is compatible (252.974875ms)
✔ custom machine/process/filament snapshots persist and affect actual selection with strict compatibility (370.817833ms)
✔ derived machines retain native compatibility ancestry and expose custom bed geometry (85.979792ms)
✔ custom edits replace override map relative to frozen base and cannot mutate bundled files (31.210584ms)
✔ native inherited JSON imports resolve trusted names and export their native differences (682.832958ms)
✔ native imports reject missing/ambiguous parents, unknown fields, scripts, malformed dependencies, and credentials without saving partial data (18.928125ms)
✔ concurrent edits, rename collisions, delete/update races and write failures stay atomic (73.160208ms)
✔ corrupt custom store is reported instead of overwritten (18.479125ms)
✔ all native connector primitive vertices and triangles match independently compiled pinned native functions (10.822583ms)
✔ native primitive recentering produces closed outward surfaces for every connector type and shape (69.301042ms)
✔ plug clearances and cut identity match native processed-volume semantics (890.15825ms)
✔ dowels produce independent upright solids and two tolerance-expanded holes with native preview offsets (112.657625ms)
✔ snap and asymmetric polygon connectors retain native geometry on oblique planes (88.409333ms)
✔ invalid placement, intersecting negative regions and malformed plans fail without changing the source (107.421208ms)
✔ repeated cuts increment source family counters and synchronize surviving peers without changing unrelated families (63.791125ms)
✔ exact one-volume geometry correspondence retains cut identity and connector flags (1.883875ms)
✔ changed topology clears all family identities and connector flags while preserving every replacement surface (0.974417ms)
✔ split or assembly membership invalidates original families instead of duplicating stale connector flags (0.3485ms)
✔ cut identities preserve unsigned 64-bit values exactly and reject unsafe numbers (45.881875ms)
✔ connector types and distances are explicit and do not infer editable source plans (0.341541ms)
✔ cut XML uses native object and volume indexes, repeated connector containers and exact identity strings (123.313541ms)
✔ malformed XML, missing identities, duplicate indexes and invalid connector references fail explicitly (25.891042ms)
✔ native project roundtrip retains grouped connector identities, roles, material slots and plate reindexing (341.419125ms)
✔ missing object or volume metadata references reject before the native executable (111.115542ms)
✔ repeated build instances retain one native cut record on every expanded group (39.329125ms)
✔ membership and role changes invalidate related cut metadata without deleting connector geometry (1.937916ms)
✔ client normalization and server preparation preserve only validated cut fields (129.539459ms)
✔ empty native mesh volumes cannot shift connector volume indexes silently (64.480458ms)
✔ near-edge cuts remove Float32-collapsed faces and split collinear boundary edges without moving the plane (8.277583ms)
✔ Cut transport uses its bounded geometry output budget and validates the native replay identity (982.5695ms)
✔ Cut transport cancellation and queue deadlines remove all isolated geometry (323.775583ms)
✔ original Cut to parts result applies atomically: ordinary STL without retained frame (162.405416ms)
✔ original Cut to parts result applies atomically: linked translated solids (40.430917ms)
✔ original Cut to parts result applies atomically: two normal volumes preserve A B interleaving (93.728375ms)
✔ original Cut to parts result applies atomically: crossed and outside helpers retained exactly once (46.816708ms)
✔ original Cut to parts result applies atomically: tilted scaled mirrored source with oblique cut (10.908125ms)
✔ original Cut to parts result applies atomically: selected mirrored tilted instance (111.978875ms)
✔ original Cut to parts result applies atomically: first instance no auto-drop (86.866042ms)
✔ Cut to parts rejects incompatible controls and invalid planes before native work (6.655792ms)
✔ native output validation rejects identity, reordering, lost modifiers and unbounded geometry (1.712834ms)
✔ native geometry keeps full source frames and strips topology-dependent painting only on the returned transaction (6.142292ms)
✔ captured Cut oracle retains pinned source, independently rebuilt generator and exact fixture inputs (28.466292ms)
✔ printer credentials persist privately; public records and reads cannot mutate the store (16.242542ms)
✔ concurrent creates and edits preserve every record and the latest credential (32.153834ms)
✔ failed atomic replacement leaves memory intact, cleans the temporary file, and allows later writes (18.637583ms)
✔ corrupt or invalid stored connections abort startup without replacing their contents (12.897625ms)
✔ malformed URLs, credentials, names, and camera URLs are rejected without persisting a connection (3.604917ms)
✔ native C++ dovetail plane math and ordered half-space paths match: basic (5.741458ms)
✔ native C++ dovetail plane math and ordered half-space paths match: repeated (5.64425ms)
✔ native C++ dovetail plane math and ordered half-space paths match: tapered (0.261709ms)
✔ native C++ dovetail plane math and ordered half-space paths match: obtuse (0.195208ms)
✔ native C++ dovetail plane math and ordered half-space paths match: zero-clearance (0.268917ms)
✔ native C++ dovetail plane math and ordered half-space paths match: negative-clearance (0.362583ms)
✔ native dovetail cuts produce closed real tongues/sockets and exact analytic clearance volume (273.968208ms)
✔ repeated tapered and oblique dovetail cuts preserve closed fragments, retained sides and bed placement (762.643ms)
✔ dovetail family updates preserve peers, existing connector metadata and intersecting modifier volumes (144.151542ms)
✔ invalid or unsupported dovetails fail without mutating source or returning zero-volume pieces (6.025375ms)
✔ hidden normal parts remain in the cut family and native project roundtrip retains final geometry and identities (579.711084ms)
✔ split and assembly remap sparse native painting to exact source triangles (81.098625ms)
✔ ordinary repair preserves painting through triangle reindexing and rejects painted deletion (91.92025ms)
✔ compatible orientation repair preserves exact painted subregions and incompatible bases fail before loss (38.465291ms)
✔ assembly rejects incompatible reflected nonuniform paint while uniform states remain preservable (70.638584ms)
✔ native nibble strings decode exact states and split-child order with lossless encoding (4.128792ms)
✔ bounded painting validation rejects malformed, truncated, excessive and incompatible native data (12.999333ms)
✔ painting records actual facets, connected fill and sphere refinement without changing source surfaces (37.0445ms)
✔ winding changes preserve exact asymmetric native painted regions via explicit vertex order (0.154291ms)
✔ filament remapping swaps native leaves simultaneously and includes base part and object fallback without changing geometry (3.199042ms)
✔ mapping identity is a no-op and invalid source, target, role and group settings fail before edits (0.334958ms)
✔ native per-plate output sequence aliases and associations survive selected/reordered exports (1.084834ms)
✔ native output metadata rejects missing plate, invalid indices and oversized arrays (2.306875ms)
✔ layer orders use native equal-width interval encoding beyond the misleading scalar max of sixteen (0.766291ms)
✔ orders reject duplicate/missing slots, malformed ranges and mismatched native record widths (0.375709ms)
✔ native project service preserves sequence metadata per plate and rejects malformed order before export (1230.949583ms)
✔ adding slots preserves existing purge values and initializes the native 140+140 transition defaults (29.352292ms)
✔ removing a used slot fails; unused removal remaps parts and layer events without changing the original (0.556917ms)
✔ embedded slot duplication preserves per-material vector values and round-trips an unused slot removal (0.350625ms)
✔ flow methods use native percent versus additive formulas and source-specific sample lists (1.657458ms)
✔ flow geometry preserves labels and per-object ratios with ten-layer scaling and group centering (113.93175ms)
✔ flow plan rejects unknown fields, bad ranges and unsafe substitutions for labelled native specimens (3.76475ms)
✔ flow output validation requires every prepared native specimen and preserves native moves and estimates (2.459916ms)
✔ font service serves only allowlisted native bundled files and their attribution, rejecting links and path requests (403.116583ms)
✔ normal native role colors and ordering match independently extracted pinned declarations (7.50825ms)
✔ opt-in raw source changes no parsed geometry or estimates and preserves exact line text (0.789334ms)
✔ hiding a role preserves scrubbed source position and original arc command identities (0.988625ms)
✔ source window retains non-motion commands and all semicolon text; no hidden or empty path invents an active line (0.410875ms)
✔ source and display bounds report their limits without dropping a line number or treating unparsed context as a selected move (0.7025ms)
✔ actual GUI-exported2.4.2 G-code retains102 layer/command mappings and native feature ordering without inferred timing (342.240875ms)
✔ scalar colors and legend values equal unmodified native ColorRange/Types C++ in 50 boundary and interpolation cases (3.619959ms)
✔ commanded flow matches six independent C++ float-operation cases and rejects missing or non-extrusion inputs (0.292834ms)
✔ native height/width tags persist across roles, clamp excessive width, and clear invalid metadata without geometry mutation (3.015083ms)
✔ filament config overrides header, tool commands select diameter, heater T parameters do not and M221 does not change commanded flow (0.269541ms)
✔ known tags remain inspectable while arc, volumetric E, wipe, firmware retract and conflicting relative modes leave flow unavailable (0.534083ms)
✔ missing diameter, feed or tags produce explicit nulls and source-less previews are not populated from assumptions (0.162542ms)
✔ native scalar ranges cover the whole file and only exclude hidden Custom for width/flow, preserving native singleton behavior (0.227875ms)
✔ all 6,896 tagged linear motions from the actual native GUI fixture equal the independent C++ float rows (386.702542ms)
✔ preview changes tools only for leading T commands, never heater or acceleration parameters (3.261875ms)
✔ tracks native layer/feature comments, feed rates, tools and genuine header estimates (4.038542ms)
✔ absolute/relative axes and M82/M83 extrusion modes remain explicit across G92 resets (0.578792ms)
✔ distinguishes extrusion, travel, moving retraction and stationary retraction/unretraction (0.300083ms)
✔ tessellates clockwise/counterclockwise IJ arcs, full circles and helical Z motion (0.900167ms)
✔ supports radius-defined minor/major arcs and alternate planes without flattening them (13.647542ms)
✔ invalid arcs are reported and omitted rather than converted into fabricated straight paths (0.135375ms)
✔ unknown starting coordinates and homing do not produce invented moves (0.191042ms)
✔ commentless layers use extruding Z and ignore non-extruding Z-hop heights (0.081292ms)
✔ duplicate native layer comments annotate one layer and missing native estimates remain absent (0.09325ms)
✔ caps segments, lines, characters and arc subdivision with explicit partial-preview diagnostics (0.183084ms)
✔ parses inches, modal moves, comments, compact commands, line numbers and checksum suffixes (0.23875ms)
✔ absolute arc-center mode and coordinate safety limits are respected (0.089042ms)
✔ Orca setup/purge paths do not shift one-based printed layer labels (0.078292ms)
✔ complete generated pattern import captures four-layer geometry/settings/plate binding and survives JSON scene roundtrip (130.785292ms)
✔ stale generated patterns reject transform, geometry, native settings, plate and command edits (104.6275ms)
✔ incomplete marked projects cannot establish a new binding, ordinary custom commands retain existing semantics (2.892958ms)
✔ native project preparation accepts unchanged embedded import and rejects changed geometry, presets and plates (404.183792ms)
✔ browser edit guard retains fixed paths and checks effective process settings while allowing selection and names (136.053208ms)
✔ saved version-one pattern bindings retain their original geometry/settings/active-plate fingerprint (54.257625ms)
✔ planar cut produces closed caps with conserved volume and preserves transformed placement (105.620458ms)
✔ cut caps preserve nested cavities, islands and disconnected shells (15.080041ms)
✔ cut through existing vertices/edges remains manifold and invalid surfaces fail without mutation (7.451416ms)
✔ concave cut contours cap the real outline rather than its convex hull (7.120083ms)
✔ mirroring transforms asymmetric geometry, preserves outward winding and is reversible (3.226667ms)
✔ native group cut preserves part roles, assignments and shared overrides without orphaned modifiers (3.792125ms)
✔ split disconnected shells preserves transformed world surfaces and leaves source unchanged (72.321834ms)
✔ assembly metadata disassembles parts at current world positions without a Boolean union (1.852417ms)
✔ repair removes degenerate and duplicate faces, fixes isolated winding errors, and retains dimensions (3.7375ms)
✔ repair reports open boundaries and does not invent caps or flip nested cavity shells (1.602125ms)
✔ transforms rotate and scale about source center while position is world translation (5.983708ms)
✔ combined Euler rotation matches Three.js XYZ convention used by the viewport (0.767458ms)
✔ bed placement centers XY and drops transformed minimum Z while imported assemblies keep offsets (16.726833ms)
✔ scene bounds, duplicate, remove and hidden objects use independent serializable meshes (7.448709ms)
✔ arrange keeps transformed boxes inside build volume with nonoverlapping XY footprints (11.966125ms)
✔ mesh analysis identifies closed topology, open boundaries, degeneracy and duplicate faces (13.001375ms)
✔ binary STL includes only visible triangles with baked transforms and repaired mirrored winding (1.674458ms)
✔ place on face rotates an outward side normal down, retains XY center and resets transforms (1.141541ms)
✔ invalid input coordinates and zero scale are rejected before geometry export (0.460291ms)
✔ server validates and preserves shared editing frames in web metadata while native geometry stays baked (552.6095ms)
✔ source-derived positive shrinkage schedule matches every captured OrcaSlicer 2.4.2 GUI layer (41.924ms)
✔ height ranges normalize native scalar/vector settings, expose only region controls plus mandatory layer height, and sort natively (178.539917ms)
✔ native overlaps trim later ranges rather than merge settings, including identical starts and fully covered ranges (0.375625ms)
✔ range validation rejects unsafe numbers, duplicate bounds, host scripts, global controls and missing layer heights (0.424916ms)
✔ range layer-height bounds follow native extruder fallback and zero maximum uses 75 percent nozzle (0.185166ms)
✔ XML roundtrip uses 1-based model-object indices, preserves gaps and rejects malformed or hostile metadata (0.700625ms)
✔ native range metadata attaches to whole model objects, not component resource IDs, and remaps selected plates (257.505458ms)
✔ all instances of one native model object inherit its indexed ranges (64.924791ms)
✔ regrouping adopts the target height ranges and detached copies retain independent values (2.134333ms)
✔ server sanitizes and preserves ranges, validates nozzle bounds and rejects hidden host hooks (194.0545ms)
✔ structural preflight validates effective ranged settings after ordinary part settings (2.365708ms)
✔ SVG physical units, viewBox mapping and scale leave extrusion depth in millimetres (4.210083ms)
✔ bounded ZIP reader accepts stored/deflated entries and rejects oversized or forged expansions (83.564417ms)
✔ file limits apply before reading file bytes and triangle limits before STL/OBJ expansion (0.86575ms)
✔ STEP mesh conversion preserves assembly names, rejects bad indices and enforces mesh budgets (2.91225ms)
✔ official OpenCascade WASM tessellates upstream STEP cube into actual closed surfaces (1187.352875ms)
✔ native initial profile, layer schedule and complete RGBA/LOD textures match independent C++ case 0 (4.320916ms)
✔ native initial profile, layer schedule and complete RGBA/LOD textures match independent C++ case 1 (1.034833ms)
✔ native initial profile, layer schedule and complete RGBA/LOD textures match independent C++ case 2 (1ms)
✔ native initial profile, layer schedule and complete RGBA/LOD textures match independent C++ case 3 (1.077958ms)
✔ native initial profile, layer schedule and complete RGBA/LOD textures match independent C++ case 4 (1.112708ms)
✔ native initial profile, layer schedule and complete RGBA/LOD textures match independent C++ case 5 (1.034ms)
✔ native initial profile, layer schedule and complete RGBA/LOD textures match independent C++ case 6 (0.562875ms)
✔ native initial profile, layer schedule and complete RGBA/LOD textures match independent C++ case 7 (47.396333ms)
✔ editable uniform initialization inserts one collinear pair while preserving native range discontinuities (0.904ms)
✔ default preview layers retain native range heights instead of silently becoming uniform (2.306875ms)
✔ native cursor band is yellow at half strength in the center and fades to zero outside its cosine band (0.159375ms)
✔ malformed profiles and native texture overflow are rejected before allocating unsafe buffers (7.42175ms)
✔ default C++ fused arithmetic differs only by documented one-channel rounding units (29.116666ms)
✔ legacy activation is version-gated and accepts canonical numeric/percent material values (0.948333ms)
✔ legacy mesh conversion retains absolute XY and joins OBJ submeshes into one native object while dropping Z (472.364541ms)
✔ preserved-position binary STL and grouped OBJ use the same bounded initialized native geometry (607.95675ms)
✔ automatic-placement conversion delegates packing to native export and forwards isolated settings/cancellation (154.191458ms)
✔ malformed and oversized legacy geometry fail explicitly before initialized archive creation (15.364292ms)
✔ max flow uses native width, height, maximum layer adjustment and allowance in the correct preset scopes (101.549834ms)
✔ max flow follows float32 native flow area, selected filament ratio and continuous rounded per-height speed (9.294375ms)
✔ max flow never lowers a native maximum layer height already sufficient for its nozzle (6.211791ms)
✔ max flow rejects invalid, overly short/tall and zero-native-speed ranges without inventing safe values (1.927583ms)
✔ STL loader displays actual binary vertices and import placement matches selected bed (41.609333ms)
✔ OBJ loader preserves named surface groups and their relative positions (22.132166ms)
✔ empty geometry and unsupported file formats fail instead of rendering placeholder meshes (0.283083ms)
✔ selection expands native objects, toggles whole groups, honors part scope and excludes other plates (1.64475ms)
✔ joint affine edits preserve every group, painted facet and brim position with a stable numeric transform frame (5.803875ms)
✔ duplicate and delete operate on distinct complete native groups in one result without cross-plate edits (2.08675ms)
✔ native rectangle membership retains an existing superset, replaces new hits, adds with control, and selects only modifier volumes (2.063375ms)
✔ saved multiple selection and affine frame roundtrip; stale frame clears and invalid vectors or forged state reject (99.388416ms)
✔ batch center and drop translate jointly using normal surfaces, preserve spacing and do not change another plate (20.544167ms)
✔ batch edits retain editable text source placement and native object-owned brim anchors under part scope (83.3745ms)
✔ original C++ all-plate totals: multiple-maps-and-native-assignment-filter, normal, metric (4.462083ms)
✔ original C++ all-plate totals: multiple-maps-and-native-assignment-filter, normal, imperial (0.427208ms)
✔ original C++ all-plate totals: multiple-maps-and-native-assignment-filter, stealth, metric (6.8245ms)
✔ original C++ all-plate totals: multiple-maps-and-native-assignment-filter, stealth, imperial (0.805125ms)
✔ original C++ all-plate totals: zero-columns-and-disabled-stealth, normal, metric (0.08475ms)
✔ original C++ all-plate totals: zero-columns-and-disabled-stealth, normal, imperial (0.050917ms)
✔ original C++ all-plate totals: zero-columns-and-disabled-stealth, stealth, metric (0.04525ms)
✔ original C++ all-plate totals: zero-columns-and-disabled-stealth, stealth, imperial (0.04225ms)
✔ original C++ all-plate totals: native-commands, normal, metric (0.066083ms)
✔ original C++ all-plate totals: native-commands, normal, imperial (1.047083ms)
✔ original C++ all-plate totals: native-commands, stealth, metric (0.139125ms)
✔ original C++ all-plate totals: native-commands, stealth, imperial (0.052708ms)
✔ original C++ all-plate totals: native-gui, normal, metric (0.028792ms)
✔ original C++ all-plate totals: native-gui, normal, imperial (0.234875ms)
✔ original C++ all-plate totals: native-gui, stealth, metric (0.853667ms)
✔ original C++ all-plate totals: native-gui, stealth, imperial (0.990583ms)
✔ original native time labels retain float division, minute rounding and subsecond sprintf behavior (3.126417ms)
✔ all-plate totals require every completed native editor result and consistent palettes/properties (6.1685ms)
✔ arrangement transport validates identity/results and always removes isolated request files (682.755791ms)
✖ arrangement input/output/console bounds and whole-operation deadlines reject stalled helpers (271.809542ms)
✔ active/queued cancellation, overflow and shutdown do not retain geometry or processes (247.819084ms)
✔ request preserves assemblies/part roles and transforms; selected-only keeps other objects fixed (5.489541ms)
✔ rigid native delta rotates whole assembly while preserving geometry, painting, settings and other objects (4.107833ms)
✔ spill placements create independent plates, preserve their native settings and clear moved selection (3.012292ms)
✔ invalid options, locked/empty selections and malformed native results never mutate project (2.472875ms)
✔ legacy single selection survives arrangement when selectedIds is empty (0.82025ms)
✔ real GUI plate images retain exact bytes through bounded JSON and generate correct native references (54.288209ms)
✔ appearance edits invalidate only the affected plate while selection, name and process changes retain render assets (92.289041ms)
✔ selected and reordered plate exports renumber image paths without retaining another plate image (28.615167ms)
✔ missing references produce actionable warnings and unsafe image references reject without filesystem access (6.232958ms)
✔ malformed base64, unknown image kinds, invalid chunks and image resource bounds fail closed (8.513917ms)
✔ actual native archive and strict service exports retain image bytes and omit stale or instance-ID picking references (740.458333ms)
✔ native attachments, cover relationships and attribution survive JSON and native export with exact opaque bytes (627.973292ms)
✔ native folders accept supported uploads atomically and preserve byte count and Unicode names (0.542625ms)
✔ rename and deletion keep covers coherent, clear generated cover files and leave original history unchanged (47.217041ms)
✔ missing designer covers and referenced cover resources are diagnosed without external reads (28.661209ms)
✔ unsafe paths, portability collisions, malformed payloads and reference forgery reject before output (1.077375ms)
✔ unknown auxiliary categories and root-level opaque files survive while metadata rejects invalid keys and values (0.907958ms)
✔ picture previews accept bounded static raster data and never interpret renamed active or oversized content (4.1415ms)
✔ Copy is detached; paste preserves names, painting and settings with fresh IDs (3.863459ms)
✔ All model objects participate, including invisible and other-plate objects (1.726209ms)
✔ Invalid worker transforms, identity changes, clone bounds and calibration reject atomically (1.1345ms)
✔ Clones retain processed connector geometry but detach copied cut identity (0.936625ms)
✔ Part paste applies returned raw mesh transform and adopts destination object settings (1.584125ms)
✔ Ordinary imported mesh retains native instance frame through Copy and JSON; stale topology rejects (319.00525ms)
✔ Modes require native whole-object/part destination selection and unchanged active plate (12.277459ms)
✔ Part Clone validates each copy/index pair and applies one atomic result (45.751292ms)
✔ compatibility metadata retains explicit lists and conditions while only the explicit leaf alias is sent to native naming (2.078ms)
✔ listing selects active process for filament evaluation and carries native library exclusions (19.299ms)
✔ listing does not fall back on helper failure, mismatched result IDs, or cancellation (0.351459ms)
✔ an incompatible selected process is explicit and native parser warnings retain original acceptance (0.274667ms)
✔ all catalog batches share one deadline rather than resetting the timeout per helper (70.758958ms)
✔ configuration cache identifies the current binary before reuse and rejects a removed helper (43.811333ms)
✔ binary replacement during a request never publishes or caches the stale output (134.151625ms)
✔ configuration failures preserve native error identity, diagnostic properties and cancellation reason (20.318875ms)
✔ one application lifetime aborts active and queued calls, waits for cleanup and leaves other lifetimes usable (18.520666ms)
✔ native config queue bounds processes, aborts queued work, and shares one deadline (56.910542ms)
✔ native config request/output bounds and source version are enforced before use (87.84225ms)
✔ cached configurations are defensive and keyed by request and helper path (12.400542ms)
✔ native defaults and ordinary resolved numeric values satisfy structural checks (3.475125ms)
✔ native minimum diameter, layer, clearance and flow checks retain exact boundaries (42.704292ms)
✔ CLI vase restrictions include hidden support layers while GUI validation permits its correction flow (124.573458ms)
✔ line widths resolve percentages against largest nozzle and bridge widths are bounded by smallest nozzle (0.727ms)
✔ firmware retraction rejects wipe even at 100 percent and invalid enums and nonfinite values are reported (5.0325ms)
✔ native cover applies all three relationships and designer metadata atomically without changing opaque attachments or source state (804.948458ms)
✔ incomplete, foreign, stale and wrongly sized native cover results fail without a partial project edit (2374.610875ms)
✔ text attachment preserves one imported native object identity through edit and native export (287.88875ms)
✔ text attachment preserves multiple linked native object identity through edit and native export (222.668917ms)
✔ svg attachment preserves one imported native object identity through edit and native export (114.056334ms)
✔ svg attachment preserves multiple linked native object identity through edit and native export (88.5375ms)
✔ legacy attachment preserves one imported native object identity through edit and native export (194.190083ms)
✔ legacy attachment preserves multiple linked native object identity through edit and native export (135.339834ms)
✔ standalone native creations stay independent of the selected native family (0.837042ms)
✔ Cut captures the detached model snapshot and erases only its selected groups without changing source state (5.019875ms)
✔ Cut parts retain the remaining normal volume; removing the last normal part rejects atomically (1.003917ms)
✔ Clipboard survives independently restored project history and subsequent paste uses fresh identities (3.059333ms)
✔ Cut rejects locked/generated projects and explicitly invalidates surviving processed cut correspondence (0.546916ms)
✔ native part invalidation is its own geometry-preserving operation and family equality includes checksum/count (3.407917ms)
✔ delete-all-connectors removes matching family connectors and empty connector objects while retaining cut identities (1.237208ms)
✔ removing a helper promotes the final volume overrides into native object settings (0.597625ms)
✔ original Units formatting: zero (1.737542ms)
✔ original Units formatting: small (0.309167ms)
✔ original Units formatting: fraction (1.086458ms)
✔ original Units formatting: native-ounces (0.101041ms)
✔ original Units formatting: minute-rounding (0.092125ms)
✔ original Units formatting: large (0.052416ms)
✔ original Units formatting: percent-boundary (0.04875ms)
✔ original Units formatting: percent-below (0.042459ms)
✔ native role imperial conversion quirk remains isolated from once-converted Summary weight (0.081083ms)
✔ Units preference defaults to native metric, persists exact native string values, and rejects malformed storage (0.2815ms)
✔ storage failure is surfaced on save without changing native default read behavior (0.158708ms)
✔ source platform Preferences shortcut respects text input/modal and composition guards (0.160125ms)
✔ original formatting reference retains pinned commit and source hash (4.298541ms)
✔ native fixed decimals match printf for exact and false half ties, signed zero, subnormals and large values (0.299083ms)
✔ regenerated glyph bounding box preserves its exact prior world frame and native JSON/3MF metadata (561.057125ms)
✔ native surface request includes only same-group normal parts and preserves reflected source transforms (68.61525ms)
✔ native regeneration requires painting-loss consent and leaves source input untouched (282.160833ms)
✔ native per-glyph metadata requests the real layout with its source geometry (128.457458ms)
✔ native request validates typed font settings, matrices, geometry totals and explicit unsupported features (28.462375ms)
✔ native response requires pinned engine identity and bounded valid indices (0.455625ms)
✔ wrapper uses only opaque font ID with trusted resolver and returns parsed mesh (145.483667ms)
✔ worker errors and malformed output cannot become successful geometry (184.581209ms)
✔ active cancellation kills uncooperative child, clears queue slot and subsequent job runs (384.032375ms)
✔ queued cancellation never resolves a font or spawns a child, and queue bounds reject overload (5.122958ms)
✔ wall deadline includes pending font resolution and queued wait, without late spawn (76.204375ms)
✔ stdout and stderr overflow stop child and preserve bounded diagnostics (98.247542ms)
✔ closing cancels active and queued work and rejects future requests (2.548125ms)
✔ fresh native GUI planar fixture retains text/shape attributes, exact overlap and independent regeneration plane (994.551333ms)
✔ fresh native GUI surface fixture retains text/shape attributes, exact overlap and independent regeneration plane (359.26ms)
✔ native metadata roundtrip retains all source font attributes and explicit alignments (202.327ms)
✔ baked native groups, reflected painting frames, brim centering and multiple plates preserve regeneration placement (173.377334ms)
✔ single-part face placement, group rebasing, multiple-selection baking and duplicate preserve native frame (940.653459ms)
✔ topology rewrites remove stale native regeneration data and expose an explicit loss message (185.912583ms)
✔ self-contained native SVG shape archive survives without filesystem access (270.249458ms)
✔ malformed text, nonaffine/singular frames and active SVG metadata are rejected before export (217.394959ms)
✔ deleting a neighboring part preserves a transformed native text frame without rebaking it (543.789083ms)
✔ native XML legacy inline shapes and numeric alignment values follow the pinned loader (0.383708ms)
✔ retained native source stays bounded and rejects stale geometry, hidden vertices and invalid indices (429.338042ms)
✔ face placement of a retained plain parent mesh keeps its precision source bound (436.930041ms)
✔ native Filament and Summary colors match original C++ for palette wrapping, travels, wipes and pause/custom layers (0.85425ms)
✔ native filament category presence, float row totals, double column totals and imported cost match original GUI source (1.187416ms)
✔ compact native weight formatting matches original g/kg/t and imperial boundaries (0.356ms)
✔ old metadata and invalid material properties remain unavailable; empty maps do not invent categories or tool identities (1.290791ms)
✔ additive native material schema bounds maps, identities, counts and provenance while accepting old helpers (36.604666ms)
✔ native compact counts truncate suffix tenths and two-line usage retains native unit formatting (0.988625ms)
✔ Fill applies original and added instance frames atomically, retains selection, geometry and painting (105.020875ms)
✔ Repeated Fill reconstructs genuine shared instances; native and JSON roundtrips retain that identity (157.405417ms)
✔ Native Clone creates an independent model object instead of extending the Fill instance family (10.060417ms)
✔ A diverged instance is explicit and cannot silently replace peer settings or surfaces (10.875ms)
✔ All scene instances participate including hidden/off-plate members; selected instance determines native plate (0.920417ms)
✔ Fill without additions is a strict no-op and malformed output cannot enter history (0.431417ms)
✔ Selection, vendor, locked plate and generated calibration failures are actionable (0.188583ms)
✔ Shared-instance export preserves brim ears in each instance frame (5.583917ms)
✔ Imported native text regeneration metadata remains equivalent across linked instance frames (627.438084ms)
✔ Fill HTTP validates whole project and effective native settings before dispatch, then rejects invalid output (433.688292ms)
✔ Fill shares bounded native queue, validates outputs, cancels active/queued work and cleans request files (823.627333ms)
✔ native font catalog retains bundled IDs, includes trusted TTCs and excludes escaped links (51.613542ms)
✔ worker validates native identity and output while every successful/failed request cleans its files (377.57825ms)
✔ worker bounds input/result/console and times out stalled native code (374.986167ms)
✔ worker cancels active and queued requests, enforces queue capacity and drains on shutdown (127.432625ms)
✔ operation deadlines include queue wait rather than granting every queued job another full execution window (361.96475ms)
✔ native hotend client uses only the owned job route and verifies the returned asset hash (21.956917ms)
✔ old endpoint fallback is explicit and server/missing/changed assets do not silently substitute a model (5.384333ms)
✔ native image HTTP capability and errors are bounded explicit responses with a clean shutdown (325.977042ms)
✔ native image capabilities require the complete pinned identity and explain a missing helper (316.997875ms)
✔ cover input rejects invalid bytes, paths and extreme native intermediate surfaces before spawning (1.206333ms)
✔ active and queued image work obey cancellation, capacity and cleanup without spawning an extra child (319.876917ms)
✔ native image deadlines and excessive child logs terminate work and remove private files (1679.692459ms)
✔ worker errors and malformed result descriptions cannot publish an incomplete cover set (1010.455542ms)
✔ relative configured helper paths still resolve after entering a private work directory (426.54725ms)
✔ linked Cut replaces every shared instance with two new ModelObject families, one immutable transaction (193.3905ms)
✔ analytic horizontal frame geometry grounds upper and lower independently and keeps peer XY/Z rotation (25.195125ms)
✔ cut native archive retains shared object identity, source frames, processed connector metadata and independent families (1722.5015ms)
✔ two-plate Cut sends global native offsets and returns plate-local geometry without moving peers to the selected plate (98.106458ms)
✔ no-auto-drop flags preserve original height while native first-instance grounding shifts eligible peers equally (4.411917ms)
✔ dowels discard the old preview grounding before native per-instance placement, including disabled auto-drop (1361.138084ms)
✔ only explicit instance families share a Cut; unrelated cut-family peers are preserved and painting changes require the existing consent flow (3.287542ms)
✔ strict response validation rejects altered identity, XY, scale, auto-drop and stale topology before applying (5.393125ms)
✔ oversized native load scaling dialog is explicit instead of silently inventing a scaling decision (6.972292ms)
✔ browser min/max bed contract retains exact two-plate native frames and local results (6.778792ms)
✔ browser bed dimensions enforce native oversized dialog boundary and reject invalid dimensions (2.189917ms)
✔ shared object/part settings propagate with one immutable transaction, preserving exact raw mesh and frame (174.1675ms)
✔ part translation uses one shared component frame even with rotated and mirrored peer instances (30.521875ms)
✔ paint, filament, volume role, name and height metadata are shared but visibility and printable flags are instance-local (1.213375ms)
✔ world-Z rotation and XY translation remain local; tilt/scale synchronize peers without copying XY or Z rotation (300.397458ms)
✔ deleting a part removes that volume from all peers; deleting a whole instance leaves its peers (4.8825ms)
✔ adding a part to a linked group creates one corresponding part in every instance (31.387292ms)
✔ incompatible concurrent part edits reject atomically; stale geometry carriers are never silently accepted (6.106459ms)
✔ topology replacement without a stale carrier propagates actual geometry, keeps peer placement and export identity (118.2895ms)
✔ native no-auto-drop peer synchronizes Z; ordinary selected instance auto-drop leaves peer Z unchanged (0.173792ms)
✔ unrelated project edits and untouched instance metadata remain strict no-ops (3.057542ms)
✔ native auto_drop survives both archive and JSON roundtrips and rejects forged nonboolean values (9.714209ms)
✔ brim ears and imported text regeneration frames follow shared edits in model coordinates (958.814167ms)
✔ native matrix rules match independent unchanged C++ Selection method in all six cases and both auto-drop states (27.569792ms)
✔ nonconflicting edits to different shared volumes merge instead of overwriting one another (15.906875ms)
✔ native parts normalization does not create false peer conflicts from absent empty override arrays (37.847459ms)
✔ mirroring synchronizes linked instance handedness without detaching shared paint or indexed geometry (35.265958ms)
✔ all 19 original native geometry captures preserve travel/wipe solids, corner angles, endpoint positions and bias through the adapter and GPU buffers (8.572375ms)
✔ native Travel takes its actual tool color in Tool mode; Wipe retains native yellow (0.593917ms)
✔ source fallback does not acquire native travel tubes and its three-component extrusion HWA receives zero bias (1.012459ms)
✔ source object and region memberships reject global options and decode native percent/vector values (52.046709ms)
✔ object edits propagate within one native group and part edits remain independent (1.284667ms)
✔ joining a group adopts its settings; changing role requires a visible normal part (1.105458ms)
✔ one native object owns shared volumes, sorted Layers then Instances, painted/height flags and assigned plate root (61.113041ms)
✔ a missing native extruder key omits the range row while retaining Layers and untouched metadata (1.096625ms)
✔ cut connector predicate hides processed connectors and exposes dedicated selection even when volumes collapse (17.495875ms)
✔ native source categories exclude restricted roles, parent-equal layer height and unsupported scope keys (0.436917ms)
✔ object selects current-plate instances; instance chooses one group; part row follows selected instance (44.836708ms)
✔ cross-plate instance selection switches plate explicitly; object selection stays on that plate (17.14775ms)
✔ printability is per instance or all shared instances and survives strict native 3MF roundtrip (215.150791ms)
✔ native action reset preserves extruder and object-only part compensation, applies linked parts atomically (0.585458ms)
✔ layer reset retains extruder and restores parent layer_height without modifying other ranges; stale rows reject (29.219041ms)
✔ unchanged pinned C++ predicate and SetIdx reference match exhaustive connector/type combinations and renumber labels (5.4245ms)
✔ role icons, inherited filament values and reset action availability follow native volume roles (0.304125ms)
✔ Hide/Show preserves native printability and other instances, and does not mutate the source (1.411083ms)
✔ native 3MF preserves all four painted channels and exact mirrored two-edge subfacets (369.268333ms)
✔ raw 3MF safety gate rejects dangerous malformed native facet trees before the CLI sees them (227.709417ms)
✔ mirrored subfacet regions coexist with centered native brim frames and project persistence (145.312458ms)
✔ geometry edits preserve valid facet correspondence or clear painting when topology changes (112.050125ms)
✔ project service rejects missing painted filament slots and helper-volume paint (519.904542ms)
✔ original native all-plate extruder collection: default-one (0.853958ms)
✔ original native all-plate extruder collection: volume-role-and-paint (0.239958ms)
✔ original native all-plate extruder collection: nested-painted-subdivision (0.081541ms)
✔ original native all-plate extruder collection: global-support-and-raft (0.055583ms)
✔ original native all-plate extruder collection: object-raft-zero-stops-inherited-support (0.077917ms)
✔ original native all-plate extruder collection: object-support-overrides (0.056625ms)
✔ original native all-plate extruder collection: wall-surface-fallbacks (0.043125ms)
✔ original native all-plate extruder collection: object-wall-surface-fallbacks (0.043292ms)
✔ original native all-plate extruder collection: height-ranges-and-tool-events (0.0525ms)
✔ original native all-plate extruder collection: only-instance-zero-is-contained (0.076292ms)
✔ original native all-plate extruder collection: tool-event-outside-instance-zero-still-counts (0.044792ms)
✔ original native all-plate extruder collection: empty-model-does-not-count-events (0.033959ms)
✔ project adapter matches native exported part roles, object-level ranges and explicit filament slots (0.353375ms)
✔ shared families retain original first-instance containment across active-plate requests (0.115334ms)
✔ unresolved or malformed global settings cannot silently produce guessed collection (0.196666ms)
✔ editor context copies and normalizes only bounded native palette/property/event data (0.805584ms)
✔ editor context rejects invalid or mismatched native properties and event assignments (0.222167ms)
✔ job snapshot retains resolved defaults and strips event commands without guessing missing values (1.013041ms)
✔ native smart default changes only between single and multi extruder categories (7.921666ms)
✔ native viewer preferences retain visibility and copy mutable arrays across reloads (0.273167ms)
✔ unsupported remembered native capability falls back to feature without fabricating data (0.187875ms)
✔ optional editor statistics and custom overview validate capabilities, bounds and provenance (1.862291ms)
✔ bounded preview snapshot failure remains explicit without blocking the slicing pipeline (0.241292ms)
✔ native schema rejects non-finite geometry, invalid adjacency, names, colors and unbounded output collections (4.105416ms)
✔ native render IDs, raw commands and per-endpoint geometry remain distinct from old parsed indices (3.00775ms)
✔ native adapter refuses missing, incomplete or out-of-range command mapping and unavailable modes (0.956458ms)
✔ native fetch requires matching full source bytes and provides explicit fallback on unavailable/error/mismatched output (206.965375ms)
✔ all-plate association ignores only selection state and binds every nonempty plate (4.197959ms)
✔ geometry, project settings, native preset edits and default tower positions invalidate old cohorts (1.21475ms)
✔ embedded selected tower vectors share a cohort only when the complete source project matches (0.53175ms)
✔ association normalizer rejects forged/malformed descriptors and returns defensive copies (0.70925ms)
✔ ordinary multi-plate projects use the complete native project request instead of losing other plates in STL upload (21.526958ms)
✔ native range, retained hidden ticks and enabled geometry match 94 compiled original cases (7.213959ms)
✔ stationary events keep their original vertex and source line without inventing a segment (0.661125ms)
✔ top-only playback keeps lower geometry gray until the full native endpoint is reached (0.276333ms)
✔ native ID selection is independent of spatial indices and control input is bounded (0.583333ms)
✔ native shortcut composition counts hidden event ticks and crosses layer ranges with original vertex identities (0.836ms)
✔ scalar reference retains original source provenance and four distinct visibility combinations (6.164417ms)
✔ all seven scalar colors match original C++ for every native motion/event and Travel/Wipe combination (4.594ms)
✔ scalar ranges honor Travel/Wipe controls but retain normal-role and Custom native range semantics (0.487792ms)
✔ PA before its first command is gray and absent from the native range; native raw cursor values remain exact (0.3185ms)
✔ additive capability preserves old helper compatibility and rejects malformed scalar collections (7.519583ms)
✔ tower worker validates result and bounds output (1121.481666ms)
✖ tower worker cancellation, queue limits and deadlines clean temporary geometry (265.62275ms)
✔ tower request preserves geometry, invisible objects and per-plate native placement without mutation (5.135959ms)
✔ linked instance zero order is preserved even when objects are interleaved across plates (8.159625ms)
✔ native assignments include height ranges, support and valid nested paint, never topology-unsafe facet strings (3.4695ms)
✔ malformed plate geometry, missing extruder heights and wrong printer technology fail explicitly (7.190875ms)
✔ all source reference requests stay reproducible and response identities/counts are checked (6.71625ms)
✔ renderer matches all original native cube bands exactly, including float division and vertex order (5.944375ms)
✔ variant scopes are distinguished from ordinary profile vectors and native differences exclude metadata and hidden settings (5.646542ms)
✔ malformed editor context is rejected before catalog or native process access (1.300292ms)
✔ embedded native settings drive bed dimensions and process values independently of catalog matches (15.190292ms)
✔ embedded slicing merges current process edits into a snapshot without mixing catalog overrides (1.656125ms)
✔ catalog native export carries ordered filament slots and validated process edits (0.384541ms)
✔ native request preserves source snapshots and forwards process decisions without accepting arbitrary hidden edits (6.546167ms)
✔ reads actual OrcaSlicer 2.4.2 project settings, production components, names and exact surfaces (97.882417ms)
✔ native archive roundtrip preserves plate-local geometry, part roles, per-object overrides and filament slots (262.320917ms)
✔ native plate grid and filament merging preserve independent arrays and reject ambiguous profile vectors (4.1895ms)
✔ native parser rejects unsafe XML, component cycles, missing meshes, duplicate IDs and excessive instancing (236.634458ms)
✔ nonprinting build instances remain visible project geometry with their native printable flag (102.61825ms)
✔ connection credentials are omitted and invalid assignments fail before export (7.837625ms)
✔ native layer events preserve pauses, color/tool changes and multiline custom text per plate (184.290583ms)
✔ server archive safety rejects embedded post-process commands in every native settings carrier (165.367458ms)
✔ native service matches installed preset names without silently substituting missing names (238.490708ms)
✔ native service validates embedded settings and catalog overrides as separate explicit modes (408.745708ms)
✔ single-plate preparation preserves local placement, slot order and plate-specific events/tower values (306.05325ms)
✔ object/part setting membership follows native static config classes and rejects global-only controls (33.836666ms)
✔ native service rejects host hooks, unknown settings, mismatched slots, invalid events and build-volume errors (271.148542ms)
✔ native filament colors are complete when imported metadata omits them, and unsafe nozzle mappings are rejected (161.024917ms)
✔ fresh GUI project color metadata survives strict preparation while invalid vectors are rejected (151.890709ms)
✔ one active Prusa import and at most four pending are shared fairly (68.438667ms)
✔ queued cancellation removes its entry immediately without starting its task (1.495958ms)
✔ queue time consumes the same deadline; expired entries never execute (72.882208ms)
✔ actual import helper shares the global queue across callers and reduces child timeout after waiting (148.897708ms)
✔ Prusa inspector identifies exact importer route and reports only native-whitelisted model metadata (291.000541ms)
✔ Prusa inspector rejects malformed facets, XML entities, unsupported provenance paths and host scripts before executing native code (193.89675ms)
✔ Prusa bridge requires pinned executable identity and cleans its private directory on failure (10.325625ms)
✔ Prusa bridge shares one deadline and abort signal, and rejects oversized or malformed output (61.864333ms)
✔ strict project preparation and native serialization retain physical-nozzle tables, multipliers and assignments (411.022333ms)
✔ strict project preparation rejects a single table for multiple physical nozzles instead of discarding a table (129.739ms)
✔ embedded and catalog slot resize preserve two nozzle tables and enforce native minimum physical-nozzle slots (71.507042ms)
✔ C++ literals preserve units, escaped text, adjacent strings, constants, and unknown expressions without execution (1.162958ms)
✔ extracts only authoritative membership, native enum aliases, page groups, and dependency references (3.073292ms)
✔ fails on missing member definitions and reports unresolved metadata instead of guessing (0.69625ms)
✔ known hidden process changes are accepted only through an applicable source-derived correction (15.049291ms)
✔ declining a native group applies only the native alternative and retains existing hidden values (6.355042ms)
✔ arbitrary values, duplicate decisions, unknown scope, and cross-scope proposals are rejected atomically (11.528834ms)
✔ stale current values and forged proposal signatures cannot change hidden settings (8.356208ms)
✔ automatic proposals apply only when requested and preserve native scalar/array shapes (133.235042ms)
✔ plans are defensive and exact current native values normalize equivalent display shapes (43.862666ms)
✔ native tower disable follows smooth warning then clumping warning only when keeping the disabled tower (137.778125ms)
✔ precise Z, wrapping and geometry edit dialogs preserve no-op acceptance and revert choices (148.753875ms)
✔ only native i3 by-object and Simple support-type edit conditions produce their dialogs (10.215791ms)
✔ infill rotation warning requires the first nonempty edit and an unsafe native pattern (53.190584ms)
✔ layer edit uses all printer limits and permits the native ignore choice before passive correction checks (47.815458ms)
✔ long-retraction native warning is an acknowledgment-only event and does not alter configuration (30.944542ms)
✔ process Copy captures object then part overrides without global defaults or later source mutation (74.146166ms)
✔ process clipboard scopes and single-source bounds match context-menu availability (8.773292ms)
✔ native process Paste updates every destination part atomically and preserves filament, other groups and source snapshot (9.763083ms)
✔ source-defined compensating object options survive native part storage while part editor validation stays region-only (24.978834ms)
✔ selected layer copying accumulates and overwrites equal bounds; root copy replaces; draft index survives sorting (48.396ms)
✔ layer Paste preserves destination equal-bound values and adds overlapping ranges to every grouped part (5.70425ms)
✔ unions declared keys and value types without mixing machine/process keys or exporting values (115.691041ms)
✔ excludes metadata and user presets, warns on malformed JSON, and keeps scanning (51.006834ms)
✔ CSV quotes keys correctly and exports a stable order without adding unseen GUI options (29.393417ms)
✔ schema membership and native UI ordering are complete for the pinned 2.4.2 process source (1.927375ms)
✔ legacy process overrides retain their native representations and invalid-value rejection (6.036625ms)
✔ float-or-percent settings retain unit semantics and use authoritative native ranges (0.912416ms)
✔ complete native enum values and readable labels come from source definitions (0.244875ms)
✔ native vector options remain vectors, strings are bounded, and profile plumbing is rejected (1.269792ms)
✔ post-processing host scripts are disabled by default and only an explicit caller opt-in permits values (1.487583ms)
✔ native defaults fill only when requested, preserving legacy sparse display behavior (38.188875ms)
✔ native project/import/slice and delete-all mappings are distinct from browser defaults and old duplicate alias (1.052416ms)
✔ native tools, camera views and arrow increments respect Prepare context and modifier combinations (1.406542ms)
✔ modal, composing, handled and text-editing keys cannot mutate the underlying scene (0.158834ms)
✔ delete all preserves project attachments, plate definitions and presets while clearing geometry/custom events/calibration as one immutable state (0.333792ms)
✔ Cut clipboard keys leave text fields, modal editors and non-Prepare pages unchanged (0.138792ms)
✔ SVG request has bounded self-contained source, strict fields and no font or host path (10.896917ms)
✔ SVG worker bypasses font resolution and shares bounded queue cancellation and stdout validation (167.713917ms)
✔ standalone native SVG retains exact embedded source and frame through web/native roundtrip (106.683042ms)
✔ native SVG source grouping, world-scale tessellation and paint-loss consent preserve placement (4.7185ms)
✔ SVG unchanged close is exact source/settings comparison and invalid attachments reject (0.225416ms)
✔ native surface frame follows independently expected upright bases including bottom and angled faces (1.731417ms)
✔ standalone native creation rests on bed and roundtrips native text editing data without a placeholder (292.6925ms)
✔ native engraved or modifier text adopts its object group without mutating the source and supplies only normal sources (6.732792ms)
✔ native creation rejects detached per-glyph/surface modes and invalid attachment before submitting a worker job (0.11ms)
✔ unchanged native settings preserve semantic zero defaults and do not hide an actual edit or font substitution (0.199958ms)
✔ native tool reference retains source identity, enabled speed profile and excluded CoG release switches (8.702375ms)
✔ native tool marker appears only after scrubbing begins, remains on return to full range, and hides without paths (0.167375ms)
✔ tool properties preserve seam geometry but use previous native vertex outside Feature view and never invent PA (1.170875ms)
✔ native format, float accumulation and profile boundaries retain exact source behavior (0.603125ms)
✔ native default hotend mesh normals and marker matrices match compiled original source (12.317417ms)
✔ native hotend asset rejects truncation, forged counts and nonfinite coordinates (2.292209ms)
✔ user-preset projection validates native scopes, metadata and dangerous settings before the helper (26.19175ms)
✔ ordinary native values are canonicalized while explicit dependency empties and nil strings stay meaningful (39.666792ms)
✔ full native vectors retain distinct material/nozzle/stride-two alternatives (1.952042ms)
✔ expanded vectors require complete bounded unambiguous source identities (0.539083ms)
✔ expanded arrays cannot silently fall back to a different variant or truncate machine mode pairs (0.417459ms)
✔ ordinary native one-value/default vectors remain accepted without invented identities (0.197333ms)
✔ slot growth/removal and native import expansion preserve whole variant groups and reindex ownership (12.286042ms)
✔ PA generator ordered geometry/extrusion/feed calls match independent pinned C++ source fixture: three-labelled (151.81575ms)
✔ PA generator ordered geometry/extrusion/feed calls match independent pinned C++ source fixture: full-labelled (25.499916ms)
✔ PA generator ordered geometry/extrusion/feed calls match independent pinned C++ source fixture: eight-absolute (7.9895ms)
✔ native line speed truncation, bed-height clipping and optional labels stay source-defined (44.83075ms)
✔ source template context handles modern expressions and legacy placeholders without changing source values (1.663792ms)
✔ PA line inputs reject malformed booleans, unmappable labels, small beds, firmware retraction and context-dependent filament code (8.966875ms)
✔ postprocessing replaces only the verified carrier body, emits real PA/feed/extrusion and removes stale estimates (36.805042ms)
✔ absolute extrusion output resets before generated paths and before native end code (24.531917ms)
✔ measured PA line result is bounded to actually printed lines and writes fixed PA native fields (12.052542ms)
✔ PA line generated motion limits and pressure commands follow native firmware syntax (19.57575ms)
✔ Bambu PA carrier boundaries preserve templates and generated native tag style with identical motions (34.582041ms)
✔ PA pattern geometry/extrusion/feeds match original compiled C++ source calls: three-relative (37.143667ms)
✔ PA pattern geometry/extrusion/feeds match original compiled C++ source calls: full-absolute (10.367917ms)
✔ batch cross-product ordering, native settings and nonoverlapping complete footprints are preserved (14.50325ms)
✔ bounded batch inputs and unsupported hardware/settings fail before producing calibrated geometry (4.151334ms)
✔ empty speed/acceleration lists use source optimal flow speed and acceleration fallback (1.572917ms)
✔ native output verification tolerates feed deduplication/progress but rejects changed or missing physical commands (228.219167ms)
✔ manual PA pattern results preserve fixed-PA settings and the source-tested range (8.243959ms)
✔ native Bambu Z tags verify the same exact source-generated four-layer PA pattern (51.5105ms)
✔ PA batch adds plates without splitting source speed/acceleration combinations or overlapping full footprints (39.011292ms)
✔ complete and selected archives retain four commands per plate and local handle positions (367.545833ms)
✔ imported complete multi-plate pattern permits plate selection but rejects edits anywhere in the bound scene (1616.108958ms)
✔ display clipping caps preserve nested holes, disconnected shells and exact plane orientation (63.327125ms)
✔ world transforms and on-plane edges retain accurate sections, while invalid open contours fail (3.732084ms)
✔ view-aligned clipping fixes camera-facing normal and moves through the selected world bounding sphere (3.7105ms)
✔ circle cursor is the actual world-radius plane and sphere stays isotropic on a scaled model (6.807667ms)
✔ height cursor uses real transformed mesh contours at the pointer range and clamps the upper limit (4.39975ms)
✔ smart-fill hover retains current leaf states while selecting exactly the committed original-facet footprint (92.491417ms)
✔ bucket and pointer hover preserve existing state boundaries and agree with committed changes (61.968416ms)
✔ unequal subdivided shared edges have no false contour and partial sharing retains only uncovered intervals (1.465833ms)
✔ clipping, overhang restriction and angle changes use the same selector constraints without metadata writes (6.678416ms)
✔ hover targets only the actual visible normal part in the selected native object (1.0245ms)
✔ hover brightens each existing state RGB by the source 1.25 clamp and ignores the requested new paint state (1.069541ms)
✔ fill renderer replaces and disposes prior hover geometry without retaining old object highlights (2.631ms)
✔ native right-button and Shift erase states retain navigation for color paint (0.814708ms)
✔ modifier wheel steps native float controls, bounds and clipping priority without inventing zoom actions (1.008875ms)
✔ native vertical and horizontal constraints operate in pointer screen space and start afresh after a miss (1.244917ms)
✔ native object height paint visits every visible normal part while leaving unrelated groups, plates and helpers intact (263.049292ms)
✔ ordinary brush targets the actual normal-part hit and never joins strokes across different meshes (0.644709ms)
✔ height cursor draws both native object parts at a common world range and preserves scene data (3.855583ms)
✔ checked-in inventory validates and every feature has an actionable acceptance and test plan (171.012625ms)
✔ rejects duplicate IDs, unknown statuses and missing acceptance or planned tests (2.165958ms)
✔ verified rejects code-only and mock/unit-only evidence, even with an existing file (47.764958ms)
✔ verified requires passed acceptance evidence and an existing matching native/manual reference (2.145458ms)
✔ rejects references outside the repository and code inspection labeled as a passing test (6.749583ms)
✔ a later native acceptance failure prevents verification based on a historical pass (1.431666ms)
✔ reports recorded and passing evidence separately without turning test plans into executed tests (3.063125ms)
✔ exports deterministic CSV and Markdown with escaped cells and does not mutate inventory (3.182666ms)
✔ CLI --check is read-only and fails invalid inventory without generating reports (114.426833ms)
✔ plate scope excludes hidden, nonprintable and other-plate objects; unused slots do not disable compensation (22.4985ms)
✔ mixed XY alone or mixed Z disables every axis; equality uses native exact values and get_at first-element fallback (23.010125ms)
✔ subdivided color leaves, modifier base slots and declared height slots participate; negative and support-volume slots do not (35.071209ms)
✔ native feature precedence respects walls/infill gates, modifier intersections and height-range intersections (3.764916ms)
✔ print-wide brim forces wall region use, raft suppresses brim, and support/raft/enforce include both support slots (2.592417ms)
✔ tower uses native pre-dedup gate and selected-plate spiral flag; layer tool events never add shrinkage slots (1.416875ms)
✔ unresolved materials, invalid percentages and malformed painting fail explicitly (1.521333ms)
✔ catalog resolver deduplicates requests, restores slot order and ignores displayed first-slot vectors (1.787958ms)
✔ catalog resolution reports failed/missing settings and propagates cancellation (0.36425ms)
✔ native modifier extents retain Z separation and use ancestor unions for chained candidate regions (1.302375ms)
✔ sparse catalog settings resolve structured native percent defaults before region validation (0.441708ms)
✔ camera-space arrows project inverse-view movement to XY without renormalizing the vertical component (6.826833ms)
✔ camera arrows and material digits are context guarded; Shift+A is not the old incorrect deselect alias (2.379791ms)
✔ native 500 ms filament sequence distinguishes a delayed 1,10–16,7–9,and default0 with cancellable timers (0.309375ms)
✔ object material assignment updates every selected group and normal part while preserving modifier overrides and geometry (0.449584ms)
✔ part default inherits the parent; modifier0 stays inherited and negative/support parts cannot receive materials (0.107667ms)
✔ out-of-range and empty-selection assignments leave the project untouched; object0 resets to first filament (0.082708ms)
✔ native printable toggle makes mixed selected groups uniform and leaves part selections unchanged (0.107833ms)
✔ native dependency metadata retains both explicit list and dormant expression (0.868667ms)
✔ inheritance distinguishes an omitted dependency from a deliberately empty list (7.001ms)
✔ dependency metadata is bounded and cannot carry settings, execution policy or wrong-scope fields (0.694958ms)
✔ native Set semantics normalize all or zero checked entries to All without changing conditions (0.272292ms)
✔ selection context uses the native machine-model vendor and capability resource, not preset names or folders (130.333542ms)
✔ missing native capability property or file matches native false; malformed resources remain explicitly unresolved (97.979875ms)
✔ capability model IDs cannot traverse paths and absent resource roots remain unresolved (74.471791ms)
✔ custom frozen machine selections retain native model context and wrapper metadata stays defensive (46.672ms)
✔ editor inspection requires a paired helper with an explicit inspection response (91.196209ms)
✔ resolves inheritance within the vendor and preserves native arrays without mutating sources (2.63425ms)
✔ resolves multiple parents left to right and supports unambiguous cross-vendor inheritance (0.293125ms)
✔ rejects missing parents, ambiguous parents, cycles, and unknown IDs (0.713416ms)
✔ catalog defaults and compatibility follow actual native presets (54.16675ms)
✔ compatibility is conservative about unevaluated expressions (15.253292ms)
✔ process overrides use native types and reject unsupported or invalid settings (1.012667ms)
✔ editing another setting preserves the selected preset layer defaults and unsupported native values (51.773458ms)
✔ native vectors replace their value without becoming nested extruder arrays (0.334833ms)
✔ option geometry exactly retains original C++ float vertices, normal vectors and outward triangle winding (2.159875ms)
✔ native marker instances use worker HWA/bias and platform scale, retain event IDs and dispose GPU resources (1.853375ms)
✔ preview renders invalidated frames once and remains idle until a new change (1.248083ms)
✔ preview drains OrbitControls damping including change events without an endless animation loop (0.247333ms)
✔ disposed previews cancel pending frames and cannot draw into a detached canvas (0.150458ms)
✔ 44 layer/move/single-layer transitions match independently compiled pinned native methods (3.198292ms)
✔ preview key predicates protect editing, modal dialogs, composition, already-handled keys and browser Alt navigation (0.548875ms)
✔ one-layer backup, thumb crossing and native wheel platform predicates retain exact clamp behavior (1.536375ms)
✔ command stops group real arc/acceleration subdivisions and never mix display indices with native vertices (0.285792ms)
✔ native segment topology is eight logical vertices/eight triangles and connected corners preserve float turn angles (2.145541ms)
✔ native role and mm3/mm changes insert phantom endpoints instead of joining unrelated scalar paths (0.679958ms)
✔ endpoint dimensions can vary within a source path while each top stays at its commanded Z (0.09975ms)
✔ missing data, arcs and omitted stationary extrusion events cannot silently join solid paths (0.339917ms)
✔ prime tower placement expands native vectors by plate and preserves other plate coordinates and process overrides (17.95675ms)
✔ embedded tower edits retain project metadata and native fallback coordinates while invalid input cannot mutate a project (0.813333ms)
✔ automatic native adjustments resolve dependent options without accepting confirmation choices (82.009833ms)
✔ native capabilities and filament count affect process constraints independently of UI search (5.716667ms)
✔ accepted vase choices materialize visible edits and retain exact hidden native decisions for submission (30.383834ms)
✔ declining vase preserves the hidden source, while stale or injected decisions are rejected (19.8095ms)
✔ legacy scalar arrays and flattened project scalars share signatures and do not cause repeated corrections (28.715375ms)
✔ pinned source covers every machine and filament membership and exposes native groups (4.868916ms)
✔ all editor native defaults round-trip with native scalar/vector shapes (1.710709ms)
✔ point and polygon normalization follows Config.hpp native JSON serialization (8.0205ms)
✔ validators reject wrong scopes, overflow, malformed vectors, unknown enums, and unsafe imports (0.614209ms)
✔ ordinary machine and filament G-code strings survive exactly; native vectors replace instead of nesting (0.1265ms)
✔ native project closed enums include serialized bed, mapping, and nozzle choices (0.168792ms)
✔ selection is transient while geometry, settings, plates and metadata affect saved state (2.611291ms)
✔ initial native preset resolution does not dirty an empty unnamed document (0.115ms)
✔ project roundtrip preserves geometry, transforms, visibility, plates, selection, presets and metadata (4.866542ms)
✔ projects reject duplicate IDs, missing plates, nonfinite coordinates and nonpositive scales (12.00325ms)
✔ project restore repairs stale selection and handles an empty project (0.271ms)
✔ 3MF ZIP escapes XML and contains transformed vertices plus a complete restorable web project (30.964666ms)
✔ 3MF default export honors active plate and visibility; allPlates expands only visible objects (5.9625ms)
✔ current full embedded vectors remain untouched when native import needs no added slot (0.724084ms)
✔ native material expansion repeats last material, preserves old purge cells, and derives new cells from first load/unload pair (0.517209ms)
✔ malformed material contexts fail explicitly (0.415125ms)
✔ missing current display color uses the pinned native project default before adding the native cycle color (0.383834ms)
✔ imported multi-nozzle material expansion retains every nozzle matrix and multiplier (0.329167ms)
✔ native Prusa conversion retains parts, exact frames, material assignment and facet indices (3.101625ms)
✔ mirrored native Prusa instances preserve outward winding and precise source geometry (0.735125ms)
✔ Prusa model conversion rejects unsupported process activation, malformed frames and missing material slots (1.0225ms)
✔ catalog context maps material ID lists into the stable project preset identity shape (0.497ms)
✔ Prusa ignored metadata roundtrips as inert bytes and reports native filtering (1.395041ms)
✔ Prusa provenance rejects unknown fields, unsafe paths, collisions and noncanonical base64 (4.92025ms)
✔ Prusa provenance archive rejects missing, extra, duplicate and oversized manifests (0.600541ms)
✔ Prusa provenance enforces exact cumulative16MiB and entry-count limits (9933.2795ms)
✔ native nozzle-major tables and multipliers preserve distinct source values (1.533667ms)
✔ adding material retains each physical table and fills only new transitions from first load/unload pair (0.473541ms)
✔ removing a material preserves nozzle boundaries and all unrelated values (0.2205ms)
✔ adding a physical nozzle initializes its full table independently and defaults only its multiplier to1 (0.138916ms)
✔ known native unused four-material defaults normalize, while arbitrary malformed layouts fail (0.468916ms)
✔ native displayed-volume and raw-volume rounding preserves multiplier semantics includingzero (0.201084ms)
✔ typed project settings permit the bounded native64-material dual-nozzle matrix beyond the generic vector limit (5.8395ms)
✔ raw native warmup preserves original mesh resources, part metadata and embedded assets (756.722416ms)
✔ native merged material vectors control initialization, including embedded slots after slot one (122.765625ms)
✔ multiple build instances of one source resource receive distinct appended instance IDs (25.070083ms)
✔ raw warmup rejects unsafe scripts and missing native plate membership before slicing (41.964833ms)
✔ raw context follows native single-volume extruder normalization without mutating the source (4.376625ms)
✔ raw settings resolution preserves native arguments, cancellation and bounded output validation (149.465667ms)
✔ non-native3MF normalization uses a relative archive export, preserves source input and shares the deadline (289.833167ms)
✔ Prusa configuration carriers cannot silently enter the BBS-only CLI normalization path (15.571625ms)
✔ retraction uses pinned native tower height, nozzle layer height and writer schedule (8.126291ms)
✔ relative E changes pre-wipe distribution and balances old retraction across layer anchors (3.656292ms)
✔ zero-length retraction with no hop emits zero E for wipes and matching unretractions (23.436334ms)
✔ wipe capacity moves excess retraction before the wipe rather than increasing its physical E rate (11.356625ms)
✔ absolute E coordinates preserve deposition deltas through changed retractions and G92 resets (1.739209ms)
✔ unproven native couplings and invalid ranges are rejected explicitly (13.571833ms)
✔ missing native guards, unknown body retractions and incomplete wipe data fail closed (1.061458ms)
✔ Bambu wipe and custom role tags preserve retraction bookkeeping and leave end macros untouched (0.680084ms)
✔ object transform proxy uses a common pivot and keeps every native part aligned (6.56225ms)
✔ explicit part edits preserve other world surfaces and clear the obsolete shared frame (1.5325ms)
✔ object duplication gives an independent group and part duplication intentionally stays grouped (3.974292ms)
✔ arrange, center, drop and place-on-face move whole groups without shifting negative volumes independently (2.435667ms)
✔ mirror and cut invalidate baked group frames while preserving native roles and settings (6.125875ms)
✔ native volume roles use translucent materials while normal parts retain filament colors (0.142291ms)
✔ disabled, manual, normal tree, organic tree, and raft support states match native conditions (10.105333ms)
✔ ironing and support-interface dependencies include the native solid-interface rule (9.213ms)
✔ infill conditions preserve native overwrite order, pattern restrictions, and rotation-template behavior (2.985916ms)
✔ vase mode produces a reviewable correction group and never mutates user input or decides its native dialog (4.887667ms)
✔ prime towers use machine type, vendor, purge mode, and wall shape without guessing missing vendor context (7.651ms)
✔ line widths, acceleration, and jerk depend on native extrusion and firmware settings (2.937667ms)
✔ smoothing, scarf, support styles, and native GUI numeric corrections keep exact boundary behavior (1.263291ms)
✔ filament pressure advance, cooling, heater bounds, and machine capabilities follow native conditions (2.010667ms)
✔ coverage distinguishes evaluated fields, missing native context, and remaining native behavior (0.762375ms)
✔ machine vendor, multimaterial, and firmware rules expose native supported controls and options (1.856417ms)
✔ machine extruder controls use native variant maps while preserving per-extruder differences (5.0305ms)
✔ firmware retraction conflicts preserve the actual native confirmation and alternative without silent edits (1.612542ms)
✔ nullable filament override states preserve inherit values, disabled checkboxes, and variant differences (2.248916ms)
✔ project bed selection and material temperature recommendations follow native tables (4.823791ms)
✔ SEMM nozzle edit confirmation requires an actual edit context and keeps both native choices (1.380917ms)
✔ supported process controls use native enum, boolean, percent, and numeric representations (1.857042ms)
✔ rejects unknown, non-finite, fractional integer, out-of-range, and invalid enum settings (0.361583ms)
✔ display values reflect native preset values, including false strings and vector speeds (20.30325ms)
✔ only a positively advertised native initialization capability suppresses the raw CLI diagnostic (1.453167ms)
✔ second-apply archive reuses exact geometry/settings and places only a second instance on the internal plate (429.052458ms)
✔ warmup activates only for exact installed version and nonunity used-slot compensation (493.607041ms)
✔ painting, brim auxiliaries and layer event/filament sequence metadata survive both initialization instances (77.107625ms)
✔ adapter returns target plate1 only and removes all internal files (359.152417ms)
✔ adapter rejects missing or extra plate outputs and cleans temporary data without publishing a download (1068.343875ms)
✔ adapter rejects mixing initialized embedded settings with external preset flags (2.905375ms)
✔ cancelling native initialization deletes partial outputs and never publishes plate1 (103.308416ms)
✔ single-volume native import exposes the material the actual native importer uses (238.817958ms)
✔ explicit inspector single-volume material survives native export despite stale parent metadata (123.845625ms)
✔ explicit part-editor single-volume material survives native export despite stale parent metadata (19.312042ms)
✔ multi-volume groups retain a distinct parent material and independent part choices (85.934667ms)
✔ passes explicit machine, process, filament and isolated data paths to native CLI (2.380834ms)
✔ preservePosition opts out of automatic native arrangement and orientation without changing the default (0.083167ms)
✔ cancelling a slicing operation removes native partial output and working directories (133.003292ms)
✔ concurrent native adapters isolate identical output names and preserve each input result (418.243ms)
✔ drains large stdout while slicing instead of blocking on a full pipe (289.4895ms)
✔ reports child failures, missing output, and multiple plates without choosing arbitrary G-code (1869.374042ms)
✔ terminates timed-out and cancelled processes, including a process ignoring SIGTERM (216.148667ms)
✔ health detects missing binary and identifies the configured executable (353.414583ms)
✔ 100 concurrent writes remain valid JSON and survive reopening (410.411584ms)
✔ restart durably fails queued and slicing jobs and preserves completed jobs (3.874542ms)
✔ concurrent deletes and updates commit in call order without losing unrelated jobs (8.014583ms)
✔ input, returned values, and read snapshots cannot mutate stored jobs (4.438125ms)
✔ corrupt or structurally invalid indexes reject initialization without overwriting data (9.172041ms)
✔ an unreadable index error is surfaced instead of being treated as an empty index (1.000541ms)
✔ failed atomic replacement preserves memory and disk, removes temp files, and allows retry (7.423625ms)
✔ serialization failures leave the previous index intact and do not poison the write queue (7.98125ms)
✔ conditional transitions serialize cancellation against completion and preserve terminal jobs (7.289375ms)
✔ support preview uses only actual support extrusion and preserves source layer/path metrics (5.147875ms)
✔ preview lifecycle polls and downloads only its created job and does not cancel completed work (62.30275ms)
✔ cancellation during creation waits for its ID then cancels only that job; polling cancellation is bounded (4.317583ms)
✔ preview errors retain native validation text, cancel an active polling failure, and bound G-code reads (13.464458ms)
✔ text outline counters remain closed and exact em scaling controls volume and dimensions (64.251834ms)
✔ multiline text alignment, spacing and world-normal rotation are effective geometric operations (10.925625ms)
✔ emboss and engrave create coherent native groups, preserve existing part geometry, and edit in place through transforms (6.684125ms)
✔ text validation bounds workload and rejects invalid geometry parameters without silently substituting (46.69475ms)
✔ text regeneration preserves placement after repeated object/part rebasing and face placement (9.075583ms)
✔ native brush increase, fixture 0, matches independently compiled C++ at every control point (1.113666ms)
✔ native brush decrease, fixture 0, matches independently compiled C++ at every control point (3.725ms)
✔ native brush reduce, fixture 0, matches independently compiled C++ at every control point (0.18775ms)
✔ native brush smooth, fixture 0, matches independently compiled C++ at every control point (0.266875ms)
✔ native brush increase, fixture 1, matches independently compiled C++ at every control point (0.200375ms)
✔ native brush decrease, fixture 1, matches independently compiled C++ at every control point (4.204166ms)
✔ native brush reduce, fixture 1, matches independently compiled C++ at every control point (0.477167ms)
✔ native brush smooth, fixture 1, matches independently compiled C++ at every control point (0.31875ms)
✔ native brush increase, fixture 2, matches independently compiled C++ at every control point (0.097667ms)
✔ native brush decrease, fixture 2, matches independently compiled C++ at every control point (0.100333ms)
✔ native brush reduce, fixture 2, matches independently compiled C++ at every control point (0.364709ms)
✔ native brush smooth, fixture 2, matches independently compiled C++ at every control point (0.063375ms)
✔ native brush increase, fixture 3, matches independently compiled C++ at every control point (0.134417ms)
✔ native brush decrease, fixture 3, matches independently compiled C++ at every control point (0.0665ms)
✔ native brush reduce, fixture 3, matches independently compiled C++ at every control point (0.152917ms)
✔ native brush smooth, fixture 3, matches independently compiled C++ at every control point (0.096125ms)
✔ layer brush protects native first layer, closed range margins and max/min saturation (1.152ms)
✔ empty profile initializes a real editable native curve while malformed brushes reject (0.431583ms)
✔ band-local reset converges toward the configured height and smooth preserves distant points (0.286584ms)
✔ the first brush preserves native height-range initialization, including guarded range bands (0.119375ms)
✔ adaptive and smoothing match independently compiled native cube quality 0 (5.041458ms)
✔ adaptive and smoothing match independently compiled native cube quality 0.25 (12.647791ms)
✔ adaptive and smoothing match independently compiled native cube quality 0.5 (9.2985ms)
✔ adaptive and smoothing match independently compiled native cube quality 1 (1.273333ms)
✔ adaptive and smoothing match independently compiled native pyramid quality 0 (3.5175ms)
✔ adaptive and smoothing match independently compiled native pyramid quality 0.25 (1.407708ms)
✔ adaptive and smoothing match independently compiled native pyramid quality 0.5 (1.174417ms)
✔ adaptive and smoothing match independently compiled native pyramid quality 1 (1.047917ms)
✔ profile boundary validates scalar pairs, finite heights, order, native first height and current normal-part height (1.135375ms)
✔ source layer limits fall back for zero bounds, include default layer height and preserve raft semantics (3.479875ms)
✔ adaptive source incorporates sorted height ranges and smoothing keep-min never increases a point (41.171ms)
✔ native profile codec uses model-object indices, preserves decimal values and refuses malformed metadata (0.5545ms)
✔ profiles roundtrip over component groups and selected plates, including joint height-range metadata (100.59825ms)
✔ server preserves profiles and rejects stale geometry/first-layer changes instead of native silent fallback (96.96575ms)
✔ VFA follows native model, height, spiral settings and preserves selected volumetric limits (9.863292ms)
✔ VFA honors native first layer, gradual slowdown and whole-number speed rounding (2.762875ms)
✔ VFA rejects invalid ranges, oversized towers and speed-dependent unsupported native settings (2.49825ms)
✔ VFA changes only outer-wall feedrates with relative extrusion and preserves modal travel (2.248416ms)
✔ VFA changes only outer-wall feedrates with absolute extrusion and preserves modal travel (0.50075ms)
✔ VFA rejects mismatched native baselines, missing object boundaries and unit changes (10.002917ms)
✔ Bambu native role and layer tags retain identical scheduled moves without rewriting the tags (1.820375ms)
✔ bounded ZIP64 reader accepts stored/deflated small files and regular ZIP remains compatible (4.967125ms)
✔ ZIP64 rejects oversized counts, integer overflow, directory lengths and multi-disk metadata before inflating (2.115791ms)
✔ ZIP64 rejects missing/truncated extras, overlapping directory bounds, forged expansions and inconsistent headers (31.815917ms)
ℹ tests 973
ℹ suites 0
ℹ pass 971
ℹ fail 2
ℹ cancelled 0
ℹ skipped 0
ℹ todo 0
ℹ duration_ms 34475.932375

✖ failing tests:

test at tests/unit/native-arrange-worker.test.js:5:1
✖ arrangement input/output/console bounds and whole-operation deadlines reject stalled helpers (271.809542ms)
  AssertionError [ERR_ASSERTION]: The input did not match the regular expression /output size limit/. Input:
  
  'Error: Native arrangement processing timed out (including queue wait)'
  
      at async TestContext.<anonymous> (file:///private/tmp/orca-implementation/m26-prime-tower-stage/tests/unit/native-arrange-worker.test.js:5:255)
      at async Test.run (node:internal/test_runner/test:1113:7)
      at async Test.processPendingSubtests (node:internal/test_runner/test:788:7) {
    generatedMessage: true,
    code: 'ERR_ASSERTION',
    actual: Error: Native arrangement processing timed out (including queue wait)
        at unavailable (file:///private/tmp/orca-implementation/m26-prime-tower-stage/server/native-arrange-worker.js:13:42)
        at Timeout.<anonymous> (file:///private/tmp/orca-implementation/m26-prime-tower-stage/server/native-arrange-worker.js:55:45)
        at listOnTimeout (node:internal/timers:608:17)
        at process.processTimers (node:internal/timers:543:7),
    expected: /output size limit/,
    operator: 'rejects',
    diff: 'simple'
  }

test at tests/unit/native-prime-tower-transport.test.js:6:1
✖ tower worker cancellation, queue limits and deadlines clean temporary geometry (265.62275ms)
  AssertionError [ERR_ASSERTION]: The input did not match the regular expression /cancelled/. Input:
  
  'Error: Native arrangement processing timed out (including queue wait)'
  
      at runNextTicks (node:internal/process/task_queues:65:5)
      at listOnTimeout (node:internal/timers:569:9)
      at process.processTimers (node:internal/timers:543:7)
      at async Promise.all (index 0)
      at async TestContext.<anonymous> (file:///private/tmp/orca-implementation/m26-prime-tower-stage/tests/unit/native-prime-tower-transport.test.js:6:409)
      at async Test.run (node:internal/test_runner/test:1113:7)
      at async Test.processPendingSubtests (node:internal/test_runner/test:788:7) {
    generatedMessage: true,
    code: 'ERR_ASSERTION',
    actual: Error: Native arrangement processing timed out (including queue wait)
        at unavailable (file:///private/tmp/orca-implementation/m26-prime-tower-stage/server/native-arrange-worker.js:13:42)
        at Timeout.<anonymous> (file:///private/tmp/orca-implementation/m26-prime-tower-stage/server/native-arrange-worker.js:55:45)
        at listOnTimeout (node:internal/timers:608:17)
        at process.processTimers (node:internal/timers:543:7),
    expected: /cancelled/,
    operator: 'rejects',
    diff: 'simple'
  }
